mfcc_1,mfcc_2,mfcc_3,mfcc_4,mfcc_5,mfcc_6,mfcc_7,mfcc_8,mfcc_9,mfcc_10,mfcc_11,mfcc_12,mfcc_13,label
-349.37854,52.3824,-8.85816,6.372537,-8.588493,8.792961,2.598988,7.8006825,-0.5505193,9.2172985,10.704021,16.37122,14.983733,3
-363.598,49.06646,-8.634185,10.601698,-9.905052,9.165816,-1.4224683,8.275226,-2.526036,9.91294,8.611097,15.839087,12.197832,3
-350.0728,50.654297,-9.846224,7.089751,-12.943428,7.5655866,0.59718436,9.573232,-2.4268386,9.327165,8.54919,15.922858,12.895616,3
-351.01785,51.905502,-11.019196,2.6293273,-11.636314,6.2319145,3.2459621,8.407377,-1.0093508,8.870161,11.71367,15.629916,14.592668,3
-321.59317,58.797836,-14.974872,-5.4994416,-16.651566,3.752087,4.0515423,5.8118176,-4.005813,9.449664,13.572712,16.375458,14.490077,3
-357.86005,46.33946,-9.266401,10.575332,-11.357005,8.08649,-0.5972582,9.092294,-2.8050072,10.319858,8.997338,16.312798,12.780108,3
-364.85132,52.213703,-7.9956894,9.835501,-9.442406,10.531899,-1.3176142,7.797969,-2.1501136,9.121414,8.265244,16.421427,12.397028,3
-340.61737,54.44123,-10.858201,1.9788073,-12.983988,5.792132,2.7334259,7.8867254,-2.1612134,9.164512,11.877027,16.07991,14.24716,3
-346.90854,49.822357,-9.821689,7.4980683,-14.927134,5.8421836,-0.29448447,8.482782,-3.976202,10.39562,9.037819,17.366085,13.049046,3
-346.26553,50.473427,-13.571482,4.96146,-10.784355,6.336768,0.7966537,6.727912,-5.344624,7.1112294,8.500561,16.32293,12.519408,3
-342.15982,66.50909,-9.069423,-0.5047929,-11.3122425,1.8512652,-0.83916247,5.5394316,2.3967254,9.774381,12.7585,20.091637,17.242626,3
-310.83044,60.145576,-16.219572,-8.332139,-19.288363,2.42907,4.187648,4.90169,-5.7087812,9.398263,14.639605,17.189432,14.737903,3
-328.12018,56.46617,-13.686574,-2.820579,-15.700634,4.5135803,2.899051,5.9970255,-3.5723944,9.479636,13.267912,17.699812,15.289457,3
-337.82654,65.76247,-10.856509,-2.545965,-11.593016,2.8171558,-0.8438076,5.262645,2.8714273,9.906797,12.072726,19.042671,17.266125,3
-354.0204,54.98795,-9.742066,5.460651,-13.169366,7.0741167,0.17970368,9.544872,-2.0788913,8.892969,8.288511,15.554473,12.334688,3
-351.53473,44.750237,-9.2996855,11.084229,-13.030732,7.2167206,-1.3792573,8.490705,-4.2650256,10.860123,9.151951,16.635931,12.300821,3
-327.15103,52.33859,-13.641415,-1.4504503,-21.548813,1.6156036,0.7602542,6.352015,-8.478349,8.618114,11.60086,16.39626,12.514506,3
-348.2403,51.419937,-10.845075,6.3794003,-12.702144,7.3375006,-0.46425748,6.22907,-6.7797046,7.0907326,7.9266677,14.9831085,11.80725,3
-326.22336,57.98476,-13.049355,-2.798394,-15.741625,3.7890332,3.2533526,6.2535934,-3.8685203,9.3153305,13.641276,17.20048,15.190455,3
-341.0361,55.03959,-12.4359455,0.33111903,-11.873551,5.7150917,3.8195305,7.078936,-1.612119,9.489037,12.455792,16.46964,14.833503,3
-356.2536,49.33459,-8.030536,10.524678,-11.575673,8.424063,-1.5069191,7.8458266,-4.0145526,9.918079,8.647862,15.74392,12.323191,3
-354.12656,39.83398,-10.10011,11.904452,-14.130215,6.405795,-2.2270997,8.281654,-6.6716056,8.523796,7.0420876,13.727401,9.7300625,3
-352.12814,47.965313,-12.177168,6.7529173,-12.215275,7.6090817,-0.57799023,7.29161,-5.281443,7.9986806,7.850445,14.630399,10.667618,3
-355.14243,40.19033,-8.580853,13.15458,-13.207253,8.143175,-1.4493546,9.064281,-5.0255117,11.032957,8.727001,15.28726,11.204678,3
-351.81815,47.069054,-9.187699,9.673067,-11.911422,7.2987285,0.7212481,8.672921,-2.8522365,10.65055,8.925088,16.499575,12.705633,3
-319.04684,57.495865,-15.97911,-6.6495814,-17.623257,4.1930842,4.0009875,5.3998733,-5.3020954,9.41377,14.719017,16.981909,15.538989,3
-305.13745,58.361168,-17.887545,-10.1784115,-20.509523,2.721067,4.473083,4.653766,-7.535158,9.476089,16.016293,16.319765,15.934008,3
-352.86676,47.564304,-9.840652,8.978411,-10.948542,8.3014,1.0143813,8.168957,-3.137554,9.825315,8.927672,16.743267,13.676107,3
-344.31842,47.589237,-9.10378,7.8713584,-16.449648,6.3019567,-1.0258151,9.160428,-4.195401,10.445984,9.575876,16.474009,11.831157,3
-353.2101,46.953064,-9.649676,9.911085,-12.368165,7.373557,-1.1699198,7.8311377,-4.911054,8.929193,7.587766,15.233289,11.661682,3
-346.49152,48.868103,-6.6748333,8.012202,-11.007252,5.7209663,1.8927727,8.076607,-2.0426822,8.559735,10.807769,15.016623,14.060082,3
-335.95428,51.269054,-12.229912,2.3323317,-12.941388,4.5790453,3.864158,9.2479925,-2.0395412,8.8916235,12.220847,16.714819,13.90327,3
-340.13742,47.824512,-6.1041408,9.785317,-11.46613,7.7989044,0.7923743,8.278878,-1.8631498,10.305634,11.18845,16.747375,16.641813,3
-330.40265,58.326103,-13.359577,-3.4158628,-15.668514,4.286748,3.618697,7.064434,-2.8750467,8.472771,12.521522,17.142115,15.688597,3
-335.8641,60.713715,-11.519132,-2.8217044,-16.366213,3.8827326,3.802469,8.49269,-0.68753994,8.8697,11.11115,16.781046,15.0809765,3
-337.20105,45.411186,-5.7356405,10.057106,-13.1511965,8.000277,0.38679695,8.706727,-2.5182996,10.4580145,11.3582535,16.747,16.691147,3
-338.60867,60.70603,-9.731142,0.4770957,-13.001057,4.982207,2.8335524,8.13169,0.23257925,8.390236,9.753627,16.364115,15.915111,3
-332.0543,53.020817,-12.166802,-1.8593162,-16.099674,8.819894,6.0248766,8.770172,-3.5585256,7.5794716,10.880476,15.422255,14.05531,3
-331.82773,52.055035,-8.951614,3.8195136,-14.998116,6.2107162,2.0933344,8.211351,-3.6755462,7.693687,10.059263,15.703856,14.786627,3
-332.8307,57.877262,-12.83572,-1.7675773,-13.449678,5.6349907,3.8142352,7.152267,-2.3016872,8.231494,11.822267,17.004957,15.681308,3
-340.61816,58.504948,-10.747716,1.0540922,-11.3819,6.084573,3.4405165,7.640918,-0.85175514,8.189587,10.474825,16.772907,15.974748,3
-337.95746,58.944317,-10.025207,1.5645301,-11.822295,5.0504737,2.380264,7.2749367,-0.9045181,9.242374,11.908229,16.770279,15.57213,3
-331.28415,49.86626,-8.362213,5.5728593,-14.975983,5.791056,1.7338805,8.232624,-3.3141534,8.674254,9.976025,15.9076185,14.705118,3
-346.66168,45.431915,-8.335499,7.8818817,-12.113589,8.127353,2.4904132,9.300152,-1.6551036,9.731374,10.222906,15.439515,14.963044,3
-334.6319,40.69526,-8.106003,8.984987,-15.510887,7.6053815,2.8060918,10.149689,-3.4861312,11.095389,10.709889,15.218956,15.889182,3
-331.74512,50.384518,-8.225116,5.216331,-14.779622,6.22932,0.84398496,8.046294,-3.4338903,8.318861,10.310844,15.965634,15.242908,3
-343.23114,47.682384,-9.217457,5.789465,-12.692901,8.320919,3.2918737,9.510611,-1.8953675,9.451287,11.22852,15.620197,14.983167,3
-330.388,48.30921,-8.029669,6.6093793,-15.3785,5.110351,1.0367427,7.8879147,-3.8273609,9.576409,10.801339,16.035757,14.597456,3
-331.5417,48.923157,-7.316166,7.7454786,-13.847959,5.888723,0.84912485,7.6904325,-3.6764057,9.2483225,10.547217,15.880485,15.184241,3
-346.74088,51.43027,-9.3561125,3.611139,-13.422633,7.1788044,3.0945606,9.865974,-0.9720164,8.811312,10.826852,15.308169,14.850409,3
-340.55167,41.13185,-6.524046,10.992649,-13.739058,8.119875,2.246403,10.167597,-2.6765444,11.082374,10.580238,15.101423,15.503792,3
-335.72733,44.041904,-6.198643,10.946237,-13.362629,5.781249,0.49758667,7.403184,-4.322759,10.619039,11.426482,17.136972,16.378801,3
-358.0189,46.442432,-8.325606,7.726964,-10.45426,7.676522,2.6082916,8.788758,-0.8063682,9.241394,10.445075,16.093529,14.953534,3
-353.5756,48.087624,-8.917006,6.4260516,-11.196497,7.623284,2.6793146,9.030179,-1.0340183,9.241999,10.561584,15.85605,15.460188,3
-331.5261,46.3373,-7.0568323,7.7354994,-15.393214,6.760941,1.8412187,9.55967,-3.6013658,8.938829,10.025177,15.571413,15.803706,3
-337.4896,44.77303,-6.931408,8.679127,-15.022037,7.597808,1.7089213,9.803993,-1.9935246,11.190233,10.70494,15.737769,15.556764,3
-330.1322,50.03824,-8.1255045,5.397624,-15.851822,4.6295114,1.8230227,8.078479,-4.0597167,9.206735,11.223509,16.666172,14.83532,3
-339.43314,46.494305,-6.4312663,9.704898,-12.01184,8.164218,1.3516133,8.754895,-2.2143457,10.132217,10.350967,15.976825,16.211113,3
-332.05383,43.989445,-9.288113,6.584979,-14.390165,8.056537,3.0937402,9.567881,-3.504582,9.970069,11.159325,15.179569,15.468574,3
-331.24396,47.989277,-7.9152603,7.4205465,-14.454669,5.1066713,1.7137798,8.040829,-4.2984943,9.940985,11.767527,16.541616,15.178291,3
-356.3193,44.117474,-9.405286,11.191751,-13.044631,6.514923,-2.6621208,7.309224,-5.736476,9.308092,7.3277607,14.334963,10.9079275,3
-336.43848,55.415127,-11.812168,0.23087831,-16.825571,6.3718395,3.3696384,10.280911,-2.6674573,8.625303,9.387677,15.311301,13.431553,3
-335.94678,53.86051,-10.804355,1.9457397,-12.937539,7.1442013,4.1026506,7.8437815,-3.4702024,7.1921024,10.470484,17.120066,16.171724,3
-332.71786,63.345905,-10.524885,-1.2373035,-12.054013,-0.19880962,-5.26125,3.723234,2.9872556,9.279622,11.96679,20.543322,19.091106,3
-341.40332,66.54547,-8.523707,-0.28454787,-12.4351015,-0.7091519,-3.2120216,3.900958,2.0432684,10.628424,13.565494,20.461824,17.85321,3
-341.1573,66.63908,-8.378774,-0.02177653,-11.916958,0.04597561,-2.571722,4.672033,2.199328,9.227323,11.889404,20.246105,18.50204,3
-320.61996,64.90201,-16.580053,-8.991538,-13.07261,1.9921844,-2.0875242,4.3055267,0.5824843,5.0546646,11.628247,21.442999,20.588993,3
-332.84927,53.517685,-12.374627,-2.0429456,-17.897173,7.503664,7.315766,11.814835,-2.6235087,6.662587,9.000653,14.816359,13.810531,3
-355.80927,50.161343,-9.174225,8.047331,-9.303749,9.4329605,1.4636673,7.7116394,-1.9741869,9.747025,10.017196,16.40294,13.577753,3
-358.97934,42.359886,-11.242902,9.883249,-14.37114,5.13504,-3.4793491,6.3234944,-6.8974104,7.91335,5.8919687,13.393426,9.103457,3
-336.54285,53.31035,-9.053031,3.9429834,-12.477015,7.699815,2.2447166,8.225785,-1.9211231,7.46563,9.808947,16.380623,15.239645,3
-341.51596,54.184025,-12.0188875,2.52275,-13.302128,7.5017176,3.299915,8.792418,-3.4663365,7.9325104,8.847234,15.389792,13.188806,3
-326.21698,61.35448,-12.257813,-4.847087,-18.538109,2.9661493,3.5540316,8.236496,-2.1644661,8.30186,11.453669,15.527161,14.221046,3
-335.82004,67.599236,-10.429594,-3.9198515,-13.877455,1.0785737,-1.635292,4.7184443,2.5907445,9.811685,12.482792,19.779829,17.376875,3
-321.97375,65.753624,-11.678698,-2.4253335,-10.592216,-0.29992768,-5.372285,3.2442088,2.4475374,7.6808467,11.44737,19.869377,18.869892,3
-317.9639,68.66012,-13.359042,-6.3399925,-11.486197,-0.45993292,-7.3632593,0.9109546,2.1966572,7.276368,11.646607,20.19458,20.851068,3
-340.3189,67.67779,-8.374141,-0.55028695,-12.130375,0.7570609,-2.181638,5.237686,2.3370852,9.47612,12.452229,19.598751,17.47215,3
-324.74475,57.03477,-13.5411625,-3.5444283,-16.92181,3.8349917,2.7741544,5.6713157,-4.924482,8.866161,13.895829,17.397968,15.449485,3
-350.06537,51.401524,-9.886125,6.8011494,-11.58252,6.9947968,0.53696847,8.0675745,-2.5475972,9.503452,9.898301,16.829689,13.876253,3
-337.94968,51.847263,-8.390665,5.7545447,-11.350202,8.25697,2.3693526,8.019838,-1.8174897,8.34746,9.5260725,16.18818,15.575197,3
-344.3736,58.023026,-8.842252,2.7016761,-11.497028,6.7230177,2.5773935,8.581076,0.6643487,9.007261,10.211352,15.840578,14.727928,3
-361.1308,49.523235,-8.960787,8.435534,-8.576762,9.811943,1.0342869,7.924336,-1.512708,9.070071,9.774976,16.277225,13.7604475,3
-338.2179,65.38085,-10.757263,-1.9803481,-12.11784,0.4884437,-1.9447948,5.010217,2.2727196,9.414168,12.291107,19.811108,18.386913,3
-335.7213,66.10412,-10.034084,-2.6346433,-13.554856,1.6076468,-1.9804485,4.4752364,1.5329388,9.520659,12.997612,20.672174,18.56405,3
-337.73615,65.85514,-9.778332,-1.8813422,-12.842344,1.4402227,-1.7025777,5.1132164,1.9841635,9.077002,11.966149,20.111692,18.297928,3
-338.48358,65.93302,-10.339867,-2.2514975,-12.366239,1.0894645,-1.9553471,4.100763,1.4555733,9.15021,12.465044,20.202658,18.676914,3
-349.05048,50.511692,-9.588863,6.627916,-12.083847,8.775214,1.2098517,9.05754,-2.3284488,9.260172,9.598127,15.823124,13.300394,3
-340.8172,55.474422,-9.902236,2.7619278,-11.584513,7.9783792,3.9179826,9.182354,-0.7343228,7.536204,9.356222,15.963157,15.493881,3
-356.07837,49.589603,-9.382176,7.6434784,-9.409133,8.516141,1.1919435,8.132222,-0.9535527,9.255288,9.126979,15.838697,14.29927,3
-341.40027,53.854992,-8.403627,5.0198774,-10.497771,8.540511,2.0487006,7.9905987,-0.9867091,8.154638,9.873415,16.16249,16.029776,3
-340.94244,66.7822,-10.483613,-2.6547794,-12.027286,1.5286875,-1.8960253,4.5507007,2.6929672,10.311844,12.919852,18.864174,16.782417,3
-328.6131,68.94341,-9.784127,-4.330951,-15.385742,-0.7800303,-4.505114,3.5968623,2.0256786,9.094285,12.532238,20.753567,18.349852,3
-342.6579,66.46607,-8.641421,0.33161816,-10.546992,1.7807729,-1.1466905,5.6454797,2.924533,10.3950205,12.939738,19.375967,16.84808,3
-342.59708,66.2417,-9.16157,-0.25923872,-10.858607,1.5460228,-1.4307206,4.4763136,1.6355238,9.590796,12.991678,20.149271,18.116158,3
-337.82083,66.56397,-9.293723,-2.0662878,-13.865034,0.37790513,-2.1014562,5.140739,2.236105,9.5330105,12.341982,20.43238,18.234715,3
-344.83527,66.33095,-8.241385,0.023752443,-12.479361,-0.42320067,-2.9487338,4.7567625,2.8114495,10.4656925,13.023164,20.131088,17.612986,3
-335.191,58.39763,-10.707748,-0.91615963,-15.354442,5.687868,4.023556,9.6496525,-0.69594085,7.7151995,9.817039,16.204054,15.42124,3
-349.98514,50.688034,-9.665858,6.5465417,-11.570702,8.151921,1.1885166,8.932829,-2.2068233,9.105212,10.17435,15.807436,13.470917,3
-308.97864,68.539444,-13.341779,-3.720109,-4.7850266,0.9633561,-9.440393,-2.1061213,0.30599937,4.919915,10.281721,14.991931,17.400484,2
-305.68173,43.618603,-16.519566,-1.9464645,-16.480179,13.428042,-4.819199,-1.3702432,-0.46681467,13.397387,4.3634973,18.276213,14.396565,2
-285.73294,50.01444,-20.783867,-10.104549,-14.725866,13.62733,-2.7650003,-4.854251,1.5322713,13.71755,4.528506,19.437742,17.928549,2
-297.2939,40.2297,-20.144272,-4.7561173,-16.032593,14.45716,-5.221267,-3.7589204,-0.94340485,11.715559,1.2361901,17.610504,14.146185,2
-277.39993,53.98505,-24.861973,-17.787481,-16.820885,13.469857,-1.2845842,-6.544511,1.606733,14.154034,5.000533,18.859272,18.289953,2
-297.2016,46.739788,-19.162556,-5.930318,-15.621376,12.974997,-4.757261,-2.3204803,0.7924243,12.637377,3.7771592,18.863384,16.202808,2
-292.003,42.08138,-18.745968,-5.2600713,-14.483836,15.851815,-3.6888032,-2.0326905,2.736275,13.525944,4.1341324,19.578424,17.000114,2
-301.082,44.094883,-17.34889,-3.8798368,-14.6610155,13.531007,-2.392797,-2.6674902,1.4051564,14.40254,5.085958,20.118912,16.716839,2
-300.71487,45.5671,-18.634531,-5.5468626,-14.57113,13.222695,-1.207066,-3.6336005,1.9259769,15.381829,5.1083584,21.084175,16.156187,2
-299.629,48.11783,-20.26213,-8.125419,-13.50096,14.13479,-1.0440683,-1.7484162,2.0501392,12.426367,4.887393,19.400852,17.783478,2
-298.231,46.707993,-18.90238,-6.717198,-16.188343,13.947302,-4.525625,-2.956235,0.7753158,13.5361,4.372623,18.818811,16.244678,2
-283.3846,51.208687,-21.404623,-12.932632,-17.42797,13.775896,-3.4041278,-4.6707397,2.2249892,13.8288355,4.166694,19.18241,18.118237,2
-300.29367,41.127373,-20.38294,-5.6951275,-16.799425,13.668072,-5.4959993,-4.2049336,-1.313077,11.823078,1.3107965,17.444027,13.798026,2
-283.9045,48.28523,-19.351168,-8.739218,-16.708174,13.788808,-2.813608,-4.5955396,1.3770534,13.698541,3.1838565,20.980326,17.622326,2
-305.0405,43.297283,-17.528118,-2.261131,-16.10199,13.0868,-3.1561792,-1.2353919,-0.027643565,13.461196,2.9693515,18.967531,14.228993,2
-306.99927,71.34517,-10.826694,-2.7097366,-5.4826355,1.0150359,-10.689323,-3.7140782,-2.6035185,1.7792343,8.329654,15.161128,17.525784,2
-286.03592,47.901733,-16.389145,-5.456722,-15.430072,15.195965,-3.2395105,-3.0577254,2.3573034,14.825063,5.3985453,20.70474,18.426453,2
-302.68582,69.10232,-13.57796,-4.002416,-3.6764143,0.6272081,-12.262831,-5.204531,-1.2162951,3.9530327,10.884733,14.966926,17.157356,2
-301.9489,41.777218,-19.050238,-2.470459,-13.792072,13.953054,-3.8916888,-1.5756336,0.3925628,13.161918,3.3091135,18.666828,15.163305,2
-296.75183,46.214626,-17.674515,-6.325522,-16.591805,14.482794,-2.5545654,-1.722834,1.6599063,13.776346,4.98683,19.189922,17.336542,2
-296.59213,36.575237,-21.498793,-5.238017,-17.3201,14.068398,-6.5350175,-3.9606392,-1.9305632,10.83793,0.97295207,16.680683,13.788272,2
-292.39325,43.128822,-18.713425,-5.2605624,-16.024473,15.590366,-3.4438229,-1.7073352,1.7467351,13.151761,3.125328,19.783995,16.739729,2
-301.32547,47.545918,-18.624477,-5.041349,-14.380189,12.871167,-3.8352017,-2.3471131,0.8392181,13.065116,4.8061295,19.485527,16.482546,2
-280.99252,47.0974,-23.419266,-9.994445,-12.818579,9.910219,-3.9347358,-5.411764,2.7632074,12.985167,3.8008785,21.524252,19.266247,2
-294.38568,52.069485,-21.355282,-11.607433,-14.548593,11.100097,-2.460524,-4.5715337,2.7247746,12.992764,4.6074376,20.207546,18.369362,2
-304.246,45.03389,-18.257227,-4.1515574,-15.198661,14.117539,-3.227376,-1.1346265,1.0386281,13.381167,4.3329506,19.602262,16.48268,2
-287.97455,48.12035,-20.596798,-9.758935,-16.536375,13.747928,-3.6931846,-4.691102,1.3475348,14.177258,3.8629096,19.841833,17.791727,2
-302.6343,41.222042,-20.515598,-6.1880717,-17.238132,13.462954,-4.895872,-4.271555,-1.2408161,12.819149,2.113054,16.748232,13.263019,2
-296.18817,47.524082,-18.966743,-8.02299,-15.633764,14.13221,-2.6957524,-1.7757126,2.763398,13.402006,4.6045203,18.99332,17.17044,2
-295.69543,42.477863,-19.287855,-4.3856835,-15.595885,14.239347,-4.3266506,-2.3496275,0.40365237,13.070156,3.1512985,19.082535,15.969377,2
-323.22528,66.89894,-12.450881,-1.4527973,-3.6762524,1.3913497,-8.525866,-0.82008284,1.9499254,6.1676407,10.046354,14.481881,16.683348,2
-289.0622,41.790108,-15.392464,-2.0174243,-14.4964075,17.938068,-2.1106355,-0.48181337,3.0353734,14.613928,4.434402,20.275833,17.043427,2
-287.0244,68.01393,-15.705097,-6.2877803,-5.073458,0.21809104,-15.379193,-2.263498,2.6713545,4.9474,11.860878,14.8875265,17.857964,2
-300.31735,46.762474,-18.621733,-6.8540382,-15.594743,14.068428,-2.3040192,-2.229869,1.9801736,13.667643,4.4001784,19.76148,17.044931,2
-290.84525,43.4474,-20.688347,-7.5147314,-16.230768,14.645833,-4.6529317,-3.5832605,0.502343,12.374435,2.6059854,19.053867,16.062483,2
-289.11426,47.553734,-19.855658,-9.150848,-15.72346,15.869439,-3.2150145,-4.047922,1.2957512,13.141091,3.5320888,19.041277,17.796461,2
-299.5775,45.25682,-20.240143,-6.81025,-15.312204,13.826628,-4.614612,-3.4817407,-0.84268403,11.215333,2.7701964,17.267082,14.712442,2
-300.52713,41.701347,-16.282696,-1.9533718,-15.002324,13.658876,-2.836034,-2.3097038,1.6175494,14.059644,3.4444318,21.169104,16.351986,2
-302.03888,47.17052,-18.944939,-6.858686,-15.772222,13.888652,-4.5815873,-2.9396656,0.889164,13.178447,4.8882613,19.089607,16.697407,2
-303.9819,44.166836,-17.200249,-2.5896595,-14.846968,15.019699,-3.477448,-2.4728832,0.3303384,13.592044,3.187566,19.498034,14.953729,2
-301.85214,40.46657,-15.841038,-1.5007585,-15.806754,14.746337,-2.8592603,-1.3575844,1.8665665,14.422091,3.961845,20.740007,16.31386,2
-297.1096,41.219364,-19.860332,-5.54117,-16.963745,13.988848,-5.766943,-3.7846036,-0.8891936,12.080393,2.093093,17.94443,14.888401,2
-300.44266,50.817146,-20.274778,-8.763153,-13.595191,13.349106,-2.3020606,-2.580488,1.9059507,13.051325,5.374123,18.752079,17.616531,2
-294.6867,42.67967,-19.632214,-5.75036,-16.649347,14.133341,-5.009013,-3.2484448,-0.06188763,12.565746,2.648939,18.138561,15.209856,2
-291.21463,44.852776,-18.989897,-6.610777,-15.926854,14.012059,-3.9853024,-2.9299212,2.4480808,13.731387,3.1382215,19.669882,17.557253,2
-303.05655,66.94036,-13.464235,-3.625132,-4.9040117,0.55283785,-13.045278,-2.3026626,2.0980053,6.906103,11.671377,14.122582,17.643162,2
-295.58435,47.438023,-19.564686,-8.263786,-15.524965,15.158674,-2.4696455,-2.1896565,1.2548201,12.494493,3.6915855,18.550085,18.120863,2
-304.02594,45.25156,-20.93911,-7.297636,-15.09582,13.5846815,-4.8388214,-4.2917466,-0.73627234,11.800176,3.2236853,17.284746,15.116059,2
-300.00613,46.524246,-17.972841,-5.643691,-14.250394,14.679286,-2.3698218,-2.5053594,1.254944,13.417244,5.156281,19.223534,17.262075,2
-299.8424,44.486954,-19.703472,-6.059799,-15.132509,14.822166,-4.0811114,-3.472674,0.45344582,13.021131,3.1580958,18.477922,16.022537,2
-293.61322,43.97217,-17.076231,-5.4304404,-17.436039,14.868314,-3.7005146,-1.6788224,1.8354486,13.747255,4.712335,19.998606,17.3547,2
-309.98257,44.25606,-16.476965,-0.5083035,-13.864787,13.967331,-3.8902702,0.5539136,-0.025504205,12.682832,5.2846656,18.252226,14.735203,2
-302.3292,43.167236,-15.899125,-2.788816,-15.628926,13.837944,-2.352331,-2.8144195,1.9730109,15.048944,4.139034,21.903847,15.995416,2
-300.33255,47.525852,-18.174976,-6.0011806,-14.345918,12.935331,-2.9681551,-3.3336215,2.3026364,14.349201,5.2283764,19.779139,17.188066,2
-309.63474,43.66723,-16.666508,-0.22041015,-14.529666,12.816806,-2.9102337,1.3815176,-0.16281994,12.577801,4.718741,17.827497,14.240966,2
-298.0446,44.014122,-17.299147,-4.839195,-16.488564,14.318304,-2.0563939,-2.544644,0.8090006,14.911364,5.175675,20.390043,16.66548,2
-297.36386,44.531532,-19.763346,-4.949124,-14.700597,13.038479,-4.092418,-3.889192,-0.29288077,13.554975,3.6044803,19.033716,15.913249,2
-295.127,47.41734,-18.712172,-7.1834292,-15.5439005,13.980005,-2.0590405,-2.4973574,1.3746859,13.748441,5.0726085,19.659336,18.072872,2
-294.88138,42.77653,-21.546303,-8.281124,-16.460033,15.3067465,-4.3953104,-3.06932,0.994043,12.701077,2.9575546,17.450716,15.212301,2
-299.40292,45.05577,-17.505823,-5.7371798,-16.006985,16.047102,-2.970925,-1.7353785,2.3998728,14.142818,4.253465,19.09582,17.018349,2
-294.53287,49.161522,-15.1787,-4.052482,-13.856147,16.00263,-2.1338217,-1.1055584,2.0391488,12.947625,5.4609833,20.180336,18.875883,2
-301.7508,52.206295,-15.352241,-3.2373688,-11.979978,13.003274,-3.2269504,-0.4839048,2.1735916,12.808827,7.900156,20.504826,18.27549,2
-296.47885,50.411404,-16.865839,-4.0082054,-11.092107,14.26758,-1.7860205,-0.83605397,2.7391443,12.716469,5.407757,19.412222,17.831575,2
-316.49014,46.471363,-13.797652,1.7438073,-11.590404,15.534102,-1.8392256,2.9416714,1.5781293,12.515682,6.5780478,18.580864,15.225307,2
-294.78308,46.14498,-18.726751,-6.7099714,-15.735036,13.794432,-2.4092886,-2.7553167,1.6491579,13.792441,4.757003,20.267092,17.121344,2
-310.9063,46.94103,-15.916491,-1.2268735,-12.443903,15.799337,-2.5224895,0.93235284,1.562718,12.758853,5.1154747,18.801552,15.391872,2
-316.20328,45.94727,-12.657619,2.8361845,-11.599621,14.698858,-1.8203888,2.058092,1.0232351,12.882099,6.5858974,19.129179,16.007149,2
-311.65646,51.661644,-16.277836,-2.5547268,-10.691531,13.310014,-2.399403,2.2512472,2.4538448,11.820269,7.5234885,18.404625,17.331173,2
-308.48813,45.058483,-15.965876,1.0107259,-12.272179,13.447421,-2.7369049,2.2754,0.9981914,12.358304,5.4491496,19.25144,15.1147585,2
-293.0537,49.42081,-19.185053,-7.828271,-15.520113,11.300151,-2.6437445,-4.11792,1.6121672,14.368479,4.7650104,20.255653,17.541828,2
-305.44418,48.17932,-18.325787,-2.6426766,-8.938058,15.258214,-2.0432694,1.1080859,4.1441402,12.894946,4.717807,18.13441,15.94241,2
-294.23315,49.332607,-16.490276,-3.775098,-12.116504,15.708039,-2.1034057,-0.79801446,2.2590652,12.78815,5.2824936,19.584124,17.71628,2
-307.18027,48.102295,-15.903345,-1.2024908,-10.6992855,15.520327,-0.9309558,2.2546065,2.248884,12.115508,6.436104,19.243723,17.487854,2
-289.04138,52.441273,-17.799421,-8.353226,-13.683708,14.958975,-2.0935981,-1.1842054,4.7468257,13.998602,5.049573,18.785051,18.227354,2
-295.50815,50.111015,-15.57093,-3.4077547,-12.852235,14.225322,-2.5389292,-0.33452648,2.8301256,13.502202,6.0023994,19.810236,18.23157,2
-305.35828,47.341408,-14.765009,-0.47199076,-11.861046,14.361392,-2.5069895,0.479674,1.858322,13.068647,6.766137,20.154152,16.840189,2
-311.07227,46.746784,-15.42657,-1.1841575,-14.658469,14.12637,-3.4144287,0.8197741,0.6976638,12.796268,5.35516,19.274036,15.00751,2
-283.7019,50.948315,-22.194208,-12.374196,-15.129799,13.319154,-2.1337996,-4.4981775,2.7947476,13.009022,3.055715,19.328194,18.60634,2
-312.65826,41.849915,-13.7658415,4.439432,-12.586995,14.802218,-2.490354,2.0534194,0.4306406,13.471096,4.9756193,19.750456,14.161543,2
-308.70056,47.195026,-20.79105,-4.2861233,-7.523726,15.851615,-1.3276845,1.0452255,4.6498494,11.931761,4.2068505,18.472647,17.233408,2
-292.92953,51.251007,-19.994167,-10.076344,-15.216715,12.59506,-3.5340557,-3.9695048,2.15004,12.715279,4.180445,19.141043,17.9873,2
-294.42474,47.973976,-19.645086,-7.763907,-14.564573,12.899666,-1.7454113,-3.8453822,1.4521472,14.011763,4.2249403,19.054256,17.35119,2
-316.3091,48.508987,-13.713734,1.1755568,-11.656464,14.647785,-1.1654263,2.1056762,0.8968945,12.353745,5.7019467,18.379208,15.593429,2
-309.21573,44.297108,-14.462612,1.6430601,-13.435949,14.649386,-3.4797873,1.353825,0.55700165,13.6121025,5.926972,19.14899,15.409708,2
-282.8383,49.174496,-21.172152,-11.975214,-17.20579,14.494364,-2.2775295,-3.6257434,2.3531282,13.610185,3.7201715,19.508177,18.065372,2
-299.09796,45.960167,-18.892168,-4.447528,-14.472428,13.804843,-3.2760966,0.24443178,1.8105916,12.403595,3.828374,19.029058,16.257294,2
-306.16653,47.71815,-15.349341,-1.0045152,-11.596796,15.059319,-1.3773946,1.1129626,1.9228705,12.816928,5.8937216,19.51055,16.832525,2
-297.1911,50.735313,-14.684939,-3.4488637,-13.347512,14.48719,-3.0662212,-1.2903348,1.5323621,13.145539,6.1444964,18.997639,17.970745,2
-292.61832,51.777588,-18.116358,-5.65827,-11.452984,14.584696,-1.1523647,-1.2419178,2.5084267,12.60936,4.5925283,19.684753,18.67992,2
-300.19214,52.089916,-15.888791,-4.964379,-13.409561,14.795059,-1.0392814,-0.49360886,2.090509,11.937111,4.4017134,20.142088,17.83238,2
-316.47293,46.887665,-16.052198,0.12089978,-11.012195,14.821237,-1.6196266,0.91368145,0.76064277,12.720489,5.5343513,18.947554,15.495577,2
-300.62842,48.339317,-19.113205,-7.1555037,-14.766432,12.975354,-1.4722047,-2.5127711,1.8551897,13.5992565,4.9648323,19.772758,16.824448,2
-315.96155,44.664886,-14.264182,1.3602167,-13.239325,15.317977,-1.6347375,2.1801615,1.4732308,13.581368,5.5598545,19.787088,15.484221,2
-285.76028,46.87007,-18.758974,-8.222295,-16.450024,14.908687,-3.823413,-3.9565187,1.050543,13.180991,4.831542,20.551342,18.174105,2
-313.8083,46.035538,-14.807438,1.062952,-12.831071,14.596221,-1.9785187,2.2016115,0.8656237,13.02723,5.6177363,18.686016,14.28807,2
-312.92294,45.723686,-15.684566,0.10189934,-12.908714,14.311668,-2.5689807,2.037051,1.7243888,13.406882,5.3498874,18.410654,14.835596,2
-284.5244,46.607742,-19.719934,-8.426084,-15.788065,14.893274,-2.772043,-4.3910494,1.2816899,14.063435,3.4751134,19.593292,17.62173,2
-307.39328,44.674503,-19.523874,-2.962385,-9.548128,16.612795,-1.8685017,1.0267302,3.5293264,12.382807,4.130613,19.03447,16.40766,2
-297.88675,47.342823,-18.011637,-5.840293,-14.352846,13.201676,-2.7221916,-2.6097586,1.576206,13.1336975,4.8246922,19.546862,17.468048,2
-308.33688,43.998993,-16.398493,-0.316582,-11.849329,15.971241,-3.862048,-0.8315398,1.6953654,13.7240925,4.87947,19.699842,15.818256,2
-307.12915,48.797626,-15.485411,-2.2470713,-11.276962,16.585577,-0.39896116,0.5281634,1.6612686,12.238494,5.854403,19.808956,17.336912,2
-296.32806,54.204365,-15.001896,-5.340894,-13.75694,12.981831,-2.0619802,-1.2275548,1.8136854,13.546254,7.9304266,20.510273,18.493105,2
-304.40475,47.742527,-16.181505,-1.2258552,-11.01084,14.785415,-0.9265129,0.99397296,2.243585,12.90094,6.123409,20.289627,16.812029,2
-293.62332,56.611713,-16.294525,-7.869316,-13.317833,12.556216,-2.8443036,-2.5931542,1.3231788,12.783953,8.175417,18.981552,18.304882,2
-293.78705,45.66909,-16.7613,-3.4227016,-13.46361,15.523086,-1.0825896,-0.9732935,2.7882807,15.157327,5.8414116,20.091438,17.47005,2
-302.72787,51.991608,-18.347195,-8.2222,-15.062796,12.001431,-1.3125978,-1.5229818,2.217336,12.979373,5.6424766,18.702324,17.518995,2
-312.88474,46.88961,-15.85959,-0.8881476,-12.602613,15.43314,-1.0234685,1.6648784,0.61502695,12.586837,6.187347,19.618649,15.46235,2
-303.60345,49.85642,-17.960487,-5.301148,-13.675699,14.53124,-1.4031471,-1.1427455,1.6935332,13.765902,4.9799113,19.84624,16.72109,2
-309.71948,48.133434,-14.805526,0.28690907,-10.131717,14.617369,-1.4324964,1.7761583,1.3554391,12.473581,7.9299345,18.6757,16.593105,2
-304.76395,47.621403,-15.586947,-1.0160198,-10.811268,15.144329,-1.912127,0.93873566,2.0138638,12.542286,6.396494,19.46169,17.042261,2
-308.47006,48.3249,-18.481228,-3.8378654,-11.166943,15.169963,-2.1902173,-0.11076494,1.9352131,12.166133,5.2697496,20.061844,17.053268,2
-314.1483,48.90331,-15.556114,-2.137678,-13.277972,16.290329,-0.1542345,1.8670709,1.4359541,13.074937,5.350331,18.63693,16.144264,2
-298.12607,46.3003,-18.324903,-6.3643904,-14.976896,14.411736,-2.3803685,-2.626701,2.2716312,13.251322,3.8638942,20.154705,17.361235,2
-286.10406,47.12732,-20.543718,-6.819007,-10.848163,15.046141,-2.1346414,-1.5002823,4.394741,13.714848,5.0940065,19.90783,19.095285,2
-295.8355,53.389816,-17.929695,-6.7976966,-10.887708,14.32253,-1.9827354,-2.147513,2.3840468,11.723357,5.4585433,20.300749,19.659576,2
-309.8474,46.400276,-14.812902,-0.25666204,-11.788045,15.958369,-1.6697451,1.5771164,2.0082502,12.509046,6.376099,19.879446,16.747133,2
-299.75226,49.589867,-16.112074,-3.0207367,-12.189398,14.444161,-2.3124166,-0.9606349,2.5882874,13.3366375,5.2294846,20.4506,17.246893,2
-301.9703,50.199932,-17.48595,-4.971355,-11.074626,14.669941,-1.6030358,-0.89350444,3.5150604,14.192649,6.7677484,19.29485,18.396503,2
-295.40298,45.374275,-14.87994,-2.2346387,-14.148807,15.696864,-2.073524,-0.7573497,2.3006027,13.771114,5.3089476,20.593542,17.838501,2
-305.73776,44.00909,-16.062088,0.19386302,-13.619036,14.255486,-3.2962837,1.2146105,1.2313567,13.547316,5.3606706,19.323112,15.68198,2
-290.3752,46.543964,-19.467075,-7.806773,-15.263671,14.883451,-2.6477287,-3.5862136,1.9615895,14.354325,4.6847644,19.389372,17.534082,2
-310.98892,44.887398,-16.235132,-0.6742665,-14.222604,13.8005705,-3.0030787,0.6092551,0.5442523,12.98653,4.2860117,18.687143,14.355331,2
-287.5851,46.893513,-19.779032,-8.19278,-15.263721,14.063658,-3.1393704,-4.1713524,1.6315235,14.261905,4.398435,19.585793,18.837532,2
-309.04175,52.74502,-15.176576,-3.1156845,-11.930098,13.634438,-1.2243863,1.2045056,1.2813559,12.261336,8.941221,19.341642,16.584026,2
-319.4996,46.373898,-12.418152,3.5464292,-11.195522,15.076963,-1.2148719,2.6237636,0.7042104,12.598047,6.880355,19.22467,15.087245,2
-317.60135,48.08328,-12.332612,2.311812,-12.6127,14.141521,-1.7162585,2.6437943,0.41672322,12.058027,6.6696267,19.29439,15.719541,2
-312.86496,48.90754,-14.856109,0.5105629,-10.058516,14.573215,-0.55862737,1.6641238,0.721005,11.848609,6.4960237,19.016508,16.42232,2
-279.8134,47.157856,-20.175184,-9.3270645,-15.858683,14.329944,-4.0507426,-4.358472,2.2648528,13.678745,3.3727992,19.215906,18.23315,2
-315.48935,45.13808,-14.9367695,1.5431114,-13.3899145,12.909515,-3.1600804,1.5146545,-0.0561365,12.940586,5.477416,18.01619,14.575089,2
-286.98096,49.493412,-21.265314,-11.343304,-16.473577,14.052629,-1.79709,-4.369626,1.5179577,13.665628,4.075665,20.403694,18.201902,2
-307.11227,43.09618,-15.960014,1.0195942,-12.7511,14.493799,-3.5928113,0.5973664,0.87597865,13.072408,5.093649,19.678623,14.798356,2
-294.60532,46.52726,-15.791752,-2.1313574,-12.848071,14.473997,-1.9736834,-0.6609379,2.762936,14.0165,5.388257,20.46201,18.04294,2
-300.73987,50.27077,-15.906897,-4.340847,-12.434161,14.626406,-2.2423034,-1.100968,2.7353704,14.18553,7.133568,19.633894,18.331587,2
-305.0788,50.937027,-14.973268,-2.0250957,-11.15502,14.938428,-1.2599185,-0.32499713,1.3314363,12.298522,6.052034,19.194954,17.435478,2
-296.22107,44.16061,-15.935542,-1.8282435,-12.755565,16.318426,-1.1624753,-0.092774116,2.7972128,14.379558,5.354262,20.10629,17.598228,2
-289.2581,54.650883,-14.218931,-8.036389,-17.320288,12.982978,-2.620377,-3.1200552,1.0665942,12.879449,6.7229753,22.212128,20.191471,2
-315.37323,46.500595,-15.43784,0.013644581,-12.310302,14.9772005,-0.8386996,2.5925279,1.7959982,13.143245,4.7801065,17.83933,15.456878,2
-312.0532,41.674118,-15.071722,2.3953989,-13.8270645,14.216068,-3.353542,1.267116,-0.5646773,12.071257,3.6571598,19.154705,14.897938,2
-289.28387,48.57253,-20.066269,-8.621648,-14.248899,14.004935,-3.2805202,-4.4194713,1.9309095,13.605117,4.4092827,19.621698,18.02665,2
-306.78445,43.41911,-16.371397,0.40638486,-13.213702,14.36266,-2.363399,1.1960087,1.4776707,13.591684,4.063958,19.045044,15.064447,2
-290.2533,51.762344,-21.467873,-11.745613,-14.720262,12.922031,-2.0908298,-4.8336363,1.6574681,13.497829,5.139984,19.573002,18.249928,2
-315.77,46.517357,-13.720969,1.8546151,-11.493095,15.43839,-2.1868517,2.4330738,1.2231637,12.138409,6.4292607,19.221342,15.671614,2
-309.26865,48.220074,-14.241961,0.77599126,-11.247086,14.070597,-1.1383251,2.1868703,1.3203548,12.180387,6.189632,18.9108,16.609358,2
-297.29474,51.334232,-20.147076,-6.4671364,-9.836723,13.924843,-1.6833981,1.4823436,4.513439,11.680102,4.9458113,17.809515,18.688917,2
-301.9382,49.80526,-19.031239,-5.359668,-11.264774,14.381621,-2.2448878,0.5642855,3.3244472,12.7368145,6.0009775,19.231453,17.370865,2
-288.9946,50.58679,-21.947844,-12.003147,-14.976263,13.609311,-2.3071384,-5.217138,2.253824,13.658891,4.0371833,20.044516,18.702404,2
-307.72287,41.852745,-16.669546,0.44951564,-12.725024,16.244995,-1.9115268,1.7752748,0.8342114,12.718448,4.583982,18.936605,14.625865,2
-289.18066,46.30563,-18.9829,-6.406196,-13.920477,14.907493,-2.5139766,-3.7542882,1.2867888,13.428998,4.281227,19.984417,17.452995,2
-309.32697,42.549095,-15.940545,1.057315,-13.7632065,13.373733,-3.5805068,0.18855652,0.0714253,13.451535,4.6816154,18.901644,14.057464,2
-314.06464,44.572227,-14.944568,1.2371371,-12.447259,15.215301,-2.152124,1.9249363,1.4141858,13.219451,5.453875,19.487843,15.232766,2
-304.23325,48.643085,-14.904829,-2.4631968,-12.6689825,15.461469,-0.9434957,0.23203178,2.485711,13.823721,6.3554354,19.526669,18.226398,2
-291.96164,46.17041,-16.728098,-4.092622,-13.735626,15.927545,-1.1248043,-0.9019609,2.8227248,14.497749,5.1942177,20.08388,17.752136,2
-290.58942,51.291023,-14.994572,-5.78913,-16.392754,14.670159,-1.8230863,-1.4033351,1.7339042,12.689923,3.7845724,19.409061,16.859098,2
-291.04474,50.27248,-15.543199,-5.0725894,-13.9342375,15.281573,-2.2673976,-3.0656905,2.4964337,14.37439,5.3154697,21.418093,18.453808,2
-298.316,50.904167,-19.694176,-8.927173,-14.272164,13.440263,-0.8012425,-1.9808973,2.2070515,13.504021,5.740098,19.255844,17.727745,2
-303.41467,49.130554,-18.686539,-5.768174,-14.361334,13.688021,-2.5609424,-0.5619076,1.1600204,13.040036,5.317604,18.14373,16.181322,2
-298.091,44.758156,-18.502178,-5.6204767,-15.095527,14.112326,-2.3715892,-2.7589612,1.4447442,14.924345,6.131922,19.734333,17.827139,2
-302.4179,47.7811,-18.215315,-3.8119156,-13.367697,12.69935,-3.925078,-0.8478952,1.154141,12.653149,5.2866755,18.81948,15.810882,2
-293.4492,46.07764,-18.011635,-5.5726533,-15.016514,13.948544,-2.5394654,-2.6564224,1.7637942,13.909243,4.645972,20.164839,16.844852,2
-312.9677,47.88806,-14.435816,0.5357351,-12.401923,14.379499,-1.520942,2.0723388,1.0959898,13.3418865,6.891821,18.876596,15.119998,2
-317.6808,48.932865,-13.901587,0.5581814,-11.41215,14.1966095,-1.4382664,2.3702304,1.3564906,12.113256,6.5449343,18.47019,16.150871,2
-302.30585,50.97329,-17.047853,-4.234589,-11.560557,14.10728,-2.0791292,0.1946647,1.9214919,12.046636,6.345422,19.53525,17.609077,2
-300.3179,52.286903,-15.535614,-4.30223,-14.417222,11.749856,-2.9477127,-0.6970747,1.6911443,13.227952,6.534366,20.670988,17.773987,2
-316.29538,49.895203,-13.430825,0.59839594,-11.02451,15.020123,-1.9103519,1.7994817,1.0738512,11.864866,6.859154,19.105207,16.702566,2
-314.368,47.15737,-15.960528,-0.057665586,-10.266803,14.976643,-1.1204586,1.8599116,1.7138443,12.430045,5.701133,18.551975,16.174316,2
-289.85046,47.876266,-18.17375,-6.706545,-15.515315,13.656646,-2.6865869,-2.7125852,2.0608435,14.5431795,5.184903,20.042221,17.45779,2
-308.87357,47.178967,-16.243635,-1.6830341,-13.817836,13.319847,-3.3572032,0.21935254,0.64812726,12.716352,5.885569,19.136631,15.165408,2
-297.53683,47.897606,-19.994331,-8.115624,-14.039018,14.228876,-1.4121333,-2.6574776,1.8602943,13.5825405,5.1067843,19.589165,17.625057,2
-305.24374,45.970375,-19.36158,-4.7375274,-13.163461,14.735306,-2.7521155,-1.3584316,1.3799225,12.855961,3.9928825,19.35193,16.275667,2
-290.7287,47.358395,-20.082136,-7.8727074,-14.339246,13.5568285,-1.4425573,-4.7397623,1.1146666,14.528946,4.6777787,20.455547,17.249083,2
-290.65225,47.297325,-15.9717045,-3.747714,-13.762919,16.142866,-2.2894738,-1.0890927,2.6916463,13.650395,4.9732757,20.94089,17.840084,2
-291.97275,46.036083,-18.658697,-5.482236,-12.268675,16.539186,-0.7709898,-0.824702,3.7147088,13.851065,4.8231745,20.048218,17.381557,2
-285.7016,54.425987,-15.803257,-7.77434,-15.498542,12.720436,-4.2351084,-4.2317333,1.7259277,12.787635,5.7890115,22.012276,19.692314,2
-296.38702,48.57648,-14.732731,-3.2775369,-14.698373,13.702312,-3.1009877,-0.72463626,2.6417022,13.83384,6.025901,19.71199,16.794003,2
-289.69604,54.3638,-19.043625,-10.752574,-14.266135,14.5363,1.201389,0.3303419,3.2484963,12.479822,5.9120393,18.147892,17.442087,2
-295.14688,50.68825,-21.015894,-10.386736,-14.496468,13.058994,-1.8839437,-3.5943758,1.8805238,13.836325,5.988144,18.870714,18.523102,2
-312.82037,45.459965,-15.053811,0.9394253,-12.89545,14.816326,-3.0882277,1.9415692,0.9772349,12.637469,5.2606745,18.618326,14.635448,2
-288.42862,48.241547,-20.386438,-9.392756,-14.856561,14.201239,-2.9345245,-4.6975894,1.4635736,13.424301,4.213512,19.4543,17.817438,2
-313.86533,48.51922,-16.97159,-1.8694115,-11.968237,14.336611,-1.8574153,0.25616544,0.6650182,12.619454,5.4439154,18.528812,14.771757,2
-311.4698,49.947758,-15.014529,-0.8451484,-10.660957,14.459594,-1.8162715,0.46180952,0.94516003,12.164839,6.8142595,18.882902,16.461208,2
-319.02173,48.076614,-13.523593,2.168546,-10.567669,14.297618,-1.3296459,3.4455047,1.5215238,11.867981,6.582997,18.16919,15.634117,2
-315.8915,46.948227,-12.953294,1.8230132,-12.498421,15.028919,-1.5172498,2.5891738,0.9149647,12.083306,6.398836,19.544178,16.092794,2
-313.56,47.54485,-14.425308,0.6827378,-11.035874,14.443278,-1.6025393,1.6965635,1.2088118,12.007543,6.7082,20.334845,16.81068,2
-313.136,47.7028,-17.954622,-3.7209113,-12.533213,15.708731,-1.9439181,-0.03232755,0.4701578,12.010694,5.1495857,18.152426,15.40726,2
-289.25162,50.177048,-20.454329,-9.611142,-14.204304,13.468087,-2.371522,-4.21142,1.9843678,13.439834,4.4470663,19.645943,18.082584,2
-309.51584,44.638374,-16.028784,-0.14959864,-13.736862,14.22664,-2.883538,0.79050267,0.8916514,13.66866,4.9850874,19.09652,15.365312,2
-292.43958,45.732628,-19.6215,-7.510737,-15.417301,14.862131,-2.8417885,-3.0244515,1.5670341,13.907062,4.9534154,19.64744,18.639463,2
-296.96265,49.86326,-15.780525,-3.7480853,-13.432151,14.409973,-2.2377393,0.3356888,3.229693,13.596542,5.6971874,19.357134,17.256256,2
-297.01532,47.90379,-15.901014,-2.6049325,-12.942671,14.182377,-1.6936579,-0.39571378,2.0311785,13.546769,5.789269,19.63515,17.119104,2
-293.24927,49.196213,-15.185534,-4.3597817,-14.3653755,15.122176,-2.711108,-1.7408097,2.6921012,13.046135,4.536003,21.742256,18.773203,2
-281.1052,49.49898,-17.739986,-7.1538763,-13.884003,16.034649,-1.9953521,-2.6087215,2.710145,13.384785,3.6864846,19.100327,17.621609,2
-275.17044,67.75724,-16.51673,-8.903922,-7.3154597,1.3018914,-16.051779,-0.2527323,2.4617138,3.4882638,12.489804,15.334797,19.915918,2
-297.63422,43.326416,-19.66932,-5.3116884,-16.309196,13.727162,-4.535295,-2.4835994,-0.85001624,11.842627,3.0185,18.30386,15.672716,2
-300.32333,44.726536,-17.900019,-5.6530285,-15.530324,15.7269125,-2.448122,-2.2278376,1.2838172,13.571037,4.8434553,19.933933,17.374678,2
-310.11624,46.4118,-16.728802,-1.4137406,-14.292205,12.751532,-3.2088397,1.3566505,-0.348769,11.327522,4.719857,17.816305,15.159765,2
-293.09756,48.438362,-20.08973,-9.256026,-16.43915,13.231786,-1.6684622,-2.8781853,1.708001,14.521795,5.2754827,20.028013,17.90274,2
-302.23682,38.366783,-20.02335,-4.9291353,-18.472702,13.404984,-6.576638,-4.192474,-2.1651745,11.36085,1.427781,17.38817,12.528988,2
-286.15207,48.139385,-19.619839,-9.375266,-15.754741,15.241539,-2.8303783,-4.443539,1.4183104,14.326514,5.169027,20.154844,17.617876,2
-299.6717,41.82652,-17.716772,-2.0708325,-15.340999,14.466358,-3.8936539,-2.031262,0.12198023,14.010873,3.6969943,20.159023,15.585582,2
-291.9086,49.02118,-19.865362,-9.034529,-16.563614,13.359331,-2.799937,-2.639931,1.4199256,14.052192,5.0286326,19.107506,16.665236,2
-299.06018,42.731915,-18.040434,-3.853561,-15.378652,15.96359,-2.8825386,-1.5270101,1.2153116,14.237536,4.068322,19.711891,16.504858,2
-299.52454,42.312077,-18.37954,-3.3759472,-15.509956,13.608062,-5.0392847,-1.9940972,0.96909946,13.317285,3.8782835,19.97377,15.570324,2
-283.13562,47.411884,-20.785078,-9.90188,-16.35387,14.92715,-2.3578026,-4.844606,1.3754967,14.000192,3.2729468,20.08863,17.498362,2
-296.1859,42.08197,-23.458296,-10.901276,-20.44614,10.296068,-6.890954,-5.7485533,-1.455607,10.510543,-0.11862532,15.855861,12.191952,2
-290.25348,49.094265,-19.91255,-10.224503,-17.225742,13.505467,-1.8820064,-2.8148525,2.7041068,14.723753,4.572028,19.332687,17.279398,2
-309.96252,41.76081,-15.66728,1.5420111,-13.88218,14.404785,-3.8528185,0.93693465,-0.19550216,12.286777,3.959366,18.23085,13.971142,2
-298.82306,43.80191,-17.656223,-4.8656206,-15.84296,15.243692,-2.4716618,-0.38361192,2.8646286,14.231498,4.564557,19.089039,16.603344,2
-292.86578,45.72445,-21.924355,-9.891867,-16.727497,13.80393,-4.658025,-3.49283,0.57442826,11.748174,3.2146916,18.108984,15.574085,2
-290.90237,72.141174,-12.50599,-4.216766,-3.9659936,-0.6079416,-14.203389,-5.0609426,-2.7950191,0.01661045,8.448621,14.271153,18.130829,2
-284.64542,49.779263,-16.727165,-5.8896194,-14.140539,15.46217,-2.016909,-2.2107868,2.4338377,13.462699,4.3034997,19.42632,17.850332,2
-294.74536,71.35788,-16.36256,-8.55538,-3.1558208,1.3706583,-13.42517,-7.001637,-1.574889,1.4759072,9.459969,14.669922,18.714617,2
-288.4184,47.90961,-17.094618,-5.0989437,-13.542988,15.550406,-1.382945,-1.2721083,3.0214832,14.311799,5.4246817,20.421276,18.220093,2
-298.20816,43.23237,-18.618443,-5.1965604,-18.74077,10.706923,-7.208208,-4.6171837,-2.2743983,10.90266,1.8481556,17.85047,14.307173,2
-284.8279,48.714798,-20.239695,-10.56705,-16.239496,15.445215,-2.6139455,-3.4077792,1.9125085,13.139216,4.5583725,19.350565,17.421238,2
-299.5462,45.591347,-20.786705,-5.230394,-12.890987,12.5129175,-4.2973127,-0.83729875,1.8571779,11.974539,3.496667,17.569141,15.98856,2
-297.78638,43.67985,-16.993608,-4.7058935,-15.942517,15.296325,-3.3064504,-1.8909569,1.6433245,13.684222,4.920433,20.024853,16.865067,2
-299.5819,44.691284,-17.203896,-3.4945579,-14.928664,12.719871,-2.396089,-2.8066802,1.1937063,14.0365,3.6430209,20.645657,17.281881,2
-294.23825,47.733475,-19.096575,-7.4824443,-15.820072,14.598114,-3.2138987,-2.2403347,1.4067448,13.304676,4.558211,19.437216,17.235209,2
-298.82883,43.582706,-17.80231,-2.7185836,-15.379811,14.1496315,-3.9094641,-1.6143535,0.06068799,13.39919,4.6429644,20.536406,15.681783,2
-298.8082,43.195667,-17.471895,-2.7019076,-16.079578,13.485273,-4.339112,-0.8417778,0.37863195,13.430234,4.759662,20.698965,16.270977,2
-294.84665,41.496754,-18.6384,-4.960205,-16.856243,15.706176,-3.879044,-2.1493778,0.8851509,13.902865,3.5958514,19.471315,17.1584,2
-306.30792,44.0044,-16.329838,-2.8849888,-14.359702,13.665044,-2.9228034,-1.7816045,1.7834558,13.710029,5.105891,19.752464,16.786036,2
-295.82388,49.025627,-19.050062,-8.167697,-15.287271,13.777627,-2.1451719,-2.3799183,2.2177107,14.120697,5.8247485,19.377556,16.99939,2
-307.95035,43.17039,-17.686653,-1.2865268,-13.373517,13.986698,-3.9745617,-0.0921652,1.0729915,12.461989,3.5602584,18.908682,15.527147,2
-275.9707,48.94956,-24.658085,-13.456446,-13.337511,13.732697,-3.3198283,-5.4097013,4.0283084,13.499414,2.468524,20.11495,19.440767,2
-298.89117,42.03812,-18.579674,-5.4810224,-18.739325,13.398811,-5.5259247,-3.5547268,-1.3505447,12.063357,2.519992,18.144207,13.782125,2
-284.7691,45.71804,-17.48381,-4.903273,-13.832803,16.582724,-2.171614,-1.8952726,2.5110488,13.531743,3.9054463,20.220463,18.172682,2
-283.61215,73.03537,-13.557995,-6.049396,-4.2699556,-0.2845966,-15.674505,-6.5318937,-2.6789382,0.24720132,8.635398,13.170904,17.760513,2
-286.48712,50.144375,-17.019054,-5.968217,-14.475712,13.237502,-2.1622736,-2.2598302,2.4210699,13.990789,5.12986,20.373346,19.583696,2
-284.03766,47.15859,-17.650162,-6.0465655,-14.481114,15.9062195,-1.777038,-2.1380787,2.497598,14.21175,4.594412,20.199238,18.460499,2
-276.16922,51.63506,-21.58645,-13.235984,-18.006407,12.475204,-3.1085362,-5.4008427,2.0663617,14.662418,4.4409647,20.001554,17.306643,2
-297.95984,44.63606,-21.358078,-6.985214,-13.464704,13.545598,-5.8826165,-3.9792507,1.1747243,12.627862,3.9020789,18.408611,16.242163,2
-289.7682,46.848217,-19.334158,-8.956835,-17.446592,14.66305,-2.6186295,-2.1280048,2.0845125,13.489025,4.3283405,20.066494,18.521519,2
-309.89743,41.05434,-15.33669,1.3192956,-14.532407,14.936645,-4.2776875,-0.099482596,-0.27816093,13.123287,3.7813683,18.39259,14.289568,2
-299.30164,45.1787,-18.575157,-5.6133714,-15.95173,15.048846,-3.063456,-2.3960733,0.655598,13.687402,4.294364,20.345936,16.94995,2
-301.81244,48.209904,-17.39481,-5.2242694,-16.12612,13.271383,-4.5606823,-2.6927412,0.40717518,13.836549,5.9214716,20.498499,17.193167,2
-296.98004,42.14985,-17.61747,-2.9428918,-15.832237,15.199033,-3.7143369,-1.4519762,1.2513673,13.920092,3.3789256,20.089977,16.155996,2
-298.4354,45.640797,-17.327456,-4.923425,-16.52325,15.029961,-3.4228625,-2.319556,1.5038204,14.597818,3.9557886,19.572756,16.92909,2
-307.7976,48.788467,-18.993528,-5.7957253,-14.541876,13.516623,-1.6395229,-0.18781328,0.09878925,10.900897,3.6357527,17.695326,15.380877,2
-292.2165,46.68436,-19.236635,-8.185332,-16.71764,14.256239,-1.9742187,-2.6019566,2.0386183,14.157034,3.9398706,19.003183,17.382122,2
-289.41855,46.365,-20.981127,-9.433296,-17.821589,11.091019,-6.469611,-3.45047,1.7174222,12.003925,2.9442883,19.068449,15.803897,2
-285.36133,49.718887,-19.859919,-10.333243,-16.377357,14.432949,-2.5616364,-4.275123,1.160534,13.003113,3.7599592,19.723759,18.106462,2
-283.15927,47.703835,-18.059788,-6.835289,-14.80583,16.022812,-1.6201926,-2.455523,2.434124,13.638896,3.6959314,20.293947,18.379133,2
-290.37436,48.016003,-17.12368,-5.0165453,-12.894332,15.880644,-1.464332,-2.5843909,2.302167,14.518458,5.7055655,20.027517,18.344543,2
-287.889,45.23818,-16.547169,-3.9244006,-14.304715,16.536558,-1.610118,-0.8730705,2.8828037,14.637119,5.0636206,20.71884,17.418566,2
-330.10892,65.8608,-11.83927,-2.7675922,-7.6881895,4.656567,-0.71575755,3.859017,1.2475758,6.4856796,10.633222,17.794931,17.535297,2
-291.28162,48.230137,-18.564379,-9.334601,-18.129786,14.3063,-3.2278855,-3.0958126,2.1595619,13.950651,4.064111,20.339169,18.142601,2
-305.2454,44.204742,-17.21314,-2.3359363,-15.195391,13.424904,-4.0455914,-1.636713,0.5143652,13.8323965,4.0374174,18.50741,14.412036,2
-285.85455,51.151638,-22.182922,-12.39042,-14.972245,13.087371,-3.0441124,-4.8481135,1.9101129,13.156047,4.86248,19.323967,18.755219,2
-300.4622,38.93611,-17.293352,-2.3893807,-18.068506,14.347388,-6.1386485,-2.435767,-0.77832144,12.699425,2.8635952,18.769674,13.445204,2
-290.59363,42.936356,-19.07874,-5.4525113,-15.919582,15.697171,-3.77011,-2.2877548,1.6454754,13.792422,2.8588169,19.5484,17.367847,2
-300.0335,36.825806,-19.972734,-4.291148,-18.862053,12.719851,-8.205573,-4.695047,-2.443372,10.977134,0.1662637,15.725573,12.42013,2
-299.40686,44.856762,-19.966305,-5.2571564,-13.496533,14.504498,-3.9550724,-1.219308,2.1946483,13.018766,4.278481,19.632154,16.7087,2
-292.88568,48.680973,-23.999662,-11.234114,-11.84182,13.761695,-4.5698743,-3.792621,3.6246042,12.681688,4.9641023,19.13699,18.225636,2
-297.66406,45.828503,-19.252968,-6.1315823,-15.282941,14.44019,-3.358728,-1.6529323,2.1714675,13.707117,3.457987,19.353235,17.272945,2
-289.84586,47.733025,-22.251053,-9.458883,-14.09535,13.551969,-3.9932804,-2.3013585,3.4686763,13.406374,4.0011077,19.127672,17.749498,2
-309.8658,43.50043,-24.754053,-10.901907,-17.995905,8.39434,-8.328308,-7.0205507,-4.12728,8.049925,0.6136375,13.506236,11.234373,2
-299.02957,45.624092,-19.08346,-5.799253,-15.009538,14.492501,-3.13408,-1.7448032,1.7694614,13.675155,4.5395947,19.759298,16.7118,2
-292.19504,41.77715,-22.641962,-8.485431,-15.830388,14.640967,-4.514064,-3.5877373,0.74345183,12.313571,2.61132,18.124739,15.667997,2
-283.68552,46.439198,-20.057487,-9.125351,-16.60093,14.89521,-2.8359075,-4.105041,1.8070269,13.803026,3.119751,20.198494,17.363558,2
-311.65256,43.047195,-18.848717,-3.0540144,-13.650621,15.531389,-1.9074135,0.5203673,-0.5074871,10.707664,3.410683,18.749681,15.760545,2
-283.20963,47.36941,-20.090248,-12.219769,-20.504698,14.46208,-2.1404195,-2.3215628,2.8818464,14.3270235,3.397447,18.700943,17.063948,2
-288.97418,71.14027,-14.725965,-6.8341722,-3.906126,0.82979625,-13.944281,-5.1018176,-2.020204,-0.24346393,8.876018,14.251034,17.456587,2
-285.534,45.953903,-17.662495,-5.6457586,-14.586036,16.165758,-1.4858724,-1.6713524,3.168366,14.67405,4.2153044,20.736116,18.226622,2
-317.87567,65.97714,-10.5694475,-2.5250998,-10.828323,-0.8094455,-11.464527,0.007862595,3.4742248,8.728007,11.154267,17.648735,19.55023,4
-321.46017,65.789665,-10.601115,-1.7655405,-9.6611395,0.46409512,-9.496067,0.83013284,2.3524024,7.6898856,11.560804,17.848696,18.549318,4
-322.48715,64.76481,-11.312027,-1.81514,-8.527909,-0.13221283,-9.863563,-0.422556,2.351436,7.8764687,12.053684,19.750645,20.785166,4
-319.0067,67.34697,-10.532792,-3.5197873,-12.260234,-1.8136543,-9.94778,1.4709824,4.3239713,9.453497,11.992413,18.86406,18.844473,4
-321.22745,66.29164,-12.941722,-5.1318045,-11.294349,-0.17682908,-8.177226,1.008635,3.4967945,9.007589,11.8297,18.618698,18.51852,4
-318.8693,66.42206,-10.788765,-2.7764645,-10.594301,-0.8432324,-10.933164,0.83743477,4.3822584,9.331027,11.647559,17.758987,18.6099,4
-317.6792,66.17722,-13.216163,-4.3476343,-9.179987,-0.255943,-9.908624,-0.35891658,3.56821,8.642469,11.300153,17.868162,19.409542,4
-323.2439,67.089035,-13.965547,-6.6495843,-10.334888,1.2564548,-5.2065034,0.39538285,2.6589131,10.040551,13.986654,19.858274,19.149094,4
-284.45612,70.41001,-14.307083,-9.015932,-10.772548,-1.5864421,-16.43753,-3.019362,3.0092483,6.8796415,12.047828,16.88188,20.108583,4
-281.66693,69.9331,-13.991595,-8.449496,-11.000416,-2.7743874,-15.8980465,-2.653315,3.210034,7.704598,12.872781,17.344206,19.992407,4
-299.75293,69.601105,-13.6724205,-7.3882456,-9.651609,0.0844359,-13.145057,-3.2104118,1.5084324,6.533867,11.435701,17.367775,20.140028,4
-321.90375,67.83284,-11.945874,-5.0562606,-13.088885,-1.2868141,-7.9807324,0.37206683,2.2661436,10.179252,14.233967,20.926464,19.091753,4
-293.00436,68.184875,-14.0680685,-6.9446716,-8.948592,0.04462381,-14.42755,-2.6703959,2.3106127,6.1439104,11.048978,16.7805,20.164282,4
-298.29205,65.97158,-13.781546,-6.662917,-10.28231,1.0161146,-13.220067,-0.7410081,3.6030354,7.346142,11.996694,17.614275,19.969612,4
-309.87982,67.65028,-14.067985,-5.7601132,-8.054381,1.5379841,-9.119944,0.6147205,3.4862173,6.5958495,10.408704,17.167751,19.096449,4
-319.67758,66.245514,-13.550329,-3.9223993,-6.9381866,1.9606655,-8.012197,0.8228734,3.604997,6.8113685,9.495023,16.235147,18.398882,4
-324.1676,66.254196,-7.800753,-4.6552396,-21.567926,-5.5486856,-10.449912,1.1143435,1.2906654,11.478145,16.518303,25.31373,23.5661,5
-327.54147,65.29722,-7.745053,-2.2183623,-18.662067,-5.004835,-9.465745,1.7760302,1.988208,11.926529,16.183025,23.997143,21.069183,5
-332.64594,60.92252,-9.64652,1.1267954,-12.213305,-2.712587,-7.6395564,2.373738,1.5893862,10.26852,15.3972845,23.760729,20.848131,5
-333.35294,65.003654,-6.686456,-0.9930028,-18.611885,-2.9754004,-7.0718503,2.429377,-0.56787556,9.012019,13.538,23.470228,21.746326,5
-323.34586,68.0333,-6.3269024,-4.715507,-22.467403,-6.0584397,-10.725776,0.37939918,0.46061727,11.020453,16.804394,25.986053,24.142544,5
-336.21173,64.26917,-5.975124,0.576647,-17.204153,-3.0962012,-6.9609957,3.1702387,0.60797775,9.448707,13.341552,22.579195,21.086971,5
-340.0432,61.557167,-8.569451,1.4391503,-13.05542,-0.5572607,-4.1775618,5.554159,3.239264,10.472807,12.967575,21.155878,18.460897,5
-325.50943,63.51019,-16.437326,-5.906973,-5.317508,3.353494,-2.6840394,2.8994238,3.9042833,8.533449,13.027054,18.289597,19.118484,5
-328.79184,61.74157,-14.680908,-4.1080565,-8.082697,6.6976604,0.14133011,6.017527,3.3477612,7.815114,11.004795,16.713047,16.518972,6
-335.3866,65.58091,-8.273908,-0.402238,-11.191331,4.255026,-0.054651693,5.3517613,1.5655676,8.304832,10.59691,17.657558,16.706081,6
-322.0532,62.98065,-10.63801,-1.1508521,-8.891271,3.7887046,-2.5365508,5.338341,3.537405,7.856341,10.937507,16.922613,15.456631,6
-335.39792,65.694984,-9.459435,-1.2071505,-10.024426,6.271226,1.7952437,6.7983694,2.8122792,8.680769,10.533817,16.889494,15.606113,6
-314.98813,62.13987,-15.8756485,-2.3999393,-1.6370001,4.8843555,-5.1225495,4.832259,7.943448,8.47195,11.686425,18.418083,20.035374,6
-299.3194,68.81554,-19.021305,-9.742077,-2.5830164,7.2938223,-3.7537873,3.77831,6.6140375,6.984161,13.26759,18.79685,20.870764,6
-323.59195,62.246265,-13.841901,-1.9207034,-5.8024445,4.6638517,-3.271362,5.301277,6.7079015,9.677126,10.900204,17.34377,17.572882,6
-325.1525,62.82315,-14.742293,-4.461063,-7.867401,4.6168823,-2.7698514,4.5906167,6.0931845,9.772468,10.634715,16.931396,17.943058,6
-346.8944,62.996616,-8.989556,1.6825022,-7.9669404,6.386327,2.5156043,7.5187235,3.27446,9.084185,10.455041,16.895267,15.57198,6
-351.48093,61.641674,-8.359589,2.9487784,-6.733566,7.0939035,2.2877448,6.8507833,2.9870427,8.718472,10.50713,17.090256,15.882631,6
-342.75055,65.988174,-5.4176564,2.5492842,-12.127415,3.337244,-0.67127514,6.147072,0.9338746,8.393478,10.132014,17.346273,16.217861,6
-361.24902,58.978867,-8.956781,3.640728,-6.0488048,6.4392257,2.0500536,7.5479445,3.9000587,8.605592,10.15496,16.40268,15.455469,6
-351.28586,61.230156,-8.791167,1.9491808,-7.9988737,6.16054,1.7869648,7.018456,3.2187903,8.973741,10.889419,17.041765,15.887563,6
-352.65134,61.432465,-7.4827356,3.279653,-8.9084,6.5369954,2.248776,7.631374,2.2936554,8.623619,9.740995,16.37171,16.09907,6
-325.34885,65.49227,-13.023919,-6.8001757,-12.2808,6.632269,1.2008662,5.593416,2.7709339,7.813881,10.639957,18.905792,19.615,6
-326.312,64.73329,-13.557882,-6.4452205,-10.931694,7.2713437,1.8039608,5.8190136,3.0799632,8.315513,11.258047,18.601704,18.86118,6
-319.90796,67.81611,-15.633771,-10.856657,-12.8563175,5.810277,-0.17750289,4.6119075,4.003768,8.899337,11.825182,18.428133,19.420855,6
-348.94016,61.622066,-11.32272,-0.022934355,-7.902383,5.800442,2.0398958,6.230499,2.2049537,7.9861383,10.135211,16.90312,15.785441,6
-343.0865,65.18366,-7.3946767,1.2420808,-11.97378,3.798409,0.4751126,5.795445,-0.7049982,7.1331205,10.897376,18.881878,16.95561,6
-342.87433,64.45302,-7.17264,2.4422886,-8.628695,7.3284893,2.882824,6.42537,0.69393307,9.254266,11.962924,17.270294,14.208242,6
-346.62943,62.629765,-8.116662,1.1241835,-11.977915,3.484701,0.8500294,6.1689363,0.055957507,8.022817,11.340251,18.052542,16.015123,6
-346.46756,62.396454,-6.924755,2.9199047,-10.240207,6.1771483,1.1083336,7.1047335,1.5678102,8.577064,10.825618,18.225231,17.418327,6
-343.64056,62.143433,-8.970012,1.0792825,-11.02346,5.511761,2.4989774,7.0308633,0.026969785,7.145178,9.714339,17.72718,16.75792,6
-351.8645,62.389614,-6.5940647,3.4383285,-10.326577,3.7260144,0.5916753,6.6654897,0.29475823,7.0705104,10.156283,17.576523,17.149097,6
-360.4431,59.899384,-4.9597716,6.2671294,-8.164753,5.0172796,-0.19939595,7.2169504,3.6015217,9.304709,10.259126,16.323193,15.676347,6
-342.33133,63.150204,-10.041084,-1.3813659,-11.833799,6.459377,2.7807674,6.2229257,-0.401943,8.024664,11.568011,18.351406,15.967528,6
-379.48987,54.96801,-5.268706,8.822424,-4.408468,7.42743,1.6716846,7.7219048,3.695601,9.099768,10.525361,15.840418,15.271484,6
-345.704,61.506744,-5.4925947,4.364779,-10.894472,5.175722,0.038684845,7.0458813,1.5305293,9.146473,11.551954,18.450418,17.219172,6
-349.30905,61.713573,-4.2489414,5.1196284,-11.111793,4.511861,-0.703282,6.138935,0.47507563,7.9333563,11.149014,19.188581,19.330746,6
-400.02286,51.78442,-4.608928,9.156557,-1.936425,6.30757,2.2967217,7.189284,5.3459105,9.130116,10.564099,14.30026,14.803254,6
-341.12677,62.566986,-5.6383324,3.8626997,-11.605642,4.354694,-0.8701274,7.431251,2.3187368,9.330961,10.44593,17.68683,16.590984,6
-369.60727,58.27434,-7.105475,4.3522635,-8.437124,5.4444304,2.5832386,9.141495,3.2874022,7.431366,9.43628,15.883393,15.294546,6
-340.78616,65.627335,-5.6887608,2.292066,-12.993619,2.3823023,-0.8282933,6.542629,0.93649656,7.415712,8.960483,17.276512,15.9346695,6
-336.9377,65.70816,-7.314083,-0.5409471,-15.415269,1.8298045,0.20036197,7.9293303,1.134271,7.1558,8.842738,16.247646,15.033532,6
-373.21164,56.120525,-7.6202154,4.3561983,-8.632937,4.3720584,2.4139123,8.744964,2.5302563,7.41036,9.67766,15.804048,15.440839,6
-330.99136,61.38164,-12.382985,-2.9894621,-9.843839,7.4142685,1.4900999,6.755157,3.9484928,8.750775,10.484338,18.266655,17.78693,6
-329.19324,64.17118,-11.328406,-2.225232,-9.532725,3.1131954,-2.7511652,5.411866,5.3662972,9.385659,10.082974,16.271957,16.78506,6
-112.820404,21.941683,-33.455017,-0.30263117,-1.3336697,3.5674686,-9.45322,8.261498,5.3483105,5.0158143,7.3344817,14.780028,12.71007,0
-125.30638,24.322311,-33.381626,-1.8956156,-1.9625367,1.924964,-9.729536,7.9251866,5.683499,5.6789246,8.311702,15.586523,14.0535,0
-121.74136,21.205599,-34.549118,-1.4415783,-0.61468637,3.8890789,-9.944392,6.8740373,5.214739,5.9018025,8.381456,15.394522,13.4392605,0
-122.43731,20.703579,-33.49302,-0.11613362,-1.7926801,2.953521,-9.053709,9.023114,5.350693,5.584149,8.221602,15.526984,12.771035,0
-186.9314,32.189922,-30.198488,-4.813487,-5.1913238,2.0075877,-10.109689,8.854547,6.5849957,5.395943,9.589474,16.407234,15.264806,0
-121.74255,20.126793,-33.869213,-0.83502996,-2.299132,4.0601044,-8.294601,9.197247,5.699833,6.0118847,7.4540796,14.427168,11.876735,0
-154.03088,25.486862,-33.12766,-2.8529418,-2.794291,2.3047686,-8.304475,10.303876,7.0530777,5.146508,7.967314,15.562589,13.493648,0
-108.9124,22.140947,-35.43641,-2.219565,-0.5591691,2.8623378,-8.92777,8.642465,5.3312764,3.7578278,6.7571735,14.776328,12.605829,0
-137.56511,24.245022,-34.061012,-2.7485065,-2.1720138,2.1885772,-8.59322,9.2917385,6.7468452,5.720285,8.1760025,15.135686,12.289585,0
-136.77806,23.037577,-32.310574,-0.34261122,-2.312337,3.5229526,-8.706571,8.309644,5.342356,6.2135506,7.9000173,14.941101,11.747185,0
-146.465,27.707561,-34.766293,-5.6940756,-1.4974625,2.6183527,-8.605346,9.308696,7.665168,4.337943,7.3247695,14.158652,13.746077,0
-168.69624,29.272495,-31.593002,-2.9252558,-2.8180792,2.193669,-7.5922303,9.727343,6.5566645,5.0826497,8.034198,15.854641,14.39653,0
-120.39756,19.711088,-35.172527,-1.2266251,-0.72316456,2.4516492,-9.500245,9.662107,7.5002613,5.4847007,6.894279,14.92166,12.900759,0
-129.9518,21.888039,-34.735928,-1.9371821,-0.87353915,3.499569,-8.883251,10.0561695,6.5004826,4.7405825,7.3785005,13.773359,12.314696,0
-153.98177,25.37607,-33.598114,-2.7664697,-1.6545179,2.4473503,-7.350163,10.325228,6.667392,4.580761,7.4696245,15.7305,13.218902,0
-249.53816,29.160023,-15.20045,3.483491,-21.340475,9.257022,-5.6921616,8.568667,-1.9598045,12.156057,5.816309,11.955357,12.644242,0
-277.19226,40.91743,-13.689883,1.1432276,-18.755701,9.876364,-2.7730165,8.918674,-0.5440231,12.1606655,8.0246105,13.105385,13.958486,0
-272.767,53.28684,-5.885039,7.2587166,-7.5644717,12.500471,2.0212538,8.231692,1.5889355,11.9610615,9.609489,13.654699,13.631313,0
-121.1937,23.155712,-34.82862,-2.4416966,-1.1477044,2.2667234,-8.84083,8.824565,5.9437265,4.4212966,7.436026,15.081166,12.802772,0
-162.82414,29.801756,-33.515785,-4.3805346,-0.19147396,1.5247468,-8.532502,7.8744464,6.809057,4.3343086,8.28294,16.06574,14.613704,0
-137.96835,25.698738,-33.21688,-2.5893147,-2.293124,3.0736625,-7.967313,8.904023,5.576124,4.9837103,8.051003,15.531767,12.814605,0
-106.98425,20.327612,-34.766613,-1.1543651,-2.1856441,2.4851432,-7.948234,11.078784,7.0568266,5.395965,6.6441064,14.520714,12.090274,0
-325.0434,58.441223,-13.013318,-1.1527885,-12.82347,0.16424163,-5.544585,4.776478,2.9425652,10.708736,13.245689,21.251287,18.082682,1
-316.72464,50.073666,-15.969033,0.85448617,-10.139584,0.9150282,-6.339374,6.124879,4.0467596,9.4952345,11.046505,19.95915,18.472496,1
-325.76117,59.224224,-12.970701,-1.6666415,-13.102573,0.24843319,-5.013591,5.150735,3.6035078,11.129876,13.62843,21.61766,18.049416,1
-296.95044,53.635445,-17.676472,-2.6128514,-10.106301,-2.6441042,-10.114421,3.4352574,4.1333466,9.270231,13.123966,20.90397,18.552921,1
-313.61,58.970562,-14.919531,-3.0819588,-11.823513,-0.6064885,-7.4153204,3.2569008,2.5170445,9.08907,12.981564,20.929214,18.904032,1
-325.9453,58.7273,-11.542295,-0.030393869,-13.631662,-1.4474981,-6.772479,4.544103,2.5729806,9.893689,12.595504,22.067364,19.953924,1
-326.40088,59.79965,-11.46765,-1.1355373,-14.56717,-1.3472164,-6.764668,4.051236,2.548754,10.383055,13.039038,21.786858,18.830122,1
-310.54782,46.42911,-17.585285,2.5099804,-7.2121644,1.3836374,-7.342908,6.043583,4.8818455,10.134836,11.291371,19.336895,17.920464,1
-327.9251,58.30984,-11.496773,1.4162614,-11.153939,0.4328645,-5.003625,4.740157,2.6180913,10.441208,12.605475,20.605433,17.983028,1
-305.71194,44.46189,-19.126768,2.7372813,-5.4093747,2.470021,-6.093148,7.1282387,5.438093,9.335022,9.870933,18.040148,17.303667,1
-323.52255,64.36645,-13.875262,-3.498724,-7.64574,5.599994,-0.2527973,6.3184757,4.6628504,8.87138,9.946808,16.512066,17.336422,1
-318.34555,55.429134,-14.012546,0.12495013,-10.855465,-0.67215306,-7.1198454,4.385257,3.5020306,10.149508,12.605271,20.550066,18.155533,1
-316.79254,53.8397,-13.649692,0.38723153,-12.948987,-1.6693742,-9.182478,4.093861,3.4943788,10.938588,13.6851845,22.183084,19.375973,1
