,mfcc_1,mfcc_2,mfcc_3,mfcc_4,mfcc_5,mfcc_6,mfcc_7,mfcc_8,mfcc_9,mfcc_10,mfcc_11,mfcc_12,mfcc_13,filename,Class
0,-349.37854,52.3824,-8.85816,6.372537,-8.588493,8.792961,2.5989878,7.8006825,-0.5505194,9.2172985,10.704021,16.37122,14.983733,rain_light_REC48.WAV,rain_light
1,-363.598,49.06646,-8.634185,10.601698,-9.905052,9.165816,-1.4224683,8.275226,-2.5260363,9.912942,8.611097,15.839087,12.197832,rain_light_REC74.WAV,rain_light
2,-350.0728,50.654297,-9.846221,7.089751,-12.943428,7.5655866,0.59718484,9.573232,-2.4268382,9.327164,8.54919,15.922858,12.895617,rain_light_REC60.WAV,rain_light
3,-351.01785,51.905502,-11.019196,2.6293273,-11.636314,6.2319145,3.2459621,8.407377,-1.0093508,8.870161,11.71367,15.629915,14.592667,rain_light_REC3.WAV,rain_light
4,-321.59317,58.797836,-14.974872,-5.4994416,-16.651564,3.752087,4.0515423,5.8118176,-4.005813,9.449664,13.572712,16.375458,14.490077,rain_light_REC2.WAV,rain_light
5,-357.86008,46.33946,-9.266401,10.575332,-11.357003,8.08649,-0.59725815,9.092295,-2.805007,10.319858,8.997338,16.312796,12.780108,rain_light_REC61.WAV,rain_light
6,-364.85132,52.213703,-7.9956894,9.835501,-9.442406,10.531899,-1.317614,7.797969,-2.150114,9.121414,8.265244,16.421425,12.397027,rain_light_REC75.WAV,rain_light
7,-340.61737,54.44123,-10.858201,1.9788074,-12.983988,5.792132,2.7334259,7.8867254,-2.1612134,9.164512,11.877027,16.07991,14.24716,rain_light_REC49.WAV,rain_light
8,-346.90854,49.822357,-9.821689,7.4980674,-14.927134,5.8421836,-0.2944843,8.482782,-3.976202,10.39562,9.037819,17.366085,13.049046,rain_light_REC63.WAV,rain_light
9,-346.26553,50.473427,-13.571482,4.9614606,-10.784353,6.336768,0.79665345,6.727912,-5.344624,7.1112294,8.500561,16.32293,12.519408,rain_light_REC77.WAV,rain_light
10,-342.15982,66.50909,-9.069423,-0.5047929,-11.3122425,1.8512652,-0.8391624,5.5394316,2.3967257,9.774381,12.7585,20.091637,17.242626,rain_light_REC88.WAV,rain_light
11,-310.83044,60.14557,-16.21957,-8.332139,-19.288363,2.4290698,4.1876483,4.901689,-5.7087812,9.398263,14.639605,17.189432,14.737903,rain_light_REC0.WAV,rain_light
12,-328.12018,56.46617,-13.686574,-2.820579,-15.700634,4.5135803,2.899051,5.9970255,-3.5723937,9.479636,13.267911,17.699812,15.289457,rain_light_REC1.WAV,rain_light
13,-337.82654,65.76247,-10.856509,-2.545965,-11.593016,2.817156,-0.8438075,5.262645,2.8714275,9.906797,12.072726,19.042671,17.266125,rain_light_REC89.WAV,rain_light
14,-354.0204,54.98795,-9.742064,5.460651,-13.169366,7.0741167,0.17970362,9.544872,-2.078891,8.89297,8.288511,15.554473,12.334688,rain_light_REC76.WAV,rain_light
15,-351.53473,44.750237,-9.299685,11.084229,-13.030732,7.2167206,-1.3792571,8.490705,-4.265026,10.860123,9.151951,16.635931,12.300822,rain_light_REC62.WAV,rain_light
16,-327.15103,52.33859,-13.641416,-1.4504501,-21.548813,1.6156033,0.76025414,6.352015,-8.478349,8.618114,11.60086,16.39626,12.514506,rain_light_REC66.WAV,rain_light
17,-348.2403,51.419937,-10.845075,6.3794003,-12.702147,7.3375006,-0.46425724,6.22907,-6.7797046,7.0907326,7.9266677,14.9831085,11.80725,rain_light_REC72.WAV,rain_light
18,-326.22333,57.98476,-13.0493555,-2.7983935,-15.741623,3.7890337,3.2533524,6.2535944,-3.868521,9.3153305,13.641276,17.200481,15.190455,rain_light_REC5.WAV,rain_light
19,-341.0361,55.03959,-12.435945,0.33111903,-11.87355,5.7150917,3.8195305,7.078936,-1.6121188,9.489037,12.455792,16.469643,14.833503,rain_light_REC4.WAV,rain_light
20,-356.2536,49.33459,-8.030535,10.524677,-11.575673,8.424062,-1.5069189,7.845826,-4.014552,9.918079,8.6478615,15.74392,12.323192,rain_light_REC73.WAV,rain_light
21,-354.12656,39.83398,-10.100109,11.904452,-14.130215,6.405795,-2.2270997,8.281654,-6.6716056,8.523796,7.0420876,13.727401,9.730062,rain_light_REC67.WAV,rain_light
22,-352.12814,47.965313,-12.177168,6.752916,-12.215275,7.6090817,-0.57799006,7.29161,-5.281443,7.99868,7.850445,14.630399,10.667618,rain_light_REC71.WAV,rain_light
23,-355.14243,40.19033,-8.580853,13.15458,-13.207253,8.143175,-1.4493545,9.0642805,-5.0255117,11.032957,8.727001,15.28726,11.204678,rain_light_REC65.WAV,rain_light
24,-351.81815,47.069054,-9.187699,9.673066,-11.911422,7.2987285,0.7212481,8.67292,-2.8522363,10.65055,8.925088,16.499575,12.705634,rain_light_REC59.WAV,rain_light
25,-319.04684,57.495865,-15.97911,-6.6495814,-17.623257,4.1930842,4.000988,5.3998737,-5.3020954,9.413771,14.719017,16.981909,15.538989,rain_light_REC6.WAV,rain_light
26,-305.13745,58.361168,-17.887545,-10.1784115,-20.509523,2.7210674,4.4730825,4.653766,-7.535157,9.476089,16.016293,16.319767,15.934008,rain_light_REC7.WAV,rain_light
27,-352.86676,47.564304,-9.840652,8.978413,-10.948542,8.3014,1.0143813,8.168957,-3.137554,9.825315,8.927672,16.743267,13.676107,rain_light_REC58.WAV,rain_light
28,-344.31842,47.589237,-9.10378,7.8713584,-16.449648,6.3019567,-1.0258151,9.160428,-4.1954017,10.445984,9.575876,16.474009,11.831157,rain_light_REC64.WAV,rain_light
29,-353.2101,46.953064,-9.649676,9.911085,-12.368164,7.373557,-1.1699196,7.8311377,-4.911054,8.929193,7.587766,15.233289,11.66168,rain_light_REC70.WAV,rain_light
30,-346.49152,48.868103,-6.6748343,8.012202,-11.007252,5.7209673,1.8927721,8.076608,-2.042683,8.559736,10.807769,15.016623,14.0600815,rain_light_REC17.WAV,rain_light
31,-335.95428,51.269054,-12.229914,2.3323321,-12.941388,4.579046,3.8641574,9.247993,-2.0395417,8.891624,12.220846,16.71482,13.90327,rain_light_REC16.WAV,rain_light
32,-340.13742,47.824512,-6.1041408,9.785317,-11.46613,7.7989044,0.7923744,8.278878,-1.8631499,10.305632,11.18845,16.747375,16.641813,rain_light_REC28.WAV,rain_light
33,-330.40265,58.326103,-13.359577,-3.4158628,-15.668514,4.286748,3.618697,7.0644336,-2.8750472,8.472771,12.521522,17.142117,15.688597,rain_light_REC14.WAV,rain_light
34,-335.8641,60.713715,-11.519129,-2.8217041,-16.366213,3.8827326,3.802469,8.492691,-0.68754,8.8697,11.111151,16.781044,15.0809765,rain_light_REC15.WAV,rain_light
35,-337.20105,45.411194,-5.7356405,10.057106,-13.1511965,8.000277,0.3867969,8.706727,-2.5182993,10.4580145,11.3582535,16.747,16.691147,rain_light_REC29.WAV,rain_light
36,-338.60867,60.706036,-9.731142,0.47709584,-13.001057,4.982207,2.8335526,8.13169,0.23257911,8.390235,9.753627,16.364115,15.915111,rain_light_REC11.WAV,rain_light
37,-332.0543,53.020817,-12.166801,-1.8593161,-16.099674,8.819894,6.024877,8.770172,-3.5585253,7.5794716,10.880476,15.422255,14.05531,rain_light_REC39.WAV,rain_light
38,-331.8277,52.055035,-8.951614,3.8195138,-14.998116,6.2107162,2.0933347,8.211351,-3.675546,7.693688,10.059263,15.703857,14.786628,rain_light_REC38.WAV,rain_light
39,-332.8307,57.877262,-12.835722,-1.7675773,-13.449678,5.6349907,3.8142352,7.152267,-2.3016868,8.231494,11.822267,17.004957,15.681305,rain_light_REC10.WAV,rain_light
40,-340.61816,58.504948,-10.747716,1.0540922,-11.3819,6.084573,3.4405165,7.640918,-0.85175514,8.189587,10.474825,16.772907,15.974748,rain_light_REC12.WAV,rain_light
41,-337.95746,58.944317,-10.025207,1.5645303,-11.822295,5.0504737,2.3802643,7.2749367,-0.90451825,9.242374,11.908229,16.770277,15.57213,rain_light_REC13.WAV,rain_light
42,-331.28415,49.86626,-8.362212,5.5728583,-14.975983,5.7910557,1.733881,8.232624,-3.3141532,8.674254,9.976025,15.907618,14.705119,rain_light_REC36.WAV,rain_light
43,-346.66168,45.43191,-8.3355,7.8818817,-12.113589,8.127353,2.4904132,9.300152,-1.6551038,9.731374,10.222906,15.439515,14.963043,rain_light_REC22.WAV,rain_light
44,-334.6319,40.69526,-8.106003,8.984987,-15.510887,7.605381,2.8060918,10.149689,-3.4861312,11.095389,10.709889,15.218956,15.889182,rain_light_REC23.WAV,rain_light
45,-331.74512,50.384518,-8.225116,5.216331,-14.779622,6.22932,0.84398484,8.046294,-3.4338906,8.318862,10.310844,15.965634,15.242908,rain_light_REC37.WAV,rain_light
46,-343.23114,47.682384,-9.217456,5.789465,-12.6929,8.320918,3.2918744,9.510611,-1.8953667,9.451286,11.22852,15.620197,14.983168,rain_light_REC21.WAV,rain_light
47,-330.388,48.30921,-8.029669,6.6093802,-15.378499,5.110351,1.0367426,7.8879147,-3.8273609,9.576409,10.801338,16.035755,14.597456,rain_light_REC35.WAV,rain_light
48,-331.5417,48.923157,-7.316166,7.7454786,-13.847959,5.888723,0.84912485,7.690432,-3.676406,9.248323,10.547217,15.880485,15.184241,rain_light_REC34.WAV,rain_light
49,-346.74088,51.43027,-9.3561125,3.6111388,-13.422633,7.1788044,3.0945606,9.865974,-0.97201645,8.811312,10.826852,15.308169,14.850409,rain_light_REC20.WAV,rain_light
50,-340.55167,41.13185,-6.524046,10.992649,-13.739058,8.119875,2.246403,10.167597,-2.6765442,11.082374,10.580239,15.101424,15.503792,rain_light_REC24.WAV,rain_light
51,-335.72733,44.041904,-6.198643,10.946238,-13.362629,5.7812495,0.4975867,7.403184,-4.322759,10.619039,11.426483,17.136972,16.378801,rain_light_REC30.WAV,rain_light
52,-358.0189,46.442436,-8.325606,7.726964,-10.45426,7.6765213,2.6082916,8.788758,-0.8063682,9.241394,10.445075,16.093527,14.953533,rain_light_REC18.WAV,rain_light
53,-353.5756,48.087624,-8.9170065,6.4260516,-11.196497,7.623284,2.6793146,9.030179,-1.0340182,9.241999,10.561584,15.8560505,15.460188,rain_light_REC19.WAV,rain_light
54,-331.52615,46.3373,-7.0568323,7.7354994,-15.393213,6.760941,1.8412187,9.559671,-3.6013656,8.938829,10.025177,15.571413,15.803706,rain_light_REC31.WAV,rain_light
55,-337.4896,44.77303,-6.9314075,8.679127,-15.022036,7.597808,1.7089213,9.803996,-1.9935246,11.190234,10.70494,15.737769,15.556763,rain_light_REC25.WAV,rain_light
56,-330.1322,50.038235,-8.1255045,5.397624,-15.851822,4.6295114,1.8230227,8.078479,-4.0597167,9.206735,11.223508,16.666172,14.83532,rain_light_REC33.WAV,rain_light
57,-339.43314,46.494305,-6.4312663,9.704896,-12.01184,8.164218,1.3516133,8.754895,-2.2143457,10.132217,10.350967,15.976823,16.211113,rain_light_REC27.WAV,rain_light
58,-332.05383,43.989452,-9.288113,6.584979,-14.390165,8.056538,3.0937407,9.567881,-3.504582,9.970067,11.159325,15.17957,15.468574,rain_light_REC26.WAV,rain_light
59,-331.24396,47.98928,-7.9152603,7.420547,-14.454669,5.1066713,1.7137798,8.040829,-4.2984943,9.940985,11.767528,16.541616,15.178291,rain_light_REC32.WAV,rain_light
60,-356.3193,44.117477,-9.405286,11.191751,-13.044631,6.514923,-2.6621208,7.3092246,-5.736476,9.308092,7.3277607,14.334963,10.9079275,rain_light_REC69.WAV,rain_light
61,-336.43848,55.415127,-11.812168,0.23087835,-16.825571,6.3718395,3.3696387,10.280911,-2.6674573,8.625303,9.387677,15.311301,13.431553,rain_light_REC55.WAV,rain_light
62,-335.94678,53.860516,-10.804355,1.9457397,-12.937539,7.1442013,4.1026506,7.843782,-3.4702024,7.1921024,10.470484,17.120066,16.171722,rain_light_REC41.WAV,rain_light
63,-332.71786,63.345905,-10.524884,-1.2373035,-12.054013,-0.19880949,-5.26125,3.723234,2.987256,9.279623,11.96679,20.543322,19.091108,rain_light_REC96.WAV,rain_light
64,-341.40332,66.54547,-8.523707,-0.2845478,-12.4351015,-0.70915174,-3.2120216,3.900958,2.0432684,10.628424,13.565494,20.461824,17.85321,rain_light_REC82.WAV,rain_light
65,-341.1573,66.63908,-8.378775,-0.021776522,-11.916958,0.045975655,-2.571722,4.672033,2.199328,9.227322,11.889404,20.246105,18.50204,rain_light_REC83.WAV,rain_light
66,-320.61996,64.90201,-16.580053,-8.991538,-13.07261,1.9921842,-2.087524,4.3055263,0.58248436,5.054664,11.628247,21.442999,20.588993,rain_light_REC97.WAV,rain_light
67,-332.84927,53.517685,-12.374627,-2.0429463,-17.897173,7.5036626,7.315766,11.814835,-2.6235085,6.662587,9.000654,14.816359,13.810531,rain_light_REC40.WAV,rain_light
68,-355.80927,50.161343,-9.174225,8.047331,-9.303749,9.432961,1.4636673,7.7116394,-1.974187,9.747025,10.017195,16.40294,13.577754,rain_light_REC54.WAV,rain_light
69,-358.97934,42.359886,-11.242902,9.883249,-14.37114,5.13504,-3.4793491,6.323494,-6.8974104,7.9133496,5.8919687,13.393426,9.103457,rain_light_REC68.WAV,rain_light
70,-336.54285,53.31035,-9.05303,3.9429834,-12.477015,7.6998153,2.2447166,8.225785,-1.9211231,7.46563,9.808947,16.380623,15.239645,rain_light_REC42.WAV,rain_light
71,-341.51596,54.184025,-12.0188875,2.5227501,-13.302128,7.5017176,3.299915,8.792418,-3.4663367,7.932511,8.847234,15.389792,13.188806,rain_light_REC56.WAV,rain_light
72,-326.21698,61.35448,-12.257813,-4.8470874,-18.538109,2.9661493,3.5540316,8.236496,-2.1644664,8.30186,11.45367,15.527161,14.221046,rain_light_REC9.WAV,rain_light
73,-335.82004,67.59923,-10.429592,-3.9198518,-13.877454,1.0785737,-1.6352922,4.7184443,2.5907443,9.811685,12.482792,19.779829,17.376875,rain_light_REC81.WAV,rain_light
74,-321.97375,65.753624,-11.678698,-2.4253337,-10.5922165,-0.2999277,-5.372285,3.2442088,2.4475374,7.6808467,11.44737,19.869377,18.869892,rain_light_REC95.WAV,rain_light
75,-317.9639,68.66012,-13.359041,-6.3399925,-11.486197,-0.45993286,-7.3632593,0.9109546,2.1966572,7.2763677,11.646607,20.19458,20.85107,rain_light_REC94.WAV,rain_light
76,-340.3189,67.67779,-8.374141,-0.55028695,-12.130376,0.7570608,-2.1816382,5.237686,2.3370852,9.47612,12.452229,19.598751,17.472153,rain_light_REC80.WAV,rain_light
77,-324.74475,57.03477,-13.5411625,-3.5444288,-16.92181,3.8349915,2.7741542,5.6713157,-4.924482,8.866161,13.895828,17.397968,15.449485,rain_light_REC8.WAV,rain_light
78,-350.06537,51.401524,-9.886125,6.8011494,-11.58252,6.994797,0.5369684,8.0675745,-2.5475972,9.503452,9.898301,16.829689,13.876254,rain_light_REC57.WAV,rain_light
79,-337.94965,51.847263,-8.390665,5.7545447,-11.350201,8.25697,2.3693526,8.019839,-1.8174895,8.347459,9.5260725,16.18818,15.575197,rain_light_REC43.WAV,rain_light
80,-344.3736,58.023026,-8.842252,2.7016761,-11.497027,6.7230177,2.5773935,8.581076,0.66434866,9.007261,10.211352,15.840578,14.727928,rain_light_REC47.WAV,rain_light
81,-361.1308,49.523235,-8.960787,8.435534,-8.576761,9.811943,1.0342869,7.924336,-1.5127076,9.070071,9.774976,16.277225,13.760448,rain_light_REC53.WAV,rain_light
82,-338.2179,65.38085,-10.757263,-1.9803481,-12.11784,0.48844367,-1.9447947,5.010217,2.2727196,9.414168,12.291107,19.811108,18.386913,rain_light_REC84.WAV,rain_light
83,-335.7213,66.10412,-10.034085,-2.6346433,-13.554856,1.6076468,-1.9804482,4.475236,1.5329388,9.520659,12.997612,20.672174,18.56405,rain_light_REC90.WAV,rain_light
84,-337.73615,65.85514,-9.778332,-1.881342,-12.842344,1.4402227,-1.7025777,5.113217,1.9841635,9.077002,11.966149,20.111692,18.297928,rain_light_REC91.WAV,rain_light
85,-338.48358,65.93302,-10.339867,-2.2514975,-12.366239,1.0894645,-1.955347,4.1007633,1.455573,9.15021,12.465044,20.202658,18.676914,rain_light_REC85.WAV,rain_light
86,-349.05048,50.511692,-9.588863,6.627916,-12.083847,8.775214,1.2098517,9.05754,-2.3284488,9.260172,9.598127,15.823125,13.300394,rain_light_REC52.WAV,rain_light
87,-340.8172,55.474422,-9.902236,2.761928,-11.584513,7.9783792,3.917983,9.182354,-0.73432297,7.536204,9.356222,15.963156,15.493881,rain_light_REC46.WAV,rain_light
88,-356.07837,49.58961,-9.382176,7.643478,-9.409133,8.516141,1.1919436,8.132223,-0.9535526,9.255288,9.126979,15.838696,14.299267,rain_light_REC50.WAV,rain_light
89,-341.40027,53.854996,-8.403627,5.0198784,-10.49777,8.540511,2.0487006,7.9905996,-0.9867091,8.154638,9.873415,16.16249,16.029776,rain_light_REC44.WAV,rain_light
90,-340.94244,66.78221,-10.483613,-2.6547794,-12.027286,1.5286874,-1.896025,4.5507007,2.692967,10.311844,12.919851,18.864174,16.78242,rain_light_REC78.WAV,rain_light
91,-328.6131,68.94341,-9.784127,-4.330951,-15.385742,-0.78003025,-4.505114,3.5968623,2.0256786,9.094285,12.532238,20.753567,18.349852,rain_light_REC93.WAV,rain_light
92,-342.6579,66.46607,-8.641421,0.331618,-10.546992,1.7807729,-1.1466905,5.645479,2.924533,10.3950205,12.939738,19.375969,16.84808,rain_light_REC87.WAV,rain_light
93,-342.59708,66.2417,-9.161569,-0.25923878,-10.858606,1.5460228,-1.4307206,4.4763136,1.6355238,9.590796,12.991678,20.149271,18.11616,rain_light_REC86.WAV,rain_light
94,-337.82083,66.56397,-9.293723,-2.0662873,-13.865034,0.3779057,-2.1014564,5.140739,2.236104,9.533011,12.341981,20.43238,18.234713,rain_light_REC92.WAV,rain_light
95,-344.83527,66.33095,-8.241385,0.023752443,-12.479361,-0.42320073,-2.9487338,4.756762,2.8114495,10.4656925,13.023164,20.131088,17.612986,rain_light_REC79.WAV,rain_light
96,-335.191,58.397625,-10.707748,-0.9161596,-15.354442,5.687868,4.023556,9.6496525,-0.69594085,7.7151995,9.817039,16.204054,15.42124,rain_light_REC45.WAV,rain_light
97,-349.98514,50.688034,-9.665857,6.5465417,-11.570702,8.151921,1.1885169,8.932829,-2.2068233,9.105212,10.17435,15.807436,13.470917,rain_light_REC51.WAV,rain_light
98,-308.97864,68.539444,-13.341779,-3.720109,-4.7850266,0.963356,-9.440393,-2.1061213,0.30599943,4.919915,10.281721,14.991931,17.400484,rain_heavy_REC262.WAV,rain_heavy
99,-305.68173,43.618603,-16.519566,-1.9464645,-16.480179,13.428042,-4.819199,-1.370243,-0.46681443,13.397387,4.3634973,18.276213,14.396566,rain_heavy_REC128.WAV,rain_heavy
100,-285.73294,50.01444,-20.783867,-10.104549,-14.725866,13.627331,-2.7650003,-4.854251,1.5322713,13.71755,4.5285063,19.43774,17.928549,rain_heavy_REC48.WAV,rain_heavy
101,-297.2939,40.2297,-20.144272,-4.7561173,-16.032593,14.45716,-5.2212667,-3.7589204,-0.9434049,11.715559,1.2361901,17.610504,14.146185,rain_heavy_REC114.WAV,rain_heavy
102,-277.39993,53.98505,-24.861973,-17.78748,-16.820885,13.469857,-1.2845839,-6.5445104,1.6067331,14.154034,5.000533,18.85927,18.289955,rain_heavy_REC74.WAV,rain_heavy
103,-297.2016,46.739788,-19.162556,-5.930318,-15.621376,12.974997,-4.757261,-2.3204803,0.7924244,12.637377,3.7771595,18.863384,16.202808,rain_heavy_REC100.WAV,rain_heavy
104,-292.003,42.08138,-18.745968,-5.260071,-14.483836,15.851816,-3.688803,-2.0326905,2.736275,13.525944,4.1341324,19.578426,17.000114,rain_heavy_REC60.WAV,rain_heavy
105,-301.082,44.094883,-17.34889,-3.8798368,-14.6610155,13.531006,-2.3927965,-2.6674902,1.4051565,14.402541,5.085958,20.118912,16.716839,rain_heavy_REC3.WAV,rain_heavy
106,-300.71487,45.5671,-18.634531,-5.5468626,-14.57113,13.222697,-1.2070659,-3.6336007,1.9259769,15.381829,5.1083584,21.084175,16.156187,rain_heavy_REC2.WAV,rain_heavy
107,-299.629,48.11783,-20.26213,-8.125419,-13.50096,14.13479,-1.0440682,-1.7484162,2.0501394,12.426367,4.887393,19.400852,17.783476,rain_heavy_REC61.WAV,rain_heavy
108,-298.231,46.707993,-18.90238,-6.717198,-16.188343,13.947305,-4.5256257,-2.956235,0.7753159,13.536102,4.372623,18.818811,16.244678,rain_heavy_REC101.WAV,rain_heavy
109,-283.3846,51.208687,-21.404623,-12.932632,-17.42797,13.775896,-3.4041278,-4.6707397,2.224989,13.8288355,4.1666946,19.18241,18.118237,rain_heavy_REC75.WAV,rain_heavy
110,-300.29367,41.127373,-20.38294,-5.6951275,-16.799425,13.668072,-5.4959993,-4.2049336,-1.3130769,11.823078,1.3107966,17.444027,13.798028,rain_heavy_REC115.WAV,rain_heavy
111,-283.9045,48.28523,-19.351168,-8.739217,-16.708174,13.788808,-2.8136082,-4.5955396,1.3770534,13.698541,3.1838565,20.98033,17.622326,rain_heavy_REC49.WAV,rain_heavy
112,-305.0405,43.297283,-17.528118,-2.261131,-16.101988,13.086802,-3.1561792,-1.2353917,-0.02764369,13.461197,2.9693515,18.967531,14.228993,rain_heavy_REC129.WAV,rain_heavy
113,-306.99927,71.34517,-10.826694,-2.7097366,-5.4826355,1.0150357,-10.689323,-3.7140782,-2.6035187,1.7792343,8.329654,15.161128,17.525784,rain_heavy_REC263.WAV,rain_heavy
114,-286.03592,47.901733,-16.389145,-5.456721,-15.430072,15.195964,-3.2395105,-3.057726,2.3573034,14.825062,5.3985453,20.70474,18.426453,rain_heavy_REC249.WAV,rain_heavy
115,-302.68582,69.102325,-13.57796,-4.002416,-3.6764143,0.62720805,-12.262831,-5.204531,-1.2162952,3.9530327,10.884733,14.966927,17.157358,rain_heavy_REC261.WAV,rain_heavy
116,-301.9489,41.777218,-19.050236,-2.470459,-13.792072,13.953054,-3.8916888,-1.5756336,0.3925627,13.161918,3.3091135,18.666828,15.163305,rain_heavy_REC103.WAV,rain_heavy
117,-296.75183,46.214626,-17.674517,-6.325522,-16.591805,14.482794,-2.5545652,-1.722834,1.6599064,13.776346,4.98683,19.189922,17.336542,rain_heavy_REC63.WAV,rain_heavy
118,-296.59213,36.575237,-21.498793,-5.238017,-17.3201,14.068398,-6.535019,-3.960639,-1.9305632,10.83793,0.9729522,16.680683,13.788272,rain_heavy_REC117.WAV,rain_heavy
119,-292.39325,43.12882,-18.713425,-5.2605624,-16.024473,15.590366,-3.4438229,-1.7073349,1.746735,13.151761,3.1253276,19.783995,16.739729,rain_heavy_REC77.WAV,rain_heavy
120,-301.32547,47.545918,-18.624477,-5.041349,-14.380189,12.871167,-3.8352017,-2.3471131,0.8392182,13.065116,4.8061295,19.485525,16.482546,rain_heavy_REC88.WAV,rain_heavy
121,-280.99252,47.0974,-23.419266,-9.994445,-12.81858,9.91022,-3.9347358,-5.411764,2.7632074,12.985167,3.8008785,21.524252,19.266247,rain_heavy_REC0.WAV,rain_heavy
122,-294.38568,52.069485,-21.355282,-11.607432,-14.548593,11.100097,-2.460524,-4.5715337,2.7247744,12.992764,4.6074376,20.207548,18.369362,rain_heavy_REC1.WAV,rain_heavy
123,-304.246,45.03389,-18.257227,-4.151558,-15.198661,14.117539,-3.2273762,-1.1346266,1.0386281,13.381167,4.332951,19.602266,16.48268,rain_heavy_REC89.WAV,rain_heavy
124,-287.97455,48.12035,-20.596798,-9.758936,-16.536375,13.747928,-3.6931849,-4.6911025,1.3475347,14.177258,3.8629096,19.841839,17.791727,rain_heavy_REC76.WAV,rain_heavy
125,-302.6343,41.222042,-20.515598,-6.1880717,-17.238132,13.462954,-4.895872,-4.271555,-1.2408162,12.819149,2.113054,16.748234,13.263019,rain_heavy_REC116.WAV,rain_heavy
126,-296.18817,47.524086,-18.966743,-8.02299,-15.633765,14.13221,-2.6957524,-1.7757125,2.763398,13.402006,4.604521,18.99332,17.17044,rain_heavy_REC62.WAV,rain_heavy
127,-295.69543,42.477867,-19.287855,-4.3856835,-15.595885,14.239347,-4.3266506,-2.3496277,0.40365243,13.070157,3.1512983,19.082535,15.9693775,rain_heavy_REC102.WAV,rain_heavy
128,-323.22528,66.89894,-12.450881,-1.4527973,-3.6762524,1.3913497,-8.525866,-0.820083,1.9499253,6.1676407,10.046354,14.481881,16.683348,rain_heavy_REC260.WAV,rain_heavy
129,-289.0622,41.79011,-15.392464,-2.0174243,-14.4964075,17.938068,-2.1106355,-0.48181352,3.0353734,14.613928,4.434402,20.275835,17.043427,rain_heavy_REC248.WAV,rain_heavy
130,-287.0244,68.01393,-15.705099,-6.2877803,-5.073458,0.21809115,-15.379192,-2.2634978,2.6713545,4.9474,11.860878,14.887527,17.857964,rain_heavy_REC258.WAV,rain_heavy
131,-300.31735,46.762474,-18.62173,-6.8540382,-15.594743,14.068429,-2.3040192,-2.2298687,1.9801735,13.667643,4.400179,19.76148,17.044931,rain_heavy_REC66.WAV,rain_heavy
132,-290.84525,43.4474,-20.688349,-7.5147314,-16.230768,14.645833,-4.6529317,-3.5832605,0.502343,12.374435,2.6059854,19.053867,16.062483,rain_heavy_REC106.WAV,rain_heavy
133,-289.11426,47.553738,-19.855658,-9.150848,-15.72346,15.869439,-3.2150142,-4.047922,1.2957513,13.141091,3.5320885,19.041277,17.79646,rain_heavy_REC72.WAV,rain_heavy
134,-299.5775,45.256817,-20.240143,-6.8102493,-15.312204,13.82663,-4.614612,-3.4817405,-0.84268403,11.215332,2.7701964,17.267082,14.712442,rain_heavy_REC112.WAV,rain_heavy
135,-300.52713,41.701347,-16.282696,-1.9533719,-15.002324,13.658876,-2.8360336,-2.3097038,1.6175493,14.059645,3.4444318,21.169102,16.351986,rain_heavy_REC5.WAV,rain_heavy
136,-302.03888,47.17052,-18.944939,-6.858685,-15.772222,13.888652,-4.581587,-2.9396656,0.889164,13.178447,4.888261,19.089607,16.697407,rain_heavy_REC99.WAV,rain_heavy
137,-303.9819,44.166836,-17.200249,-2.5896595,-14.846968,15.019699,-3.477448,-2.4728832,0.3303383,13.592045,3.1875663,19.498034,14.95373,rain_heavy_REC98.WAV,rain_heavy
138,-301.85214,40.466576,-15.84104,-1.5007585,-15.806754,14.746337,-2.8592603,-1.3575844,1.8665668,14.422091,3.9618447,20.740007,16.31386,rain_heavy_REC4.WAV,rain_heavy
139,-297.1096,41.219364,-19.860336,-5.5411696,-16.963745,13.988848,-5.766943,-3.7846036,-0.8891936,12.080393,2.093093,17.94443,14.888401,rain_heavy_REC113.WAV,rain_heavy
140,-300.4427,50.817146,-20.274778,-8.763153,-13.595192,13.349106,-2.3020606,-2.580488,1.9059507,13.051325,5.374123,18.752079,17.616533,rain_heavy_REC73.WAV,rain_heavy
141,-294.6867,42.67967,-19.632214,-5.75036,-16.649347,14.133341,-5.009013,-3.2484446,-0.061887577,12.565747,2.648939,18.138561,15.209856,rain_heavy_REC107.WAV,rain_heavy
142,-291.21463,44.85278,-18.989897,-6.610777,-15.926856,14.012059,-3.985302,-2.9299216,2.448081,13.731387,3.1382215,19.669882,17.557253,rain_heavy_REC67.WAV,rain_heavy
143,-303.05652,66.94036,-13.464235,-3.625132,-4.9040117,0.5528379,-13.045278,-2.3026626,2.0980053,6.906103,11.671377,14.122582,17.643162,rain_heavy_REC259.WAV,rain_heavy
144,-295.58435,47.438023,-19.564686,-8.263786,-15.524965,15.158674,-2.4696455,-2.1896567,1.2548201,12.494493,3.6915855,18.550085,18.120863,rain_heavy_REC71.WAV,rain_heavy
145,-304.02594,45.25156,-20.93911,-7.297636,-15.095821,13.5846815,-4.838822,-4.2917466,-0.7362725,11.800176,3.2236853,17.284746,15.116059,rain_heavy_REC111.WAV,rain_heavy
146,-300.00613,46.524246,-17.97284,-5.643691,-14.250394,14.679286,-2.369822,-2.5053592,1.2549441,13.417244,5.156281,19.223534,17.262075,rain_heavy_REC65.WAV,rain_heavy
147,-299.8424,44.486954,-19.703472,-6.059799,-15.132508,14.822167,-4.0811114,-3.472674,0.45344573,13.021131,3.1580963,18.477924,16.022537,rain_heavy_REC105.WAV,rain_heavy
148,-293.61322,43.97217,-17.076231,-5.4304404,-17.43604,14.868314,-3.7005146,-1.6788224,1.835449,13.747255,4.712335,19.998606,17.3547,rain_heavy_REC59.WAV,rain_heavy
149,-309.98257,44.25606,-16.476967,-0.50830334,-13.864787,13.967332,-3.8902702,0.55391353,-0.025504297,12.682832,5.2846656,18.252226,14.735205,rain_heavy_REC139.WAV,rain_heavy
150,-302.3292,43.167236,-15.899124,-2.7888162,-15.628926,13.837944,-2.352331,-2.8144195,1.9730109,15.048944,4.139034,21.903847,15.995416,rain_heavy_REC6.WAV,rain_heavy
151,-300.33255,47.52585,-18.174976,-6.0011806,-14.345916,12.935331,-2.9681551,-3.3336215,2.3026364,14.349201,5.2283764,19.779139,17.188068,rain_heavy_REC7.WAV,rain_heavy
152,-309.63474,43.66723,-16.666508,-0.22041008,-14.529666,12.816806,-2.9102337,1.3815176,-0.16281997,12.577801,4.718741,17.827497,14.240966,rain_heavy_REC138.WAV,rain_heavy
153,-298.0446,44.014122,-17.299145,-4.839195,-16.488564,14.318303,-2.0563939,-2.5446444,0.8090006,14.911365,5.1756754,20.390043,16.66548,rain_heavy_REC58.WAV,rain_heavy
154,-297.36386,44.531532,-19.763346,-4.949124,-14.700598,13.03848,-4.092418,-3.889192,-0.29288074,13.554975,3.6044803,19.033716,15.913249,rain_heavy_REC104.WAV,rain_heavy
155,-295.127,47.41734,-18.712172,-7.1834292,-15.543901,13.980004,-2.0590405,-2.4973574,1.3746856,13.748441,5.0726085,19.659336,18.072872,rain_heavy_REC64.WAV,rain_heavy
156,-294.88138,42.77653,-21.546303,-8.281124,-16.460033,15.3067465,-4.3953104,-3.0693195,0.99404293,12.701077,2.9575546,17.450716,15.212301,rain_heavy_REC110.WAV,rain_heavy
157,-299.40292,45.05577,-17.505823,-5.7371798,-16.006985,16.047102,-2.9709256,-1.7353785,2.3998725,14.142818,4.253465,19.095821,17.018347,rain_heavy_REC70.WAV,rain_heavy
158,-294.53287,49.16152,-15.1787,-4.052482,-13.856147,16.00263,-2.1338217,-1.1055585,2.039149,12.947625,5.4609833,20.180336,18.875883,rain_heavy_REC229.WAV,rain_heavy
159,-301.7508,52.206295,-15.352238,-3.2373688,-11.979978,13.003274,-3.2269502,-0.48390532,2.173592,12.808827,7.9001565,20.504826,18.27549,rain_heavy_REC201.WAV,rain_heavy
160,-296.47885,50.411404,-16.865839,-4.0082054,-11.092105,14.26758,-1.7860205,-0.83605397,2.7391448,12.71647,5.407757,19.412222,17.831575,rain_heavy_REC215.WAV,rain_heavy
161,-316.49014,46.471363,-13.797652,1.7438073,-11.590404,15.5341015,-1.8392256,2.9416714,1.5781293,12.515682,6.578048,18.580864,15.225307,rain_heavy_REC177.WAV,rain_heavy
162,-294.78308,46.14498,-18.726751,-6.709972,-15.735038,13.794432,-2.4092884,-2.7553167,1.649158,13.792441,4.757003,20.267092,17.121344,rain_heavy_REC17.WAV,rain_heavy
163,-310.9063,46.94103,-15.916491,-1.2268734,-12.443904,15.799337,-2.5224895,0.93235284,1.562718,12.758853,5.1154737,18.801552,15.391872,rain_heavy_REC163.WAV,rain_heavy
164,-316.20328,45.94727,-12.657619,2.8361843,-11.599621,14.698858,-1.8203888,2.058092,1.0232351,12.882099,6.5858974,19.129179,16.00715,rain_heavy_REC188.WAV,rain_heavy
165,-311.65646,51.661648,-16.277836,-2.5547268,-10.69153,13.310014,-2.399403,2.2512472,2.4538448,11.820269,7.5234885,18.404625,17.331173,rain_heavy_REC189.WAV,rain_heavy
166,-308.48813,45.058483,-15.965874,1.010726,-12.272179,13.447421,-2.7369049,2.2754002,0.99819136,12.358304,5.4491487,19.25144,15.114759,rain_heavy_REC162.WAV,rain_heavy
167,-293.0537,49.42081,-19.185053,-7.8282714,-15.520113,11.300151,-2.6437445,-4.1179204,1.6121672,14.36848,4.7650104,20.255653,17.541828,rain_heavy_REC16.WAV,rain_heavy
168,-305.44418,48.179317,-18.325787,-2.6426766,-8.938058,15.258214,-2.0432692,1.1080859,4.1441402,12.894946,4.717807,18.13441,15.94241,rain_heavy_REC176.WAV,rain_heavy
169,-294.23315,49.332607,-16.490274,-3.7750976,-12.116504,15.70804,-2.1034057,-0.79801446,2.2590654,12.788151,5.2824936,19.584126,17.716278,rain_heavy_REC214.WAV,rain_heavy
170,-307.18027,48.102295,-15.903345,-1.2024907,-10.699286,15.520327,-0.9309559,2.2546065,2.248884,12.115508,6.4361043,19.243723,17.487854,rain_heavy_REC200.WAV,rain_heavy
171,-289.04138,52.441273,-17.799421,-8.353226,-13.683708,14.958974,-2.093598,-1.1842054,4.746825,13.998602,5.049573,18.785051,18.227354,rain_heavy_REC228.WAV,rain_heavy
172,-295.50815,50.111015,-15.570929,-3.4077547,-12.852234,14.225323,-2.5389292,-0.33452645,2.8301256,13.502202,6.002399,19.810236,18.231571,rain_heavy_REC216.WAV,rain_heavy
173,-305.35828,47.341408,-14.765009,-0.4719908,-11.861046,14.361392,-2.5069897,0.47967404,1.8583221,13.068647,6.766137,20.154152,16.840189,rain_heavy_REC202.WAV,rain_heavy
174,-311.07227,46.74679,-15.42657,-1.1841575,-14.658469,14.126372,-3.4144287,0.8197741,0.69766384,12.796269,5.3551598,19.274036,15.00751,rain_heavy_REC148.WAV,rain_heavy
175,-283.7019,50.948315,-22.194208,-12.374196,-15.129801,13.319154,-2.1337998,-4.498178,2.7947478,13.009023,3.055715,19.328194,18.60634,rain_heavy_REC28.WAV,rain_heavy
176,-312.65826,41.849915,-13.7658415,4.439432,-12.586995,14.80222,-2.490354,2.0534196,0.43064055,13.471096,4.9756193,19.750456,14.161543,rain_heavy_REC160.WAV,rain_heavy
177,-308.70056,47.195026,-20.79105,-4.2861233,-7.523726,15.851615,-1.3276845,1.0452255,4.6498494,11.931762,4.2068505,18.472649,17.233408,rain_heavy_REC174.WAV,rain_heavy
178,-292.92953,51.251007,-19.994167,-10.076344,-15.216716,12.59506,-3.5340557,-3.9695048,2.15004,12.715279,4.1804447,19.141043,17.9873,rain_heavy_REC14.WAV,rain_heavy
179,-294.42474,47.973976,-19.645086,-7.763907,-14.564573,12.899666,-1.7454115,-3.8453822,1.4521475,14.011763,4.224941,19.054255,17.35119,rain_heavy_REC15.WAV,rain_heavy
180,-316.3091,48.508987,-13.713734,1.1755567,-11.656464,14.647785,-1.1654263,2.1056762,0.8968944,12.353746,5.7019467,18.37921,15.593429,rain_heavy_REC175.WAV,rain_heavy
181,-309.21573,44.297108,-14.462612,1.6430601,-13.435947,14.649386,-3.4797873,1.353825,0.55700165,13.6121025,5.926973,19.14899,15.409708,rain_heavy_REC161.WAV,rain_heavy
182,-282.8383,49.174496,-21.172152,-11.975216,-17.205788,14.494363,-2.2775295,-3.6257434,2.3531282,13.610185,3.7201717,19.508179,18.065372,rain_heavy_REC29.WAV,rain_heavy
183,-299.09796,45.960167,-18.892168,-4.4475284,-14.472428,13.804843,-3.2760966,0.24443181,1.8105917,12.403595,3.828374,19.029057,16.257294,rain_heavy_REC149.WAV,rain_heavy
184,-306.16653,47.71815,-15.349341,-1.0045153,-11.596795,15.059319,-1.3773946,1.1129627,1.9228704,12.816927,5.8937216,19.51055,16.832525,rain_heavy_REC203.WAV,rain_heavy
185,-297.1911,50.735313,-14.684939,-3.4488637,-13.347512,14.487191,-3.0662212,-1.2903346,1.5323623,13.145539,6.1444964,18.997639,17.970747,rain_heavy_REC217.WAV,rain_heavy
186,-292.61832,51.777588,-18.116358,-5.6582694,-11.452984,14.584696,-1.1523647,-1.2419178,2.5084267,12.60936,4.5925283,19.684753,18.67992,rain_heavy_REC213.WAV,rain_heavy
187,-300.19214,52.089916,-15.888793,-4.964379,-13.409561,14.795059,-1.0392812,-0.49360874,2.0905087,11.937111,4.4017134,20.142088,17.832378,rain_heavy_REC207.WAV,rain_heavy
188,-316.47287,46.887665,-16.0522,0.12089982,-11.012195,14.821237,-1.6196266,0.9136815,0.7606426,12.720489,5.5343513,18.947554,15.495577,rain_heavy_REC165.WAV,rain_heavy
189,-300.62842,48.339317,-19.113205,-7.1555037,-14.766432,12.975354,-1.4722047,-2.5127711,1.8551896,13.599257,4.964832,19.772758,16.824448,rain_heavy_REC11.WAV,rain_heavy
190,-315.96155,44.664886,-14.264182,1.3602167,-13.239325,15.317977,-1.6347377,2.1801612,1.4732306,13.581368,5.559856,19.787086,15.484221,rain_heavy_REC171.WAV,rain_heavy
191,-285.76028,46.87007,-18.758976,-8.222295,-16.450024,14.908688,-3.8234134,-3.9565184,1.0505431,13.180989,4.831542,20.551342,18.174105,rain_heavy_REC39.WAV,rain_heavy
192,-313.8083,46.035538,-14.807438,1.0629522,-12.831071,14.596221,-1.9785187,2.2016115,0.8656237,13.027231,5.6177363,18.686016,14.28807,rain_heavy_REC159.WAV,rain_heavy
193,-312.92294,45.72369,-15.684566,0.10189929,-12.908714,14.311668,-2.568981,2.037051,1.7243888,13.406882,5.3498864,18.410654,14.835596,rain_heavy_REC158.WAV,rain_heavy
194,-284.5244,46.607742,-19.719934,-8.4260845,-15.788065,14.893273,-2.7720425,-4.39105,1.2816901,14.063433,3.4751139,19.593288,17.62173,rain_heavy_REC38.WAV,rain_heavy
195,-307.39328,44.674503,-19.523874,-2.9623845,-9.548128,16.612795,-1.8685017,1.0267302,3.5293267,12.382807,4.1306133,19.03447,16.40766,rain_heavy_REC170.WAV,rain_heavy
196,-297.88675,47.342823,-18.011637,-5.840293,-14.352844,13.201676,-2.722191,-2.6097586,1.5762058,13.1336975,4.824692,19.546862,17.468048,rain_heavy_REC10.WAV,rain_heavy
197,-308.33688,43.998993,-16.398493,-0.31658202,-11.849329,15.971241,-3.862048,-0.83153975,1.6953655,13.7240925,4.87947,19.69984,15.818256,rain_heavy_REC164.WAV,rain_heavy
198,-307.12915,48.797634,-15.485412,-2.2470713,-11.276962,16.585577,-0.39896104,0.5281634,1.6612688,12.238494,5.854403,19.808954,17.336912,rain_heavy_REC206.WAV,rain_heavy
199,-296.32806,54.204365,-15.001896,-5.3408937,-13.75694,12.981831,-2.0619802,-1.2275548,1.8136854,13.546254,7.9304266,20.510275,18.493105,rain_heavy_REC212.WAV,rain_heavy
200,-304.40475,47.742527,-16.181505,-1.2258552,-11.01084,14.785415,-0.92651296,0.99397284,2.243585,12.90094,6.1234083,20.289627,16.812029,rain_heavy_REC204.WAV,rain_heavy
201,-293.62332,56.611713,-16.294523,-7.869316,-13.317835,12.556216,-2.8443034,-2.5931542,1.3231785,12.783953,8.175418,18.981554,18.304882,rain_heavy_REC210.WAV,rain_heavy
202,-293.78705,45.66909,-16.7613,-3.4227016,-13.46361,15.523086,-1.0825896,-0.9732936,2.7882807,15.157327,5.8414116,20.091438,17.47005,rain_heavy_REC238.WAV,rain_heavy
203,-302.72787,51.991608,-18.347197,-8.2222,-15.062797,12.001432,-1.3125981,-1.5229814,2.2173352,12.979373,5.642476,18.702324,17.518995,rain_heavy_REC12.WAV,rain_heavy
204,-312.88474,46.88961,-15.85959,-0.8881475,-12.602612,15.433141,-1.0234685,1.6648782,0.61502683,12.586837,6.187347,19.618649,15.462348,rain_heavy_REC172.WAV,rain_heavy
205,-303.60345,49.85642,-17.960487,-5.301147,-13.675699,14.53124,-1.4031472,-1.1427456,1.6935332,13.765901,4.979912,19.84624,16.72109,rain_heavy_REC166.WAV,rain_heavy
206,-309.71948,48.133434,-14.805526,0.28690907,-10.131716,14.617369,-1.4324963,1.7761582,1.3554392,12.473581,7.9299345,18.6757,16.593105,rain_heavy_REC199.WAV,rain_heavy
207,-304.76395,47.621403,-15.586947,-1.0160198,-10.811268,15.144329,-1.9121269,0.9387357,2.013864,12.542286,6.3964934,19.46169,17.042261,rain_heavy_REC198.WAV,rain_heavy
208,-308.47006,48.324905,-18.481228,-3.8378654,-11.166943,15.169964,-2.190217,-0.11076493,1.9352132,12.166131,5.269749,20.061844,17.053268,rain_heavy_REC167.WAV,rain_heavy
209,-314.1483,48.90331,-15.556114,-2.1376777,-13.277975,16.290329,-0.15423448,1.8670709,1.4359541,13.074937,5.350331,18.636929,16.144264,rain_heavy_REC173.WAV,rain_heavy
210,-298.12607,46.30031,-18.324903,-6.36439,-14.976896,14.411736,-2.3803685,-2.626701,2.2716315,13.251322,3.863894,20.154705,17.361237,rain_heavy_REC13.WAV,rain_heavy
211,-286.10406,47.12732,-20.543716,-6.8190074,-10.848163,15.046142,-2.134641,-1.5002826,4.3947415,13.714846,5.0940075,19.907827,19.095285,rain_heavy_REC239.WAV,rain_heavy
212,-295.8355,53.389816,-17.929695,-6.797696,-10.887708,14.32253,-1.9827355,-2.147513,2.3840468,11.723357,5.4585433,20.300749,19.659576,rain_heavy_REC211.WAV,rain_heavy
213,-309.8474,46.400276,-14.812902,-0.25666204,-11.788045,15.958369,-1.669745,1.5771163,2.0082505,12.509046,6.376099,19.879446,16.747135,rain_heavy_REC205.WAV,rain_heavy
214,-299.75226,49.589863,-16.112074,-3.0207372,-12.189398,14.444162,-2.3124168,-0.9606349,2.5882874,13.3366375,5.2294855,20.4506,17.246891,rain_heavy_REC208.WAV,rain_heavy
215,-301.9703,50.199936,-17.48595,-4.971355,-11.074625,14.669941,-1.6030358,-0.89350444,3.5150602,14.192651,6.7677484,19.29485,18.396503,rain_heavy_REC220.WAV,rain_heavy
216,-295.40298,45.374275,-14.87994,-2.2346385,-14.148807,15.696864,-2.0735245,-0.7573498,2.3006027,13.771114,5.3089476,20.593542,17.838501,rain_heavy_REC234.WAV,rain_heavy
217,-305.73776,44.00909,-16.062088,0.19386314,-13.619036,14.255486,-3.2962837,1.2146103,1.2313567,13.547316,5.3606706,19.323112,15.68198,rain_heavy_REC156.WAV,rain_heavy
218,-290.3752,46.543964,-19.467075,-7.8067737,-15.263671,14.8834505,-2.6477287,-3.5862136,1.9615893,14.354324,4.6847644,19.389374,17.534082,rain_heavy_REC36.WAV,rain_heavy
219,-310.98892,44.887398,-16.235132,-0.67426646,-14.222604,13.800571,-3.0030787,0.609255,0.54425234,12.98653,4.286012,18.687143,14.355331,rain_heavy_REC142.WAV,rain_heavy
220,-287.5851,46.893513,-19.779032,-8.19278,-15.263721,14.063658,-3.1393704,-4.1713524,1.6315235,14.261905,4.398435,19.585794,18.837534,rain_heavy_REC22.WAV,rain_heavy
221,-309.04175,52.745026,-15.176576,-3.115684,-11.930098,13.634438,-1.2243867,1.2045062,1.2813555,12.261336,8.941221,19.341642,16.584026,rain_heavy_REC195.WAV,rain_heavy
222,-319.4996,46.373898,-12.418152,3.5464292,-11.195522,15.076963,-1.2148719,2.6237636,0.7042104,12.598047,6.8803554,19.224672,15.087246,rain_heavy_REC181.WAV,rain_heavy
223,-317.60135,48.08328,-12.332613,2.311812,-12.6127,14.141521,-1.7162585,2.6437943,0.41672325,12.058029,6.6696267,19.29439,15.719541,rain_heavy_REC180.WAV,rain_heavy
224,-312.86496,48.907543,-14.856109,0.51056314,-10.058515,14.573215,-0.55862725,1.6641238,0.721005,11.848609,6.4960237,19.016508,16.42232,rain_heavy_REC194.WAV,rain_heavy
225,-279.8134,47.157856,-20.175184,-9.3270645,-15.858683,14.329944,-4.0507426,-4.358472,2.2648525,13.678745,3.3727992,19.215906,18.23315,rain_heavy_REC23.WAV,rain_heavy
226,-315.48935,45.13808,-14.9367695,1.5431114,-13.389916,12.909515,-3.1600804,1.5146545,-0.056136537,12.940587,5.477416,18.01619,14.575089,rain_heavy_REC143.WAV,rain_heavy
227,-286.98096,49.493412,-21.265314,-11.343305,-16.473577,14.0526285,-1.7970899,-4.3696265,1.5179577,13.665628,4.075665,20.403694,18.201902,rain_heavy_REC37.WAV,rain_heavy
228,-307.11227,43.09618,-15.960014,1.0195942,-12.751098,14.493799,-3.5928116,0.59736633,0.87597865,13.072408,5.093649,19.678623,14.798357,rain_heavy_REC157.WAV,rain_heavy
229,-294.60532,46.52726,-15.791752,-2.1313574,-12.848071,14.473997,-1.9736832,-0.6609378,2.7629364,14.0165,5.388257,20.46201,18.042938,rain_heavy_REC235.WAV,rain_heavy
230,-300.73987,50.27077,-15.906897,-4.3408465,-12.434161,14.626405,-2.2423034,-1.100968,2.7353704,14.18553,7.133568,19.633894,18.331587,rain_heavy_REC221.WAV,rain_heavy
231,-305.0788,50.937027,-14.973268,-2.0250957,-11.15502,14.938428,-1.2599185,-0.3249971,1.3314364,12.298522,6.052034,19.194952,17.435478,rain_heavy_REC209.WAV,rain_heavy
232,-296.22107,44.16061,-15.935542,-1.8282434,-12.755565,16.318426,-1.1624753,-0.09277403,2.7972126,14.379556,5.354262,20.10629,17.598228,rain_heavy_REC237.WAV,rain_heavy
233,-289.2581,54.650883,-14.218931,-8.03639,-17.320288,12.982978,-2.6203768,-3.1200552,1.0665941,12.879449,6.7229753,22.212128,20.191471,rain_heavy_REC223.WAV,rain_heavy
234,-315.37323,46.50059,-15.4378395,0.013644652,-12.310303,14.9772005,-0.8386996,2.5925276,1.7959982,13.143245,4.780107,17.83933,15.456878,rain_heavy_REC169.WAV,rain_heavy
235,-312.0532,41.674118,-15.071722,2.395399,-13.8270645,14.216068,-3.353542,1.267116,-0.5646773,12.071257,3.6571598,19.154705,14.897938,rain_heavy_REC141.WAV,rain_heavy
236,-289.28387,48.57253,-20.066269,-8.621648,-14.248899,14.004937,-3.2805204,-4.4194713,1.9309096,13.605117,4.4092827,19.6217,18.02665,rain_heavy_REC21.WAV,rain_heavy
237,-306.78445,43.41911,-16.371397,0.40638492,-13.213702,14.36266,-2.3633988,1.1960086,1.4776707,13.591684,4.063958,19.045046,15.064447,rain_heavy_REC155.WAV,rain_heavy
238,-290.2533,51.762344,-21.467873,-11.745613,-14.720262,12.922032,-2.0908298,-4.8336363,1.6574681,13.497829,5.1399846,19.573004,18.249928,rain_heavy_REC35.WAV,rain_heavy
239,-315.77,46.517357,-13.720969,1.8546151,-11.493094,15.438391,-2.1868517,2.433074,1.2231635,12.138409,6.4292607,19.22134,15.671613,rain_heavy_REC182.WAV,rain_heavy
240,-309.26865,48.220074,-14.241961,0.77599126,-11.247086,14.070598,-1.138325,2.1868703,1.320355,12.180387,6.1896324,18.9108,16.609356,rain_heavy_REC196.WAV,rain_heavy
241,-297.29474,51.334232,-20.147076,-6.4671364,-9.836723,13.924843,-1.6833984,1.4823437,4.5134387,11.680102,4.9458117,17.809515,18.688917,rain_heavy_REC197.WAV,rain_heavy
242,-301.9382,49.80526,-19.031239,-5.3596673,-11.264774,14.381621,-2.2448878,0.5642856,3.3244472,12.7368145,6.0009785,19.231453,17.370865,rain_heavy_REC183.WAV,rain_heavy
243,-288.9946,50.58679,-21.947844,-12.003147,-14.976263,13.609311,-2.3071384,-5.217138,2.2538242,13.658889,4.037184,20.044516,18.702404,rain_heavy_REC34.WAV,rain_heavy
244,-307.72287,41.852745,-16.669546,0.44951576,-12.725024,16.244995,-1.9115267,1.7752749,0.8342115,12.718448,4.583982,18.936605,14.625867,rain_heavy_REC154.WAV,rain_heavy
245,-289.18066,46.30563,-18.9829,-6.4061956,-13.920477,14.907493,-2.5139768,-3.754288,1.2867888,13.428998,4.281227,19.984417,17.452995,rain_heavy_REC20.WAV,rain_heavy
246,-309.32697,42.549095,-15.940545,1.057315,-13.763206,13.373734,-3.5805068,0.18855655,0.07142529,13.451535,4.681615,18.901644,14.057464,rain_heavy_REC140.WAV,rain_heavy
247,-314.06464,44.572227,-14.94457,1.237137,-12.447259,15.215301,-2.1521235,1.9249363,1.4141858,13.219451,5.453875,19.487843,15.232766,rain_heavy_REC168.WAV,rain_heavy
248,-304.23325,48.643078,-14.904829,-2.4631968,-12.668981,15.461469,-0.9434957,0.23203173,2.485711,13.823721,6.3554354,19.526669,18.226398,rain_heavy_REC222.WAV,rain_heavy
249,-291.96164,46.17041,-16.728098,-4.092621,-13.735626,15.927545,-1.1248044,-0.90196097,2.8227248,14.497749,5.194218,20.08388,17.752136,rain_heavy_REC236.WAV,rain_heavy
250,-290.58942,51.29102,-14.994572,-5.78913,-16.392754,14.670158,-1.8230863,-1.4033352,1.7339042,12.689924,3.7845724,19.409061,16.859098,rain_heavy_REC232.WAV,rain_heavy
251,-291.04474,50.27248,-15.543199,-5.0725894,-13.9342375,15.281574,-2.2673976,-3.0656908,2.4964342,14.37439,5.3154697,21.418093,18.453808,rain_heavy_REC226.WAV,rain_heavy
252,-298.31598,50.904167,-19.694174,-8.927173,-14.272163,13.440263,-0.8012425,-1.9808974,2.2070515,13.504021,5.740098,19.255844,17.727743,rain_heavy_REC24.WAV,rain_heavy
253,-303.41467,49.130554,-18.686539,-5.768174,-14.361336,13.688021,-2.5609424,-0.5619075,1.1600204,13.040036,5.3176045,18.14373,16.181322,rain_heavy_REC144.WAV,rain_heavy
254,-298.091,44.758156,-18.502178,-5.6204767,-15.095527,14.112326,-2.3715892,-2.7589612,1.4447443,14.924345,6.131922,19.734333,17.827139,rain_heavy_REC30.WAV,rain_heavy
255,-302.4179,47.7811,-18.215315,-3.8119156,-13.367697,12.69935,-3.925078,-0.84789526,1.1541411,12.653149,5.2866755,18.81948,15.810882,rain_heavy_REC150.WAV,rain_heavy
256,-293.4492,46.07764,-18.011635,-5.5726523,-15.016513,13.9485445,-2.5394654,-2.6564224,1.7637942,13.909243,4.645972,20.164839,16.844852,rain_heavy_REC18.WAV,rain_heavy
257,-312.9677,47.88806,-14.435816,0.5357351,-12.401923,14.379499,-1.520942,2.0723388,1.09599,13.3418865,6.891821,18.876596,15.119998,rain_heavy_REC178.WAV,rain_heavy
258,-317.6808,48.932865,-13.901587,0.5581814,-11.41215,14.19661,-1.4382664,2.3702304,1.3564906,12.113256,6.544935,18.47019,16.150871,rain_heavy_REC187.WAV,rain_heavy
259,-302.30585,50.97329,-17.047853,-4.234589,-11.560557,14.10728,-2.0791292,0.1946648,1.9214919,12.046636,6.345422,19.53525,17.60908,rain_heavy_REC193.WAV,rain_heavy
260,-300.3179,52.286903,-15.535614,-4.30223,-14.417222,11.749857,-2.9477124,-0.6970746,1.6911441,13.227952,6.534366,20.670988,17.773987,rain_heavy_REC192.WAV,rain_heavy
261,-316.29538,49.895203,-13.430825,0.598396,-11.02451,15.020122,-1.9103519,1.7994817,1.0738513,11.864868,6.859154,19.105207,16.702568,rain_heavy_REC186.WAV,rain_heavy
262,-314.368,47.15737,-15.960528,-0.057665657,-10.266804,14.976643,-1.1204586,1.8599117,1.7138442,12.430043,5.701133,18.551975,16.174316,rain_heavy_REC179.WAV,rain_heavy
263,-289.85046,47.876266,-18.17375,-6.7065454,-15.515314,13.656646,-2.6865869,-2.7125852,2.0608437,14.5431795,5.184903,20.042221,17.45779,rain_heavy_REC19.WAV,rain_heavy
264,-308.87354,47.178967,-16.243637,-1.6830343,-13.817836,13.319847,-3.3572032,0.21935263,0.64812714,12.716353,5.885569,19.13663,15.165408,rain_heavy_REC151.WAV,rain_heavy
265,-297.53683,47.897606,-19.994331,-8.115624,-14.039018,14.228876,-1.4121333,-2.6574774,1.8602948,13.5825405,5.1067843,19.58916,17.625055,rain_heavy_REC31.WAV,rain_heavy
266,-305.24374,45.97038,-19.361578,-4.737528,-13.163461,14.735306,-2.7521155,-1.3584316,1.3799227,12.855961,3.9928827,19.35193,16.275667,rain_heavy_REC145.WAV,rain_heavy
267,-290.7287,47.358395,-20.082136,-7.8727074,-14.339246,13.5568285,-1.4425573,-4.7397623,1.1146666,14.528946,4.6777787,20.455547,17.249083,rain_heavy_REC25.WAV,rain_heavy
268,-290.65225,47.297325,-15.9717045,-3.747714,-13.762919,16.142866,-2.2894738,-1.0890926,2.6916463,13.650395,4.9732747,20.94089,17.840084,rain_heavy_REC227.WAV,rain_heavy
269,-291.97275,46.036083,-18.658697,-5.482236,-12.268677,16.539186,-0.7709897,-0.824702,3.7147086,13.851065,4.8231745,20.048218,17.381557,rain_heavy_REC233.WAV,rain_heavy
270,-285.7016,54.425987,-15.803257,-7.77434,-15.498542,12.720436,-4.2351084,-4.2317333,1.7259274,12.787635,5.7890115,22.012276,19.692314,rain_heavy_REC225.WAV,rain_heavy
271,-296.38702,48.57648,-14.732732,-3.2775369,-14.698371,13.7023115,-3.1009874,-0.72463626,2.6417022,13.83384,6.025901,19.711985,16.794003,rain_heavy_REC231.WAV,rain_heavy
272,-289.69604,54.3638,-19.043625,-10.752574,-14.266134,14.5363,1.2013888,0.3303419,3.2484963,12.479822,5.9120393,18.147892,17.44209,rain_heavy_REC219.WAV,rain_heavy
273,-295.14688,50.68825,-21.015894,-10.386735,-14.496467,13.058993,-1.8839438,-3.5943758,1.8805238,13.836326,5.9881444,18.870714,18.523102,rain_heavy_REC33.WAV,rain_heavy
274,-312.82037,45.459965,-15.053811,0.9394253,-12.89545,14.816326,-3.0882277,1.9415692,0.97723496,12.63747,5.2606745,18.618326,14.635448,rain_heavy_REC153.WAV,rain_heavy
275,-288.42865,48.241547,-20.386438,-9.392756,-14.85656,14.201239,-2.9345248,-4.6975894,1.4635736,13.424301,4.213512,19.4543,17.817438,rain_heavy_REC27.WAV,rain_heavy
276,-313.86533,48.51922,-16.97159,-1.8694111,-11.968237,14.336611,-1.857415,0.25616547,0.66501814,12.619453,5.443915,18.528812,14.771758,rain_heavy_REC147.WAV,rain_heavy
277,-311.4698,49.947758,-15.014529,-0.8451484,-10.660957,14.459594,-1.8162714,0.4618095,0.9451603,12.164837,6.81426,18.882902,16.461206,rain_heavy_REC190.WAV,rain_heavy
278,-319.02173,48.076614,-13.523593,2.168546,-10.567669,14.297618,-1.329646,3.4455047,1.5215238,11.867981,6.582997,18.16919,15.634117,rain_heavy_REC184.WAV,rain_heavy
279,-315.8915,46.948227,-12.953294,1.8230132,-12.498421,15.028919,-1.5172498,2.5891738,0.9149645,12.083306,6.398836,19.544178,16.092794,rain_heavy_REC185.WAV,rain_heavy
280,-313.56,47.54485,-14.425308,0.6827378,-11.035874,14.443278,-1.6025393,1.6965638,1.2088118,12.007543,6.7082005,20.334845,16.810678,rain_heavy_REC191.WAV,rain_heavy
281,-313.136,47.7028,-17.95462,-3.7209113,-12.533213,15.708731,-1.9439182,-0.03232759,0.4701578,12.010695,5.1495857,18.152426,15.407261,rain_heavy_REC146.WAV,rain_heavy
282,-289.25162,50.177048,-20.45433,-9.611142,-14.204304,13.468087,-2.3715215,-4.2114205,1.9843681,13.439834,4.4470673,19.645943,18.082584,rain_heavy_REC26.WAV,rain_heavy
283,-309.51584,44.638374,-16.028784,-0.14959866,-13.736861,14.22664,-2.883538,0.79050267,0.8916514,13.66866,4.9850874,19.09652,15.365312,rain_heavy_REC152.WAV,rain_heavy
284,-292.43958,45.732628,-19.6215,-7.5107374,-15.417301,14.862131,-2.8417885,-3.0244515,1.5670344,13.907062,4.9534154,19.64744,18.639463,rain_heavy_REC32.WAV,rain_heavy
285,-296.96265,49.86326,-15.780525,-3.7480853,-13.43215,14.409973,-2.2377393,0.33568886,3.229693,13.596542,5.6971874,19.357134,17.256256,rain_heavy_REC218.WAV,rain_heavy
286,-297.01532,47.90379,-15.901014,-2.6049325,-12.942671,14.182377,-1.693658,-0.39571387,2.0311785,13.546769,5.789269,19.63515,17.119104,rain_heavy_REC230.WAV,rain_heavy
287,-293.24927,49.196213,-15.185534,-4.3597817,-14.3653755,15.122176,-2.7111077,-1.7408097,2.6921008,13.046135,4.5360026,21.742256,18.773203,rain_heavy_REC224.WAV,rain_heavy
288,-281.1052,49.49898,-17.739986,-7.1538763,-13.884004,16.034649,-1.9953521,-2.6087215,2.710145,13.384785,3.6864846,19.100327,17.621609,rain_heavy_REC243.WAV,rain_heavy
289,-275.17044,67.75724,-16.51673,-8.903922,-7.3154597,1.3018914,-16.051779,-0.2527323,2.4617136,3.4882638,12.489804,15.334797,19.915916,rain_heavy_REC257.WAV,rain_heavy
290,-297.63422,43.326416,-19.669317,-5.311688,-16.309195,13.727162,-4.535295,-2.4835994,-0.85001636,11.842627,3.0184999,18.30386,15.672715,rain_heavy_REC109.WAV,rain_heavy
291,-300.32333,44.726536,-17.900017,-5.6530285,-15.530324,15.7269125,-2.448122,-2.2278376,1.2838172,13.571037,4.8434553,19.933933,17.374678,rain_heavy_REC69.WAV,rain_heavy
292,-310.11624,46.4118,-16.7288,-1.4137406,-14.292205,12.751532,-3.2088397,1.3566505,-0.34876928,11.327522,4.719857,17.816305,15.159765,rain_heavy_REC135.WAV,rain_heavy
293,-293.09756,48.438362,-20.08973,-9.256027,-16.43915,13.231786,-1.6684622,-2.878185,1.7080013,14.521795,5.2754827,20.028015,17.90274,rain_heavy_REC55.WAV,rain_heavy
294,-302.23682,38.36678,-20.023348,-4.9291353,-18.472702,13.404983,-6.576639,-4.192474,-2.1651745,11.36085,1.427781,17.38817,12.528988,rain_heavy_REC121.WAV,rain_heavy
295,-286.15207,48.139385,-19.619839,-9.375266,-15.754741,15.24154,-2.8303785,-4.443539,1.4183104,14.326514,5.169027,20.154846,17.617876,rain_heavy_REC41.WAV,rain_heavy
296,-299.6717,41.82652,-17.716772,-2.0708323,-15.340999,14.466358,-3.8936539,-2.0312622,0.12198012,14.010873,3.6969945,20.159023,15.585582,rain_heavy_REC96.WAV,rain_heavy
297,-291.9086,49.021183,-19.865362,-9.034529,-16.563614,13.359331,-2.799937,-2.6399307,1.4199256,14.052192,5.0286326,19.107506,16.665236,rain_heavy_REC82.WAV,rain_heavy
298,-299.06018,42.731915,-18.040432,-3.853561,-15.378652,15.96359,-2.8825388,-1.5270101,1.2153116,14.237536,4.0683227,19.711891,16.50486,rain_heavy_REC83.WAV,rain_heavy
299,-299.52454,42.312077,-18.37954,-3.375947,-15.509956,13.608062,-5.0392847,-1.9940971,0.96909946,13.317285,3.8782835,19.97377,15.570324,rain_heavy_REC97.WAV,rain_heavy
300,-283.13562,47.411884,-20.785078,-9.90188,-16.35387,14.927151,-2.3578026,-4.844606,1.3754967,14.000192,3.2729468,20.08863,17.498362,rain_heavy_REC40.WAV,rain_heavy
301,-296.1859,42.08197,-23.458296,-10.901275,-20.44614,10.296068,-6.890954,-5.7485533,-1.4556073,10.510543,-0.118625335,15.855861,12.191952,rain_heavy_REC120.WAV,rain_heavy
302,-290.25348,49.094265,-19.91255,-10.224503,-17.225742,13.505466,-1.8820065,-2.8148525,2.7041068,14.723753,4.572028,19.332687,17.279398,rain_heavy_REC54.WAV,rain_heavy
303,-309.96252,41.76081,-15.667278,1.5420113,-13.88218,14.404785,-3.8528183,0.9369347,-0.19550197,12.286776,3.959366,18.23085,13.971142,rain_heavy_REC134.WAV,rain_heavy
304,-298.82306,43.80191,-17.656223,-4.8656206,-15.842962,15.243693,-2.4716618,-0.38361186,2.8646286,14.231498,4.5645566,19.089037,16.603344,rain_heavy_REC68.WAV,rain_heavy
305,-292.86578,45.72445,-21.924353,-9.891867,-16.727497,13.80393,-4.6580243,-3.49283,0.5744284,11.748175,3.2146916,18.108984,15.574085,rain_heavy_REC108.WAV,rain_heavy
306,-290.90237,72.14117,-12.50599,-4.216766,-3.9659936,-0.6079416,-14.203391,-5.0609417,-2.7950191,0.016610522,8.448621,14.271153,18.13083,rain_heavy_REC256.WAV,rain_heavy
307,-284.64542,49.779263,-16.727167,-5.8896194,-14.140539,15.462168,-2.016909,-2.2107866,2.4338374,13.462697,4.3034997,19.42632,17.850334,rain_heavy_REC242.WAV,rain_heavy
308,-294.74536,71.35788,-16.36256,-8.55538,-3.1558208,1.3706583,-13.42517,-7.001637,-1.574889,1.4759071,9.459969,14.669922,18.714617,rain_heavy_REC254.WAV,rain_heavy
309,-288.4184,47.90961,-17.094618,-5.098944,-13.542988,15.550406,-1.3829445,-1.2721088,3.021484,14.311798,5.4246817,20.421272,18.220093,rain_heavy_REC240.WAV,rain_heavy
310,-298.20816,43.232372,-18.618443,-5.1965604,-18.74077,10.706923,-7.208208,-4.6171837,-2.2743983,10.90266,1.8481556,17.85047,14.307173,rain_heavy_REC122.WAV,rain_heavy
311,-284.8279,48.714798,-20.239695,-10.56705,-16.239496,15.445216,-2.6139455,-3.4077792,1.9125084,13.139217,4.5583725,19.350567,17.421238,rain_heavy_REC42.WAV,rain_heavy
312,-299.5462,45.591347,-20.786705,-5.230394,-12.890987,12.5129175,-4.2973127,-0.8372986,1.8571779,11.97454,3.4966671,17.569141,15.988557,rain_heavy_REC136.WAV,rain_heavy
313,-297.78638,43.67985,-16.993608,-4.7058935,-15.942517,15.296325,-3.3064504,-1.8909569,1.6433243,13.684222,4.920433,20.024853,16.865067,rain_heavy_REC56.WAV,rain_heavy
314,-299.5819,44.691284,-17.203896,-3.4945579,-14.928664,12.719871,-2.396089,-2.8066802,1.1937063,14.0365,3.643021,20.645658,17.281881,rain_heavy_REC9.WAV,rain_heavy
315,-294.23825,47.733482,-19.096575,-7.482444,-15.820072,14.598114,-3.2138987,-2.2403347,1.4067448,13.304676,4.5582113,19.437216,17.235209,rain_heavy_REC81.WAV,rain_heavy
316,-298.82883,43.582706,-17.80231,-2.7185836,-15.379811,14.1496315,-3.9094641,-1.6143535,0.06068816,13.399191,4.6429644,20.536406,15.681783,rain_heavy_REC95.WAV,rain_heavy
317,-298.8082,43.195667,-17.471895,-2.7019076,-16.079578,13.485274,-4.339112,-0.8417777,0.37863192,13.430236,4.759662,20.698965,16.270977,rain_heavy_REC94.WAV,rain_heavy
318,-294.84665,41.496746,-18.6384,-4.960205,-16.856243,15.706176,-3.879044,-2.1493778,0.88515115,13.902865,3.5958514,19.471315,17.1584,rain_heavy_REC80.WAV,rain_heavy
319,-306.30792,44.0044,-16.329838,-2.8849888,-14.3597,13.665044,-2.9228034,-1.7816045,1.7834561,13.710029,5.105891,19.752464,16.786037,rain_heavy_REC8.WAV,rain_heavy
320,-295.82382,49.025627,-19.050062,-8.167697,-15.28727,13.777627,-2.1451714,-2.3799188,2.2177114,14.120697,5.8247485,19.377556,16.99939,rain_heavy_REC57.WAV,rain_heavy
321,-307.95035,43.17039,-17.686653,-1.2865267,-13.373517,13.986698,-3.9745617,-0.09216502,1.0729916,12.461989,3.5602586,18.908682,15.527146,rain_heavy_REC137.WAV,rain_heavy
322,-275.9707,48.94956,-24.658085,-13.456446,-13.337511,13.732696,-3.319828,-5.4097004,4.0283084,13.499414,2.468524,20.11495,19.440767,rain_heavy_REC43.WAV,rain_heavy
323,-298.89117,42.03812,-18.579676,-5.4810224,-18.739326,13.398812,-5.5259247,-3.5547264,-1.3505447,12.063357,2.5199924,18.144207,13.782125,rain_heavy_REC123.WAV,rain_heavy
324,-284.7691,45.71804,-17.48381,-4.903273,-13.832803,16.582724,-2.171614,-1.8952727,2.5110486,13.531743,3.9054463,20.22046,18.172682,rain_heavy_REC241.WAV,rain_heavy
325,-283.61215,73.03537,-13.557995,-6.0493965,-4.269955,-0.28459698,-15.674504,-6.531894,-2.6789377,0.24720107,8.635399,13.170903,17.760513,rain_heavy_REC255.WAV,rain_heavy
326,-286.48712,50.144375,-17.019054,-5.968217,-14.475712,13.237502,-2.1622734,-2.25983,2.4210699,13.990789,5.12986,20.373346,19.583696,rain_heavy_REC251.WAV,rain_heavy
327,-284.03766,47.15859,-17.650162,-6.046567,-14.481114,15.9062195,-1.777038,-2.1380785,2.497598,14.21175,4.594412,20.199238,18.460497,rain_heavy_REC245.WAV,rain_heavy
328,-276.16922,51.635056,-21.58645,-13.235984,-18.006407,12.475204,-3.1085362,-5.4008427,2.066362,14.662418,4.4409647,20.001554,17.306643,rain_heavy_REC47.WAV,rain_heavy
329,-297.95984,44.63606,-21.358078,-6.985214,-13.464704,13.545598,-5.8826156,-3.9792507,1.1747243,12.627861,3.9020789,18.408613,16.242163,rain_heavy_REC127.WAV,rain_heavy
330,-289.7682,46.848217,-19.334158,-8.956835,-17.446592,14.66305,-2.6186295,-2.1280048,2.0845127,13.489025,4.3283405,20.066494,18.521519,rain_heavy_REC53.WAV,rain_heavy
331,-309.89743,41.05434,-15.33669,1.3192956,-14.532407,14.936645,-4.2776875,-0.09948261,-0.278161,13.123287,3.7813687,18.39259,14.289568,rain_heavy_REC133.WAV,rain_heavy
332,-299.30164,45.1787,-18.575155,-5.6133714,-15.95173,15.048846,-3.0634563,-2.3960738,0.6555983,13.687402,4.294364,20.345936,16.94995,rain_heavy_REC84.WAV,rain_heavy
333,-301.81244,48.209904,-17.39481,-5.2242694,-16.12612,13.271383,-4.5606823,-2.6927412,0.40717512,13.836549,5.9214716,20.498499,17.193167,rain_heavy_REC90.WAV,rain_heavy
334,-296.98004,42.14985,-17.617468,-2.9428911,-15.832237,15.199033,-3.7143366,-1.4519762,1.2513674,13.920092,3.3789258,20.089977,16.155996,rain_heavy_REC91.WAV,rain_heavy
335,-298.4354,45.64079,-17.327456,-4.923425,-16.52325,15.029963,-3.4228625,-2.319556,1.5038203,14.597818,3.9557886,19.572756,16.929089,rain_heavy_REC85.WAV,rain_heavy
336,-307.7976,48.788467,-18.993528,-5.7957253,-14.541876,13.516623,-1.6395229,-0.18781333,0.098789364,10.900897,3.6357532,17.695326,15.380877,rain_heavy_REC132.WAV,rain_heavy
337,-292.2165,46.68436,-19.236635,-8.185332,-16.71764,14.256239,-1.9742187,-2.6019564,2.0386186,14.157033,3.9398706,19.003183,17.382122,rain_heavy_REC52.WAV,rain_heavy
338,-289.41855,46.365,-20.981127,-9.433297,-17.821589,11.091019,-6.4696107,-3.45047,1.7174221,12.003925,2.9442883,19.068449,15.803897,rain_heavy_REC126.WAV,rain_heavy
339,-285.36133,49.718887,-19.859919,-10.333243,-16.377357,14.432949,-2.5616364,-4.2751226,1.160534,13.003113,3.759959,19.723759,18.106464,rain_heavy_REC46.WAV,rain_heavy
340,-283.15927,47.703835,-18.059788,-6.8352885,-14.80583,16.022812,-1.6201926,-2.455523,2.4341245,13.638898,3.6959314,20.293947,18.379133,rain_heavy_REC244.WAV,rain_heavy
341,-290.37436,48.016003,-17.12368,-5.0165453,-12.894332,15.880644,-1.464332,-2.5843909,2.302167,14.518458,5.7055655,20.027517,18.344543,rain_heavy_REC250.WAV,rain_heavy
342,-287.889,45.23817,-16.547169,-3.9244006,-14.304715,16.536558,-1.6101183,-0.8730706,2.8828042,14.637119,5.0636206,20.71884,17.418566,rain_heavy_REC246.WAV,rain_heavy
343,-330.10892,65.8608,-11.83927,-2.7675924,-7.6881895,4.656567,-0.71575767,3.859017,1.2475759,6.4856796,10.633222,17.794931,17.535297,rain_heavy_REC252.WAV,rain_heavy
344,-291.28162,48.230137,-18.564379,-9.334601,-18.129786,14.3063,-3.2278855,-3.0958123,2.1595619,13.950651,4.0641108,20.339169,18.142601,rain_heavy_REC50.WAV,rain_heavy
345,-305.2454,44.204742,-17.21314,-2.3359363,-15.195391,13.424903,-4.0455914,-1.6367129,0.51436543,13.8323965,4.0374174,18.50741,14.412037,rain_heavy_REC130.WAV,rain_heavy
346,-285.85455,51.151638,-22.18292,-12.39042,-14.972245,13.087371,-3.0441124,-4.8481135,1.9101131,13.156046,4.86248,19.323967,18.755219,rain_heavy_REC44.WAV,rain_heavy
347,-300.4622,38.93611,-17.293352,-2.3893805,-18.068506,14.347388,-6.1386485,-2.435767,-0.7783214,12.699425,2.8635952,18.769676,13.445202,rain_heavy_REC124.WAV,rain_heavy
348,-290.59363,42.936356,-19.07874,-5.452512,-15.919581,15.697171,-3.77011,-2.2877548,1.6454754,13.792423,2.8588169,19.5484,17.367847,rain_heavy_REC78.WAV,rain_heavy
349,-300.0335,36.825806,-19.972734,-4.2911487,-18.862053,12.719851,-8.205573,-4.6950474,-2.443372,10.977134,0.16626373,15.725573,12.420131,rain_heavy_REC118.WAV,rain_heavy
350,-299.40686,44.856762,-19.966305,-5.2571564,-13.496533,14.504499,-3.9550724,-1.219308,2.1946483,13.0187645,4.2784815,19.632154,16.7087,rain_heavy_REC93.WAV,rain_heavy
351,-292.88568,48.680973,-23.999662,-11.234114,-11.84182,13.761695,-4.5698743,-3.792621,3.624604,12.681688,4.9641027,19.13699,18.225636,rain_heavy_REC87.WAV,rain_heavy
352,-297.66406,45.828495,-19.252968,-6.1315827,-15.28294,14.440191,-3.3587284,-1.6529323,2.1714675,13.707118,3.457987,19.353235,17.272943,rain_heavy_REC86.WAV,rain_heavy
353,-289.84586,47.733025,-22.251053,-9.458884,-14.09535,13.551968,-3.9932797,-2.3013585,3.4686763,13.406374,4.0011077,19.127674,17.749498,rain_heavy_REC92.WAV,rain_heavy
354,-309.8658,43.50043,-24.754053,-10.901907,-17.995905,8.394339,-8.328308,-7.0205507,-4.1272798,8.049925,0.6136374,13.506236,11.234373,rain_heavy_REC119.WAV,rain_heavy
355,-299.02957,45.624092,-19.08346,-5.7992535,-15.009538,14.4925,-3.13408,-1.7448032,1.7694614,13.675156,4.5395947,19.759296,16.7118,rain_heavy_REC79.WAV,rain_heavy
356,-292.19504,41.777145,-22.641962,-8.485432,-15.830388,14.640968,-4.5140643,-3.5877368,0.74345183,12.313571,2.6113203,18.124739,15.667997,rain_heavy_REC125.WAV,rain_heavy
357,-283.68552,46.439198,-20.057487,-9.12535,-16.60093,14.89521,-2.8359077,-4.105041,1.8070265,13.803026,3.1197512,20.198496,17.36356,rain_heavy_REC45.WAV,rain_heavy
358,-311.65256,43.047195,-18.848715,-3.0540144,-13.65062,15.531389,-1.9074135,0.5203673,-0.50748694,10.707664,3.410683,18.749681,15.760546,rain_heavy_REC131.WAV,rain_heavy
359,-283.20963,47.369408,-20.090244,-12.219768,-20.504698,14.462081,-2.1404192,-2.3215628,2.8818464,14.3270235,3.397447,18.700943,17.06395,rain_heavy_REC51.WAV,rain_heavy
360,-288.97418,71.14027,-14.725965,-6.8341722,-3.906126,0.82979625,-13.944281,-5.1018176,-2.0202043,-0.24346401,8.876018,14.251034,17.456587,rain_heavy_REC253.WAV,rain_heavy
361,-285.534,45.953903,-17.662495,-5.6457586,-14.586035,16.165758,-1.4858724,-1.6713524,3.168366,14.67405,4.2153044,20.736116,18.226622,rain_heavy_REC247.WAV,rain_heavy
362,-317.87567,65.97714,-10.569447,-2.5251005,-10.828323,-0.8094459,-11.464526,0.007862091,3.4742253,8.728006,11.154267,17.648735,19.550234,rain_med_REC3.WAV,rain_med
363,-321.46017,65.78966,-10.601115,-1.7655402,-9.6611395,0.464095,-9.496067,0.8301329,2.3524024,7.6898856,11.560804,17.848696,18.549318,rain_med_REC2.WAV,rain_med
364,-322.48715,64.76481,-11.312027,-1.81514,-8.527909,-0.13221274,-9.8635645,-0.42255592,2.351436,7.8764696,12.053685,19.750645,20.785166,rain_med_REC1.WAV,rain_med
365,-319.0067,67.34697,-10.532792,-3.5197868,-12.260234,-1.8136544,-9.94778,1.4709823,4.3239713,9.453497,11.992413,18.86406,18.844473,rain_med_REC5.WAV,rain_med
366,-321.22745,66.29164,-12.941722,-5.1318045,-11.294349,-0.17682907,-8.177227,1.008635,3.4967942,9.007589,11.8297,18.618698,18.51852,rain_med_REC4.WAV,rain_med
367,-318.8693,66.42206,-10.788766,-2.7764637,-10.594301,-0.8432324,-10.933164,0.8374347,4.3822584,9.331028,11.647559,17.758987,18.6099,rain_med_REC6.WAV,rain_med
368,-317.6792,66.17722,-13.216165,-4.3476343,-9.179987,-0.25594306,-9.908624,-0.3589165,3.5682101,8.642469,11.300153,17.868162,19.409542,rain_med_REC7.WAV,rain_med
369,-323.2439,67.089035,-13.965547,-6.6495833,-10.334889,1.2564551,-5.206503,0.3953828,2.6589139,10.040551,13.986654,19.858274,19.149094,rain_med_REC16.WAV,rain_med
370,-284.45612,70.41002,-14.307083,-9.015932,-10.772547,-1.5864418,-16.43753,-3.0193627,3.0092483,6.8796415,12.047827,16.88188,20.108585,rain_med_REC14.WAV,rain_med
371,-281.66693,69.9331,-13.991595,-8.449496,-11.000416,-2.7743878,-15.8980465,-2.653315,3.210034,7.704598,12.872781,17.344206,19.992407,rain_med_REC15.WAV,rain_med
372,-299.75293,69.601105,-13.6724205,-7.3882456,-9.65161,0.08443593,-13.145057,-3.2104115,1.5084321,6.533867,11.435701,17.367775,20.140028,rain_med_REC11.WAV,rain_med
373,-321.90372,67.83284,-11.945874,-5.0562606,-13.088885,-1.286814,-7.980733,0.3720668,2.2661438,10.179252,14.233967,20.926464,19.091753,rain_med_REC10.WAV,rain_med
374,-293.00436,68.184875,-14.0680685,-6.9446716,-8.948592,0.04462381,-14.42755,-2.6703959,2.3106127,6.1439104,11.048978,16.7805,20.164282,rain_med_REC12.WAV,rain_med
375,-298.29205,65.97158,-13.781546,-6.662917,-10.2823105,1.0161147,-13.220067,-0.7410081,3.6030354,7.346142,11.996694,17.614275,19.969614,rain_med_REC13.WAV,rain_med
376,-309.87982,67.65028,-14.067985,-5.7601132,-8.054381,1.5379841,-9.119944,0.6147205,3.4862175,6.59585,10.408704,17.16775,19.09645,rain_med_REC9.WAV,rain_med
377,-319.67758,66.24551,-13.550329,-3.9223998,-6.9381866,1.9606656,-8.012197,0.8228734,3.6049972,6.8113685,9.495024,16.235147,18.398882,rain_med_REC8.WAV,rain_med
378,-324.1676,66.254196,-7.800754,-4.6552396,-21.567928,-5.5486856,-10.449912,1.1143436,1.2906654,11.478145,16.518303,25.313732,23.566095,snow_REC3.WAV,snow
379,-327.54147,65.29722,-7.745053,-2.2183623,-18.662067,-5.004834,-9.465745,1.7760302,1.9882079,11.92653,16.183025,23.997143,21.069185,snow_REC2.WAV,snow
380,-332.64594,60.92252,-9.64652,1.1267955,-12.213305,-2.712587,-7.6395564,2.373738,1.5893862,10.26852,15.397284,23.76073,20.848131,snow_REC1.WAV,snow
381,-333.35294,65.003654,-6.686456,-0.993003,-18.611885,-2.9754004,-7.071851,2.4293768,-0.5678755,9.012019,13.538,23.470228,21.746328,snow_REC5.WAV,snow
382,-323.34586,68.0333,-6.326902,-4.7155066,-22.467403,-6.0584397,-10.725776,0.3793992,0.4606172,11.020453,16.804394,25.986053,24.142544,snow_REC4.WAV,snow
383,-336.21173,64.26917,-5.9751234,0.57664704,-17.204155,-3.0962012,-6.9609957,3.1702387,0.60797775,9.448707,13.341552,22.579195,21.086971,snow_REC6.WAV,snow
384,-340.0432,61.557167,-8.569451,1.4391503,-13.05542,-0.55726063,-4.1775618,5.554159,3.2392645,10.472807,12.967575,21.155876,18.460897,snow_REC7.WAV,snow
385,-325.50943,63.51019,-16.437326,-5.906973,-5.317508,3.3534946,-2.6840394,2.899424,3.9042833,8.533449,13.027054,18.289598,19.118484,snow_REC8.WAV,snow
386,-328.79184,61.74157,-14.680908,-4.1080565,-8.082696,6.6976604,0.14133008,6.017526,3.3477612,7.815114,11.004795,16.713047,16.518972,whitenoise_REC3.WAV,whitenoise
387,-335.3866,65.58091,-8.273908,-0.40223804,-11.191331,4.255026,-0.054651693,5.3517613,1.5655676,8.304832,10.59691,17.657558,16.706081,whitenoise_REC2.WAV,whitenoise
388,-322.0532,62.98065,-10.638009,-1.1508521,-8.891271,3.7887049,-2.5365508,5.3383408,3.5374048,7.856341,10.937507,16.922613,15.456631,whitenoise_REC0.WAV,whitenoise
389,-335.39792,65.694984,-9.459435,-1.2071506,-10.0244255,6.271226,1.7952437,6.7983694,2.8122792,8.68077,10.533817,16.889494,15.606113,whitenoise_REC1.WAV,whitenoise
390,-314.98813,62.13987,-15.875649,-2.3999393,-1.6370001,4.8843555,-5.1225486,4.8322597,7.943448,8.47195,11.686425,18.418083,20.035374,whitenoise_REC5.WAV,whitenoise
391,-299.3194,68.81554,-19.021305,-9.742077,-2.5830164,7.2938223,-3.7537873,3.7783103,6.6140375,6.9841614,13.26759,18.79685,20.870764,whitenoise_REC4.WAV,whitenoise
392,-323.59195,62.24626,-13.841901,-1.9207032,-5.8024445,4.6638517,-3.271362,5.301277,6.7079015,9.677126,10.900203,17.34377,17.572882,whitenoise_REC6.WAV,whitenoise
393,-325.1525,62.82315,-14.742293,-4.461063,-7.867401,4.6168823,-2.7698514,4.590616,6.0931845,9.772468,10.634715,16.931396,17.94306,whitenoise_REC7.WAV,whitenoise
394,-346.8944,62.996613,-8.989556,1.6825026,-7.9669404,6.386327,2.5156038,7.518724,3.274459,9.084185,10.455041,16.895267,15.57198,whitenoise_REC17.WAV,whitenoise
395,-351.48093,61.641674,-8.359589,2.9487784,-6.733566,7.0939035,2.287745,6.8507833,2.9870427,8.718472,10.50713,17.090256,15.882631,whitenoise_REC16.WAV,whitenoise
396,-342.75055,65.988174,-5.4176564,2.5492842,-12.127415,3.337244,-0.67127496,6.147072,0.9338748,8.393477,10.132013,17.346273,16.217863,whitenoise_REC28.WAV,whitenoise
397,-361.24902,58.978867,-8.956781,3.6407282,-6.0488048,6.4392257,2.0500538,7.5479445,3.9000587,8.605592,10.154961,16.402678,15.455469,whitenoise_REC14.WAV,whitenoise
398,-351.28586,61.230156,-8.791167,1.9491811,-7.998874,6.16054,1.7869647,7.018456,3.2187908,8.973741,10.889419,17.041765,15.887562,whitenoise_REC15.WAV,whitenoise
399,-352.65134,61.432465,-7.482735,3.2796528,-8.908399,6.5369954,2.248776,7.631375,2.2936554,8.62362,9.740995,16.371708,16.09907,whitenoise_REC29.WAV,whitenoise
400,-325.34885,65.49227,-13.023918,-6.8001747,-12.280799,6.632269,1.2008662,5.593416,2.7709339,7.813882,10.639957,18.90579,19.615,whitenoise_REC11.WAV,whitenoise
401,-326.312,64.7333,-13.557881,-6.44522,-10.931694,7.2713437,1.8039608,5.8190136,3.0799634,8.315513,11.258047,18.601704,18.861177,whitenoise_REC10.WAV,whitenoise
402,-319.90796,67.81611,-15.633772,-10.856658,-12.8563175,5.8102775,-0.17750296,4.6119075,4.003768,8.899337,11.825182,18.428133,19.420855,whitenoise_REC12.WAV,whitenoise
403,-348.94016,61.622066,-11.32272,-0.022934355,-7.902383,5.800442,2.0398958,6.230499,2.2049537,7.9861393,10.135211,16.90312,15.785441,whitenoise_REC13.WAV,whitenoise
404,-343.0865,65.18366,-7.3946767,1.2420808,-11.97378,3.798409,0.47511265,5.7954445,-0.704998,7.13312,10.897376,18.881878,16.95561,whitenoise_REC36.WAV,whitenoise
405,-342.87433,64.45302,-7.17264,2.4422889,-8.628695,7.3284893,2.882824,6.4253707,0.6939329,9.254266,11.962924,17.270292,14.208241,whitenoise_REC22.WAV,whitenoise
406,-346.62943,62.629765,-8.116662,1.1241841,-11.977915,3.4847019,0.8500289,6.1689367,0.055957,8.022817,11.340251,18.052542,16.015123,whitenoise_REC23.WAV,whitenoise
407,-346.46756,62.396454,-6.924755,2.919905,-10.240207,6.1771483,1.1083335,7.1047335,1.5678102,8.577064,10.825618,18.225231,17.418327,whitenoise_REC37.WAV,whitenoise
408,-343.64056,62.143433,-8.970012,1.0792825,-11.02346,5.511761,2.4989772,7.030863,0.026969928,7.145178,9.714339,17.72718,16.75792,whitenoise_REC21.WAV,whitenoise
409,-351.8645,62.389618,-6.594064,3.4383285,-10.326577,3.7260144,0.59167516,6.66549,0.294758,7.0705104,10.156283,17.576523,17.149097,whitenoise_REC34.WAV,whitenoise
410,-360.4431,59.899384,-4.959772,6.2671294,-8.164754,5.0172806,-0.1993959,7.216951,3.6015217,9.304709,10.259126,16.323193,15.676349,whitenoise_REC20.WAV,whitenoise
411,-342.33133,63.150204,-10.041084,-1.3813659,-11.833798,6.459377,2.7807674,6.2229257,-0.401943,8.024664,11.568009,18.351406,15.967529,whitenoise_REC24.WAV,whitenoise
412,-379.48987,54.968014,-5.268704,8.822422,-4.4084673,7.4274287,1.6716855,7.721904,3.695602,9.099767,10.525361,15.840417,15.271485,whitenoise_REC30.WAV,whitenoise
413,-345.704,61.50674,-5.4925947,4.364779,-10.894472,5.175722,0.03868506,7.0458813,1.5305293,9.146473,11.551954,18.450418,17.21917,whitenoise_REC18.WAV,whitenoise
414,-349.30905,61.713573,-4.2489414,5.1196284,-11.111793,4.511861,-0.7032819,6.138935,0.47507575,7.9333563,11.149014,19.188581,19.330746,whitenoise_REC19.WAV,whitenoise
415,-400.02286,51.78442,-4.608928,9.156556,-1.9364247,6.30757,2.2967217,7.189284,5.345911,9.130117,10.564099,14.300259,14.803254,whitenoise_REC31.WAV,whitenoise
416,-341.12677,62.566986,-5.6383324,3.8626997,-11.605642,4.354694,-0.8701275,7.431252,2.3187368,9.33096,10.44593,17.686832,16.590984,whitenoise_REC25.WAV,whitenoise
417,-369.60727,58.27434,-7.1054745,4.3522635,-8.437124,5.4444304,2.5832384,9.141495,3.287402,7.4313655,9.436281,15.883393,15.294546,whitenoise_REC33.WAV,whitenoise
418,-340.78616,65.627335,-5.68876,2.2920651,-12.993618,2.3823018,-0.8282926,6.5426283,0.9364973,7.4157114,8.960484,17.276512,15.93467,whitenoise_REC27.WAV,whitenoise
419,-336.9377,65.70816,-7.314083,-0.54094714,-15.415269,1.8298047,0.20036212,7.9293303,1.1342709,7.1558,8.842738,16.247648,15.033532,whitenoise_REC26.WAV,whitenoise
420,-373.21164,56.120525,-7.620215,4.3561983,-8.632937,4.3720584,2.4139123,8.744964,2.530256,7.41036,9.67766,15.804048,15.440839,whitenoise_REC32.WAV,whitenoise
421,-330.99136,61.38164,-12.382985,-2.9894621,-9.843839,7.4142685,1.4900999,6.755157,3.9484928,8.750775,10.484338,18.266655,17.786932,whitenoise_REC9.WAV,whitenoise
422,-329.19324,64.17118,-11.328404,-2.225232,-9.532725,3.1131957,-2.7511652,5.411866,5.3662972,9.385659,10.082974,16.271957,16.785059,whitenoise_REC8.WAV,whitenoise
423,-112.820404,21.94168,-33.455017,-0.30263117,-1.3336697,3.5674686,-9.453219,8.261498,5.3483105,5.0158143,7.3344817,14.780028,12.71007,hail_heavy_REC3.WAV,hail_heavy
424,-125.30638,24.322311,-33.381626,-1.8956153,-1.9625366,1.924964,-9.729536,7.9251866,5.683499,5.678926,8.311702,15.586523,14.0535,hail_heavy_REC2.WAV,hail_heavy
425,-121.74136,21.2056,-34.549118,-1.4415781,-0.6146864,3.8890784,-9.944392,6.8740373,5.214739,5.9018025,8.381456,15.394522,13.4392605,hail_heavy_REC1.WAV,hail_heavy
426,-122.43731,20.703579,-33.49302,-0.11613357,-1.7926801,2.9535208,-9.053709,9.023114,5.350693,5.584149,8.2216015,15.526984,12.771035,hail_heavy_REC5.WAV,hail_heavy
427,-186.9314,32.189922,-30.198488,-4.813487,-5.191324,2.0075874,-10.10969,8.854547,6.5849957,5.395943,9.589474,16.407234,15.264806,hail_heavy_REC4.WAV,hail_heavy
428,-121.74255,20.126793,-33.86921,-0.83502996,-2.299132,4.0601044,-8.294601,9.197246,5.699833,6.0118847,7.4540796,14.427168,11.876735,hail_heavy_REC6.WAV,hail_heavy
429,-154.03088,25.486862,-33.12766,-2.8529418,-2.7942908,2.3047686,-8.304475,10.303876,7.0530777,5.146508,7.967314,15.562589,13.493646,hail_heavy_REC7.WAV,hail_heavy
430,-108.9124,22.140947,-35.43641,-2.2195647,-0.5591691,2.8623378,-8.92777,8.642465,5.3312764,3.7578275,6.7571735,14.776328,12.605829,hail_heavy_REC17.WAV,hail_heavy
431,-137.56511,24.245022,-34.061012,-2.7485063,-2.1720138,2.188577,-8.59322,9.2917385,6.7468443,5.720285,8.176002,15.135687,12.289586,hail_heavy_REC16.WAV,hail_heavy
432,-136.77806,23.037573,-32.310574,-0.34261125,-2.3123367,3.5229526,-8.706571,8.309645,5.342356,6.21355,7.9000173,14.941101,11.747185,hail_heavy_REC14.WAV,hail_heavy
433,-146.465,27.707563,-34.766293,-5.6940756,-1.4974625,2.6183527,-8.605346,9.308696,7.6651673,4.337943,7.3247695,14.158652,13.746077,hail_heavy_REC15.WAV,hail_heavy
434,-168.69624,29.272495,-31.593004,-2.9252558,-2.8180792,2.1936693,-7.5922303,9.727343,6.5566645,5.0826497,8.034198,15.854641,14.39653,hail_heavy_REC11.WAV,hail_heavy
435,-120.397575,19.711088,-35.172527,-1.226625,-0.72316456,2.4516492,-9.500245,9.662107,7.500261,5.4847007,6.894279,14.92166,12.900759,hail_heavy_REC10.WAV,hail_heavy
436,-129.9518,21.88804,-34.735928,-1.9371821,-0.87353915,3.499569,-8.883251,10.0561695,6.5004826,4.7405825,7.3785005,13.773359,12.314696,hail_heavy_REC12.WAV,hail_heavy
437,-153.98177,25.37607,-33.598118,-2.7664697,-1.6545178,2.4473507,-7.350163,10.325228,6.667392,4.580761,7.469625,15.730501,13.218902,hail_heavy_REC13.WAV,hail_heavy
438,-249.53816,29.16002,-15.200449,3.483491,-21.340471,9.257022,-5.6921616,8.568667,-1.9598043,12.156057,5.816309,11.955357,12.644242,hail_heavy_REC22.WAV,hail_heavy
439,-277.19226,40.91743,-13.689883,1.1432276,-18.755701,9.876364,-2.7730165,8.918674,-0.54402304,12.1606655,8.0246105,13.105385,13.958486,hail_heavy_REC21.WAV,hail_heavy
440,-272.767,53.28684,-5.885039,7.2587166,-7.5644717,12.500471,2.0212538,8.231692,1.5889355,11.9610615,9.609489,13.654699,13.631314,hail_heavy_REC20.WAV,hail_heavy
441,-121.1937,23.155712,-34.82862,-2.441697,-1.1477044,2.2667236,-8.84083,8.824565,5.9437265,4.421296,7.436026,15.081166,12.802772,hail_heavy_REC18.WAV,hail_heavy
442,-162.82414,29.801756,-33.515785,-4.3805346,-0.19147396,1.5247468,-8.532502,7.874447,6.8090577,4.334309,8.28294,16.06574,14.613704,hail_heavy_REC19.WAV,hail_heavy
443,-137.96835,25.69874,-33.216885,-2.5893147,-2.293124,3.0736625,-7.967313,8.904023,5.576124,4.9837103,8.051003,15.531766,12.814603,hail_heavy_REC9.WAV,hail_heavy
444,-106.98425,20.327612,-34.766613,-1.154365,-2.1856441,2.4851432,-7.9482355,11.078784,7.056827,5.395965,6.644107,14.520714,12.090274,hail_heavy_REC8.WAV,hail_heavy
445,-325.0434,58.44122,-13.013318,-1.1527886,-12.82347,0.16424155,-5.544585,4.776478,2.9425654,10.708736,13.245688,21.251287,18.082684,hail_light_REC3.WAV,hail_light
446,-316.72464,50.073666,-15.969033,0.85448617,-10.139583,0.9150281,-6.339374,6.124879,4.046759,9.495234,11.046505,19.95915,18.472494,hail_light_REC2.WAV,hail_light
447,-325.76117,59.224224,-12.970701,-1.6666415,-13.102572,0.24843323,-5.013591,5.150735,3.6035078,11.129876,13.62843,21.61766,18.049416,hail_light_REC1.WAV,hail_light
448,-296.95044,53.635445,-17.676472,-2.6128514,-10.1063,-2.6441042,-10.114422,3.4352574,4.133346,9.270231,13.123967,20.90397,18.552921,hail_light_REC5.WAV,hail_light
449,-313.61,58.970562,-14.919531,-3.0819585,-11.823513,-0.6064887,-7.4153204,3.256901,2.5170445,9.08907,12.981564,20.929216,18.904032,hail_light_REC4.WAV,hail_light
450,-325.9453,58.7273,-11.542295,-0.030393831,-13.631662,-1.4474981,-6.772479,4.544103,2.5729806,9.893689,12.595504,22.067364,19.953924,hail_light_REC6.WAV,hail_light
451,-326.40085,59.79965,-11.46765,-1.1355373,-14.56717,-1.3472161,-6.764668,4.051236,2.548754,10.383055,13.039038,21.786858,18.830122,hail_light_REC7.WAV,hail_light
452,-310.54782,46.42911,-17.585285,2.5099807,-7.2121644,1.3836377,-7.342908,6.043583,4.8818455,10.134837,11.29137,19.336895,17.920462,hail_light_REC11.WAV,hail_light
453,-327.9251,58.30984,-11.496773,1.4162617,-11.153939,0.4328644,-5.003625,4.740157,2.6180906,10.441208,12.605474,20.605433,17.983028,hail_light_REC10.WAV,hail_light
454,-305.71194,44.46189,-19.126766,2.737281,-5.4093747,2.470021,-6.0931478,7.1282387,5.4380937,9.335022,9.870933,18.040148,17.303667,hail_light_REC12.WAV,hail_light
455,-323.52255,64.36645,-13.875262,-3.498724,-7.6457405,5.599995,-0.25279725,6.3184757,4.66285,8.87138,9.946808,16.512066,17.336424,hail_light_REC13.WAV,hail_light
456,-318.34555,55.429134,-14.012546,0.12495003,-10.855467,-0.6721531,-7.1198454,4.385257,3.5020304,10.149508,12.605271,20.550066,18.155533,hail_light_REC9.WAV,hail_light
457,-316.79254,53.83969,-13.649692,0.38723102,-12.948987,-1.6693746,-9.182477,4.09386,3.494379,10.938586,13.6851845,22.183083,19.375973,hail_light_REC8.WAV,hail_light
