,MFCC1,MFCC2,MFCC3,MFCC4,MFCC5,MFCC6,MFCC7,MFCC8,MFCC9,MFCC10,MFCC11,MFCC12,MFCC13,Class
0,23.98832516,-0.55209592,-0.33910283999999996,0.17024267999999998,-0.38261651999999996,-0.08498536,-0.11383140000000001,0.13353776,-0.002154839999999995,0.03789556,9.88e-06,-0.0378932,0.0021479600000000017,rain_light
1,23.634159440000005,-0.71358148,-0.38774312,0.39755447999999993,-0.47127487999999995,-0.028398919999999998,-0.11201868,0.09306644,-0.03871716,0.022899319999999997,9.840000000000002e-06,-0.02289691999999999,0.03871036,rain_light
2,22.618121040000002,-0.7295969199999999,-0.45755128,0.21502427999999998,-0.338989,-0.04884899999999999,-0.12401160000000001,0.18919327999999996,-0.07040388,0.05786932,9.28e-06,-0.05786708,0.07039740000000001,rain_light
3,22.96162528,-0.76848292,-0.5002944,0.22212527999999998,-0.45673527999999997,-0.08679268000000001,-0.13531340000000003,0.16754816000000003,-0.05181744,0.04283296,9.52e-06,-0.04283055999999999,0.05181088,rain_light
4,17.791061759999998,-0.60888924,-0.3862682,0.13157556000000004,-0.2636696,0.0473612,-0.03575908,0.04417892,-0.022618560000000003,0.015826519999999997,7.519999999999999e-06,-0.01582488000000001,0.02261352,rain_light
5,24.831857999999997,-0.18125252000000003,-0.11668336,-0.018784479999999992,-0.5741215599999999,-0.28420332000000004,-0.028569840000000006,0.14908124,0.05017312,0.05287468000000001,1.0120000000000001e-05,-0.05287204,-0.050179919999999996,rain_light
6,24.84960588,-0.31589544,-0.1382008,0.18653408,-0.45006012000000006,-0.04970328,0.038875639999999996,0.09833291999999999,0.029396000000000005,0.0267564,1.0240000000000002e-05,-0.026753879999999997,-0.029402960000000006,rain_light
7,24.598654199999995,-0.36903939999999996,-0.2040402,0.20505892000000003,-0.45694516,-0.14180092000000002,-0.027671800000000007,0.23596152000000004,-0.011240039999999993,0.05457451999999999,1.0120000000000001e-05,-0.054572119999999995,0.011233120000000001,rain_light
8,24.90788908,-0.6128336,-0.39628895999999997,0.09158532,-0.5662961200000001,-0.20110264,-0.060658239999999995,0.23761823999999998,-0.06918252,0.006119239999999998,1.0160000000000003e-05,-0.006116760000000003,0.06917548000000001,rain_light
9,25.554010279999996,-0.55673748,-0.34499792,0.17796015999999998,-0.50852984,-0.20379224,-0.03859248,0.33851052000000004,-0.11690587999999998,0.012470239999999999,1.0400000000000002e-05,-0.01246736,0.11689843999999999,rain_light
10,24.66088704,-0.54514836,-0.31742252,0.18267032,-0.46443816,-0.08891192,-0.048420160000000004,0.14190044000000002,-0.05778072000000001,-0.05280372,1.0160000000000003e-05,0.05280608,0.05777375999999999,rain_light
11,25.10999632,-0.30817595999999997,-0.22619148,-0.08155015999999998,-0.6183941199999999,-0.24570731999999995,0.03797492000000001,0.16118956,-0.0118702,0.01821048,1.036e-05,-0.018207880000000003,0.011862959999999999,rain_light
12,25.423933079999998,-0.40629212000000003,-0.22486092,0.09362364,-0.55780996,-0.18024728,0.017158400000000004,0.18665484,-0.03291308,-0.0015122799999999965,1.0440000000000002e-05,0.0015148400000000002,0.032905880000000005,rain_light
13,25.19481668,-0.32595791999999996,-0.2272226,0.03267276000000001,-0.45824492,-0.18627280000000002,0.004850839999999995,0.20861296000000004,-0.11169088,0.023376840000000003,1.0280000000000003e-05,-0.02337416,0.11168376,rain_light
14,24.756859640000002,-0.46508244000000004,-0.2628242,0.18936044,-0.44734024,-0.07448308,0.01642396,0.22252451999999998,-0.009575560000000004,0.007851960000000003,1.0200000000000002e-05,-0.00784948,0.0095684,rain_light
15,24.297333200000004,-0.53539308,-0.33958368,0.15044584,-0.55523964,-0.19280620000000004,-0.09920631999999997,0.16698304000000003,-0.03658059999999999,-0.0035561599999999974,9.960000000000001e-06,0.0035587200000000013,0.036573839999999996,rain_light
16,25.114278279999997,-0.17043024000000004,-0.024304520000000003,0.18992696000000003,-0.43200740000000004,-0.15659663999999998,-0.027604519999999994,0.11311064000000001,-0.04258692,-0.01823632,1.0280000000000003e-05,0.018238879999999996,0.04257995999999999,rain_light
17,24.45603908,-0.3921416,-0.21650435999999998,0.18975352000000004,-0.51812444,-0.16593572,-0.048649440000000016,0.16121100000000002,-0.05550883999999999,-0.032425600000000006,1.0160000000000003e-05,0.03242816,0.05550188,rain_light
18,23.14649976,-0.65291368,-0.41275112,0.15629456,-0.50747464,-0.135247,-0.11094472000000001,0.14729604,-0.043660680000000014,0.016410759999999996,9.640000000000001e-06,-0.016408519999999996,0.043654080000000005,rain_light
19,23.0377392,-0.7258888800000001,-0.50614124,0.10339344,-0.50030476,-0.12645976,-0.10967576,0.15387516,-0.07228032000000001,-0.007877959999999995,9.6e-06,0.007880359999999996,0.07227379999999999,rain_light
20,24.93458696,-0.30846480000000004,-0.19130644,0.014176639999999996,-0.46629143999999995,-0.10999863999999998,0.06594716,0.15607512,-0.028745919999999998,-0.029900640000000003,1.028e-05,0.029903240000000008,0.02873892,rain_light
21,25.360076160000002,-0.24268292,-0.15141388,0.07651379999999999,-0.40508068,-0.11692868000000001,0.039047399999999996,0.15787012,-0.07994,0.009702160000000001,1.0360000000000002e-05,-0.009699560000000001,0.07993284,rain_light
22,26.051294799999997,-0.16613344000000002,-0.048166400000000005,0.08710912,-0.52405408,-0.28106684000000004,-0.028816519999999995,0.18374484000000002,-0.13416868,-0.017915959999999998,1.0600000000000002e-05,0.01791876,0.13416136,rain_light
23,25.622358,-0.17787416,-0.09671924000000001,0.05562307999999999,-0.5265445599999999,-0.25732908000000004,0.0061871600000000014,0.23091972000000002,-0.06022371999999999,0.012474919999999994,1.0400000000000002e-05,-0.01247228,0.060216320000000004,rain_light
24,18.570288,-0.7346056799999999,-0.45628528,0.21346259999999997,-0.39575836000000003,-0.011495639999999998,-0.07828867999999999,0.13284468,-0.0025688400000000006,0.04410540000000001,7.8e-06,-0.0441036,0.0025635199999999962,rain_light
25,20.00491744,-0.7400618800000001,-0.42498392,0.34669808,-0.5114884,-0.12301256,-0.11806628,0.23330563999999995,-0.06631188,0.04512999999999999,8.239999999999999e-06,-0.045127999999999995,0.06630604,rain_light
26,23.87738508,-0.61169044,-0.38282024,0.17127228,-0.4814814,-0.16940908,-0.16562100000000002,0.1445984,-0.032918279999999994,0.0189218,9.84e-06,-0.0189196,0.03291144000000001,rain_light
27,23.8836832,-0.44563887999999996,-0.24966224,0.23638675999999997,-0.49251464,-0.15323688000000002,-0.05696604000000001,0.21523644,-0.07653952,0.0010694800000000016,9.880000000000002e-06,-0.00106696,0.07653264,rain_light
28,24.713123,-0.41870732,-0.24501679999999998,0.13151608,-0.45309811999999994,-0.15202008,-0.04732275999999999,0.18007632,-0.0434964,0.04081676,1.0120000000000001e-05,-0.040814079999999996,0.04348952,rain_light
29,24.154679639999998,-0.5370663200000001,-0.36729636,0.12364023999999998,-0.41873176,-0.1397102,-0.11234019999999999,0.17511272000000003,-0.04490328,0.016807040000000006,9.960000000000001e-06,-0.01680452,0.044896399999999996,rain_light
30,25.11791532,-0.04613056,0.005473359999999997,-0.05453,-0.59947992,-0.40777251999999997,-0.0863026,0.15173572,0.02621076,0.07020235999999999,1.02e-05,-0.07019972000000001,-0.02621776,rain_light
31,25.051323200000002,-0.022407319999999994,-0.011084360000000005,-0.08482340000000001,-0.5978749200000001,-0.35025695999999995,-0.053450759999999986,0.0784776,0.0207896,0.03281924,1.0160000000000003e-05,-0.032816559999999995,-0.020796479999999996,rain_light
32,24.1037444,-0.3611200400000001,-0.23434464000000002,0.07388896,-0.3893119599999999,-0.09986279999999999,-0.03563788,0.14891968,0.03481168,0.058966120000000004,1.0120000000000001e-05,-0.0589638,-0.03481836,rain_light
33,23.847440000000002,-0.30695192,-0.14051160000000001,0.25323651999999996,-0.44159420000000005,-0.15696480000000002,-0.11877272,0.09470267999999998,-0.040300960000000004,0.01628668,9.760000000000001e-06,-0.01628412,0.04029428,rain_light
34,24.379955919999997,-0.41679928000000005,-0.24404267999999998,0.04268192,-0.43354840000000006,-0.12523916,-0.022991199999999993,0.16060307999999998,0.02130776,0.029666080000000004,1.0240000000000002e-05,-0.02966348,-0.021314640000000006,rain_light
35,24.08720968,-0.40364068,-0.27261255999999995,0.13143687999999998,-0.37904352,-0.1346238,-0.06389932,0.22205348,-0.036852760000000005,0.05486428,9.880000000000002e-06,-0.05486188,0.036845960000000004,rain_light
36,24.1958044,-0.45247332000000007,-0.3063002,0.042388480000000006,-0.4059102,-0.08027252000000001,0.006194120000000001,0.16761435999999996,-0.03864964,0.04209576,1.0000000000000003e-05,-0.042093359999999996,0.0386428,rain_light
37,24.40530148,-0.479458,-0.3278272,0.04896616000000001,-0.49609372,-0.14035844,0.012031999999999998,0.24561792000000002,0.04278620000000001,0.01416091999999999,1.0080000000000002e-05,-0.014158519999999997,-0.042793199999999997,rain_light
38,24.226398640000003,-0.48374491999999997,-0.2794448,0.19213255999999998,-0.45016287999999993,-0.07315412,-0.057503759999999994,0.10949424,-0.00433188,0.028054479999999996,1.0080000000000002e-05,-0.028052159999999996,0.004325200000000001,rain_light
39,24.04624924,-0.52029252,-0.34163188,0.1497374,-0.48493364,-0.14699220000000002,-0.08795576000000001,0.22789607999999997,0.013811360000000005,0.05123348,9.84e-06,-0.05123088,-0.01381816,rain_light
40,29.410702,-0.51395408,-0.40263147999999993,-0.12190632000000003,-0.46790412,0.053474079999999986,0.07289656,-0.09914667999999999,0.05942164,0.033837879999999994,1.2440000000000001e-05,-0.03383492,-0.059429800000000005,rain_heavy
41,30.340133960000003,-0.29549196,-0.24397976,-0.09778752,-0.4373101200000001,0.01428468,0.006332440000000003,-0.2118614,0.048023240000000016,0.04810248,1.2720000000000002e-05,-0.04809936000000001,-0.048031439999999995,rain_heavy
42,30.94555044,-0.33844356,-0.29914568,-0.21734868,-0.48043544,0.03622552,0.06251232000000001,-0.23098292000000004,0.03960884,0.015462759999999999,1.3119999999999998e-05,-0.015459760000000003,-0.039617360000000004,rain_heavy
43,30.27405924,-0.65070024,-0.5203128399999999,-0.17342472,-0.5167327600000001,0.04601559999999999,0.047778039999999994,-0.16597276,-0.002635360000000003,0.062448439999999994,1.2960000000000001e-05,-0.0624456,0.0026270800000000004,rain_heavy
44,26.323243,-0.65014176,-0.44614648,0.008166159999999995,-0.38571676000000005,0.10247764,0.04503091999999999,-0.05944631999999998,0.031440039999999995,0.04354739999999999,1.128e-05,-0.04354472,-0.031447199999999995,rain_heavy
45,28.860748599999997,-0.7731080800000001,-0.51317616,0.12703956,-0.5081113199999999,0.10133956,0.016555,-0.07851480000000001,0.0108198,0.06521144000000001,1.2160000000000002e-05,-0.06520872,-0.010827840000000002,rain_heavy
46,30.213613080000002,-0.59990036,-0.45285724,-0.06678848,-0.5190823999999999,-0.01577328,-0.023108240000000002,-0.14307344,0.0017812399999999975,0.061587159999999995,1.28e-05,-0.06158404,-0.001789479999999999,rain_heavy
47,30.87530456,-0.50459888,-0.40979020000000005,-0.13781400000000002,-0.4030555999999999,0.11497584,0.08627724,-0.18897076000000002,0.014046960000000002,0.07825688,1.304e-05,-0.07825376,-0.014055439999999997,rain_heavy
48,30.481474640000002,-0.48946964000000004,-0.43823520000000005,-0.25041468,-0.4576877200000001,0.0323294,0.09666576,-0.08447363999999999,0.04429304,0.04087144,1.2959999999999998e-05,-0.04086844,-0.04430136,rain_heavy
49,30.81071548,-0.6559034800000001,-0.44730192,0.05280819999999999,-0.50590856,0.12740192,0.11547279999999999,-0.08659719999999999,-0.01013936,0.03541564,1.3e-05,-0.03541268,0.010130919999999998,rain_heavy
50,28.511920959999998,-0.7179471199999999,-0.50937764,-0.04354299999999999,-0.48987603999999996,0.1036578,0.10531687999999999,-0.040505919999999994,0.02559328,0.015604200000000002,1.216e-05,-0.015601320000000004,-0.025601319999999997,rain_heavy
51,30.671220599999998,-0.5424822399999999,-0.40315296000000006,-0.06733479999999999,-0.5712839200000001,0.002748159999999999,0.07545132,-0.09039544,-0.0031919600000000037,-0.02689832,1.2959999999999998e-05,0.026901439999999995,0.003183440000000004,rain_heavy
52,30.13377416,-0.7224738400000001,-0.51877956,-0.023320479999999998,-0.45239383999999994,0.10324508,0.01782608,-0.15471312,0.05659240000000001,0.10782756,1.292e-05,-0.10782452,-0.056600599999999994,rain_heavy
53,30.2759838,-0.7730012400000001,-0.5803526000000001,-0.035321599999999995,-0.4399606,0.0839734,0.02453336,-0.05800464000000001,0.00020360000000000156,0.0735844,1.2800000000000001e-05,-0.07358132,-0.00021212000000000008,rain_heavy
54,29.74439716,-0.5909776400000001,-0.5056413999999999,-0.35103788,-0.45173167999999997,0.10133104000000001,0.14317704,-0.12822535999999998,0.10589475999999999,0.11708463999999998,1.2759999999999998e-05,-0.11708175999999999,-0.10590292,rain_heavy
55,29.724436239999996,-0.68599384,-0.53783996,-0.14505064,-0.46296212000000003,0.08402652,0.03192528,-0.18260588000000003,0.09449563999999999,0.14092852,1.2599999999999998e-05,-0.14092564000000002,-0.09450368,rain_heavy
56,16.88003604,-0.8265037200000002,-0.5121192000000001,0.22261884,-0.35765372,0.08717672,-0.025966800000000005,0.034808599999999995,-0.018367559999999998,0.059894760000000005,7.239999999999999e-06,-0.059893159999999994,0.018362879999999998,rain_heavy
57,16.853205720000002,-0.6959253599999999,-0.45368120000000006,0.20661972000000003,-0.2408232,0.1343956,-0.016939680000000002,0.04124244,-0.005722360000000002,0.019684560000000004,7.1200000000000004e-06,-0.019683079999999995,0.0057174800000000005,rain_heavy
58,28.746549839999997,-0.9581479599999999,-0.61443808,0.1605438,-0.5797806,0.09944323999999999,-0.026865039999999996,-0.13559328,0.06110383999999999,0.06105819999999999,1.232e-05,-0.0610558,-0.06111188,rain_heavy
59,28.711089799999996,-0.7783816400000001,-0.49434808,0.13209791999999998,-0.65154596,0.07057532,0.05052108,-0.11184464,0.01742568,-0.031173640000000006,1.216e-05,0.03117644,-0.017433519999999997,rain_heavy
60,30.147403599999997,-0.7664415199999999,-0.43597732,0.20324280000000003,-0.6189180799999999,0.07899536,0.038251959999999995,-0.12402964000000001,0.054429160000000004,0.06408284,1.2839999999999999e-05,-0.06407992,-0.054437360000000004,rain_heavy
61,27.216305520000002,-1.02830692,-0.64519272,0.21854287999999997,-0.69998308,0.05516572,-0.018833359999999993,-0.07495128000000001,0.0392696,0.08363152,1.156e-05,-0.08362888,-0.039277040000000006,rain_heavy
62,30.26204948,-0.65158272,-0.45247188,0.016650440000000006,-0.51392576,0.08169624,0.03628288,-0.1247808,0.04623272,0.0069513999999999965,1.2959999999999998e-05,-0.0069483600000000015,-0.04624116000000001,rain_heavy
63,30.305478879999995,-0.5296306,-0.40758328000000005,-0.04862539999999999,-0.46792416,0.003288960000000003,0.043279,-0.021398719999999996,0.02139028,0.08384224,1.276e-05,-0.0838392,-0.021398760000000003,rain_heavy
64,30.453817360000002,-0.7767098,-0.5154698799999999,0.028774679999999993,-0.6541193599999999,0.08866552,0.08147676000000001,-0.1564112,0.06239191999999999,0.027049079999999996,1.304e-05,-0.027046399999999998,-0.062400159999999996,rain_heavy
65,29.373011,-0.61918828,-0.44325899999999996,-0.005755639999999995,-0.5472195200000001,0.0380316,0.010669960000000001,-0.15377691999999998,0.023071160000000007,0.0070179599999999984,1.252e-05,-0.0070150399999999976,-0.023079280000000004,rain_heavy
66,30.94056912,-0.67486548,-0.46633356,0.021837879999999997,-0.44722968,0.11545539999999999,0.07768788,-0.08312459999999999,-0.015360640000000002,0.06931192,1.304e-05,-0.06930876000000001,0.015352040000000004,rain_heavy
67,30.584481560000004,-0.62091992,-0.46189784,-0.047730119999999994,-0.49597156000000003,0.035746440000000004,0.02321704,-0.12526776,0.0055914400000000005,0.06641219999999999,1.288e-05,-0.06640912000000002,-0.005599720000000002,rain_heavy
68,31.218794640000002,-0.27716616,-0.25260596,-0.19213352,-0.43936112,0.05480264,0.1559478,-0.12593788,0.07374212,0.0452326,1.3239999999999999e-05,-0.045229439999999996,-0.0737506,rain_heavy
69,30.19091288,-0.5680675199999999,-0.446111,-0.14056092,-0.5302737599999999,0.08706612,0.11811800000000001,-0.13429592,0.10186156,0.03195596,1.28e-05,-0.03195312,-0.10186988,rain_heavy
70,30.04745596,-0.63301712,-0.42082203999999995,0.009663119999999999,-0.5707859599999999,0.09221204000000002,0.09432996,-0.15164968,0.07449060000000002,0.061657840000000005,1.28e-05,-0.06165496000000001,-0.07449872,rain_heavy
71,30.74281512,-0.56733348,-0.46855740000000007,-0.19442959999999998,-0.5134255200000001,0.011805039999999998,0.11119396,-0.022727199999999996,0.05923124,0.08585888000000001,1.3e-05,-0.08585576000000002,-0.059239879999999995,rain_heavy
72,30.3700994,-0.554639,-0.45849984,-0.18012912,-0.47621768000000003,-0.003006399999999999,0.036875080000000005,-0.05377376,0.027588559999999998,0.08612563999999999,1.288e-05,-0.08612267999999998,-0.027596999999999997,rain_heavy
73,30.175154439999996,-0.47992964,-0.39628232,-0.10787416,-0.47577536000000004,-0.048537239999999995,-7.11600000000015e-05,-0.051002839999999994,0.009520879999999999,0.06313568,1.28e-05,-0.06313263999999999,-0.009529160000000004,rain_heavy
74,28.437409000000002,-0.6861681600000001,-0.43336027999999993,0.09122920000000002,-0.50589532,0.17289764,0.13191208,-0.14206208,0.021418439999999993,0.049039200000000005,1.212e-05,-0.049036559999999986,-0.02142608,rain_heavy
75,29.04513708,-0.6772592000000001,-0.5269819600000001,-0.14627816,-0.46743984000000005,0.09807428,0.0708294,-0.17164500000000005,0.018310279999999998,0.0712184,1.2399999999999998e-05,-0.07121571999999998,-0.018318119999999997,rain_heavy
76,30.720962399999998,-0.05896243999999999,-0.1144352,-0.33937456000000005,-0.62355084,-0.34412960000000004,-0.08510279999999999,-0.15742852000000002,0.09444647999999999,0.15421276,1.276e-05,-0.15420948,-0.09445484,rain_heavy
77,30.639442000000003,-0.45212956,-0.38242719999999997,-0.17876851999999996,-0.53475776,-0.0223578,0.028835839999999998,-0.1844244,0.03798836,0.025875240000000008,1.3080000000000002e-05,-0.025872120000000002,-0.03799656,rain_heavy
78,30.418961959999997,-0.68232312,-0.48910396000000006,-0.015702919999999995,-0.51457768,0.06879932,0.07722788,-0.04526824,0.09408948,0.14258492,1.2839999999999999e-05,-0.14258192,-0.09409792000000002,rain_heavy
79,30.374628119999997,-0.41823363999999996,-0.30260452000000004,-0.0020460400000000055,-0.46596264,0.03968748,0.06807247999999999,-0.07880688,0.05186092,0.09745036000000003,1.2719999999999998e-05,-0.09744723999999999,-0.05186928,rain_heavy
80,25.16320584,-0.08111,-0.07127963999999999,0.011440960000000002,-0.17855627999999998,-0.07359436000000001,-0.11879272,-0.03086564,-0.057711759999999994,-0.023435,1.0240000000000002e-05,0.023437680000000002,0.0577048,rain_med
81,24.61635948,-0.09178387999999998,-0.05651960000000001,0.12876044,-0.15955619999999998,0.009401640000000003,-0.03057516,-0.010424760000000002,-0.09854776,-0.020141680000000002,1.004e-05,0.02014404,0.09854096,rain_med
82,24.97524184,-0.41009719999999994,-0.32449960000000005,-0.02954928,-0.15872108000000001,-0.015954799999999995,-0.14603708,0.0029675599999999954,0.041239519999999995,0.08991916,1.0320000000000001e-05,-0.08991664,-0.04124644,rain_med
83,24.83693608,-0.20909451999999998,-0.22366556000000004,-0.07403264,-0.22514015999999998,-0.10577468,-0.16705776,-0.029856359999999995,0.005530400000000004,0.07403368,1.02e-05,-0.0740312,-0.0055372,rain_med
84,25.52096988,-0.06339320000000001,0.007031319999999996,0.18572792,-0.11480272,0.015070519999999992,-0.11489104000000001,-0.10478839999999998,-0.04234408,0.031660799999999996,1.0520000000000003e-05,-0.031658320000000004,0.042337,rain_med
85,24.76964044,0.0720048,0.08083424,0.17066076000000002,-0.13962771999999998,-0.11555228000000001,-0.16299979999999997,-0.031126360000000002,-0.12153587999999999,-0.009308080000000003,1.0080000000000002e-05,0.009310640000000004,0.12152904000000002,rain_med
86,16.92507468,-0.5618602,-0.37749299999999997,0.07980635999999999,-0.28021236,0.07869608,0.029951999999999996,0.05039204,-0.03398512,-0.02296564,7.160000000000001e-06,0.02296716,0.033980199999999995,rain_med
87,18.002278840000002,-0.47958532,-0.37657016,0.024432879999999994,-0.1626942,0.029743519999999992,-0.07082127999999999,0.08019512000000001,-0.03231564000000001,0.03652844,7.519999999999999e-06,-0.03652652,0.032310479999999996,rain_med
88,24.96635516,-0.13117096,-0.056836080000000004,0.17352616,-0.09419739999999999,-0.03707743999999999,-0.14011344,0.037707359999999995,-0.024218760000000002,0.06431568,1.0240000000000004e-05,-0.06431312,0.024211800000000002,rain_med
89,25.159957919999997,-0.013948480000000001,0.01751176,0.13565964,-0.15319175999999998,0.054589599999999995,0.04774588,0.004545880000000005,-0.0426618,-0.045480559999999996,1.0280000000000003e-05,0.04548304,0.04265476000000001,rain_med
90,24.93519276,-0.16574248,-0.08885756,0.08007559999999998,-0.2274838,-0.026770079999999998,-0.06272276,-0.06924356,-0.05450476,0.0033823600000000005,1.0320000000000001e-05,-0.0033796799999999978,0.054497919999999984,rain_med
91,24.534455280000003,-0.16679444,-0.13003591999999997,0.07633079999999999,-0.15614039999999998,-0.017289080000000002,-0.09685596,-0.050265279999999996,-0.09574496000000002,-0.01265924,1.0000000000000003e-05,0.012661800000000003,0.09573824,rain_med
92,16.4545536,-0.7213074399999999,-0.480301,0.11473632,-0.19370576,0.13182124,-0.00614771999999999,0.039142039999999996,-0.022847160000000005,0.05223988000000001,6.96e-06,-0.05223807999999999,0.02284260000000001,rain_med
93,16.763990720000002,-0.66418924,-0.4323214,0.18561252,-0.24055576,0.08855196,-0.08101676,-0.03207196,-0.070783,-0.005166960000000001,7.2e-06,0.005168559999999997,0.07077804,rain_med
94,24.642131360000004,-0.1149462,-0.06824788000000001,0.09963740000000001,-0.15159548,-0.10690087999999999,-0.17317164,-0.002020239999999999,-0.06267307999999999,0.06871808,1.0080000000000002e-05,-0.06871535999999999,0.06266608000000001,rain_med
95,24.708783920000002,-0.16543176000000004,-0.06190868000000001,0.25559956000000006,-0.21449504,-0.07348748000000001,-0.15577444,-0.010190280000000005,-0.05918079999999999,0.09042676,1.0080000000000002e-05,-0.09042424,0.05917408000000001,rain_med
96,25.0492112,-0.22514788000000002,-0.14841052,0.09492956,-0.1018196,0.023928680000000004,-0.09075072000000002,-0.033966319999999994,-0.03101244000000001,0.10596588000000001,1.0360000000000002e-05,-0.10596332,0.031005440000000002,rain_med
97,24.92745508,-0.10419288,-0.10498067999999999,0.03672440000000001,-0.16149776000000002,-0.07781516000000001,-0.14412308,-0.009686119999999998,-0.016176560000000003,0.07371628,1.02e-05,-0.07371359999999999,0.01616964,rain_med
98,24.803228280000003,-0.22912095999999998,-0.16936584000000005,0.06478028,-0.13086032,-0.005292959999999998,-0.09878007999999999,0.006880840000000003,-0.03782656000000001,0.11027672000000001,1.0240000000000002e-05,-0.11027408,0.03781968,rain_med
99,24.78774012,-0.29233956,-0.25110008,0.05902784,-0.08473715999999998,-0.01733856,-0.20667284,-0.048910440000000006,-0.04400392,0.08250736,1.028e-05,-0.08250479999999999,0.04399704,rain_med
100,26.95056184,0.10163827999999998,0.059338800000000004,0.025549599999999985,0.18542519999999998,0.11934032000000001,-0.08736643999999999,-0.11813359999999999,-0.007210920000000002,0.14189432,1.1119999999999999e-05,-0.14189152,0.007203679999999997,rain_med
101,26.918441079999997,0.3443866,0.16067996,-0.10295799999999998,0.11566288,-0.03729948,-0.07605112,-0.02692332,-0.06432364,0.08875736,1.0880000000000003e-05,-0.08875444,0.06431619999999999,rain_med
102,25.572812359999997,-0.027861039999999993,-0.01605124,0.05898284,-0.032156800000000006,0.003368960000000002,-0.11428008000000002,-0.10214812000000001,-0.0836736,0.08076780000000001,1.0520000000000004e-05,-0.08076512000000001,0.08366655999999999,rain_med
103,25.89417616,-0.020528239999999993,-0.025848280000000005,0.07245623999999999,-0.011410240000000002,0.03917511999999999,-0.10052816,-0.13183928,-0.06127652,0.11408731999999999,1.06e-05,-0.11408464,0.06126936000000001,rain_med
104,25.63733608,0.141046,0.0657886,-0.051736040000000004,-0.08810336000000002,-0.05939024,-0.09769684,-0.13073488,-0.10374507999999999,-0.025860759999999993,1.0520000000000003e-05,0.02586344,0.10373808000000001,rain_med
105,25.954139520000002,0.2313306,0.10535931999999999,-0.0628806,0.06711292,-0.017689799999999995,-0.19404871999999998,-0.24229956000000002,-0.10053204,0.008636319999999998,1.0720000000000002e-05,-0.0086334,0.10052504,rain_med
106,26.54461984,-0.03422692000000001,-0.12028944000000001,-0.1582958,0.03609383999999999,0.0069621200000000005,-0.11347375999999999,0.0006007600000000056,-0.016551319999999994,0.06560088,1.1040000000000001e-05,-0.06559816,0.016543799999999994,rain_med
107,26.61906892,0.24472088000000003,0.08286839999999998,-0.12611220000000004,0.041088799999999995,-0.015462840000000002,-0.062274920000000004,-0.07532292,-0.028975359999999995,0.11632244,1.096e-05,-0.11631955999999999,0.028968039999999994,rain_med
108,26.47597928,0.07425016000000001,0.02438136,-0.10167192,0.019666079999999996,0.03450196,-0.09606459999999999,-0.12965768,-0.02202784,0.01818936,1.096e-05,-0.01818668,0.022020599999999994,rain_med
109,26.9556998,0.33311419999999997,0.20620107999999998,0.038612239999999985,0.15892184,0.009691679999999998,-0.11360944,-0.08656956,-0.07163839999999999,0.08489648,1.0880000000000003e-05,-0.08489372,0.07163108,rain_med
110,26.30789496,0.25731236,0.31938244,0.29980724,-0.26539904,-0.13081811999999998,-0.016050639999999994,0.038684399999999994,0.03187328,0.0510056,1.0720000000000002e-05,-0.05100296,-0.03188048000000001,snow
111,25.879359519999998,0.20415068000000003,0.26441276,0.35949608000000005,-0.15875148,-0.0451986,-0.03432412000000001,0.04539763999999999,0.10902252000000001,0.13837456,1.0400000000000002e-05,-0.13837184,-0.1090296,snow
112,26.254262479999998,0.09070916000000001,0.30316007999999994,0.6651893200000001,0.05874264,-0.03444612,-0.28260428,-0.08674700000000002,-0.16824063999999997,0.005749520000000003,1.06e-05,-0.005746880000000001,0.16823356,snow
113,26.834379239999997,0.08688268,0.21081879999999997,0.50007296,0.08419132000000001,-0.0594836,-0.34534436,-0.17631780000000002,-0.18579984000000002,0.004620000000000001,1.0880000000000003e-05,-0.004617239999999998,0.18579252000000002,snow
114,25.046072799999997,-0.29605156,-0.44163480000000005,-0.46935464000000005,0.45357376000000005,0.03946492,-0.25714203999999996,0.16613652,-0.07383492,0.13784535999999997,1.0200000000000002e-05,-0.13784243999999998,0.07382776000000002,snow
115,24.941544640000004,-0.3105432,-0.35305828,-0.15075448,0.44691819999999993,0.11878335999999999,-0.27792131999999997,0.04816764,-0.10567892000000001,0.12983392,1.0320000000000001e-05,-0.12983112,0.10567192,snow
116,25.97068972,-0.10349848000000002,0.11298375999999997,0.44101503999999997,-0.14399920000000002,-0.00963016,-0.18561228,-0.127386,-0.09736152000000001,0.03984908,1.0640000000000003e-05,-0.03984628,0.09735452,snow
117,25.31057668,-0.07677068,0.09939116,0.5217232399999999,-0.09568092,-0.045495480000000005,-0.2098998,-0.026384480000000002,-0.13451864,0.028543399999999997,1.0160000000000003e-05,-0.0285408,0.13451156,snow
118,25.52611008,0.07081423999999999,0.26642172000000003,0.58631216,-0.05575755999999999,0.07024076,-0.013672680000000006,0.14234816,0.029694159999999994,0.03684212,1.0200000000000002e-05,-0.0368396,-0.02970116,snow
119,25.798221200000004,0.24166955999999998,0.4102948799999999,0.6887229600000001,0.08146811999999999,0.08556964,-0.06727780000000001,0.06109899999999999,0.053644920000000006,0.10939828,1.0240000000000002e-05,-0.10939568000000001,-0.053651839999999985,snow
120,25.91167224,0.054232880000000004,0.24860868,0.5444015200000001,-0.16287528,-0.05194384000000001,-0.13373888,0.03529512,-0.015246639999999999,0.013318679999999998,1.0440000000000002e-05,-0.01331604,0.015239520000000005,snow
121,25.60745208,0.15380252,0.30547348,0.59923204,-0.013682800000000004,0.0002502399999999971,-0.12012151999999998,0.05526016,-0.02680364,0.06387432,1.0160000000000003e-05,-0.06387176,0.02679684,snow
122,25.3367816,-0.2637258,-0.10715535999999998,0.27342111999999996,-0.2410942,-0.08848308,-0.18657816,-0.02484196,-0.09599107999999999,0.01977456,1.0360000000000002e-05,-0.01977184,0.095984,snow
123,25.246738,-0.02602696000000001,0.1466808,0.53271352,-0.07550164,-0.02186156,-0.18847976000000002,-0.0271796,-0.11571224000000001,0.011756160000000002,1.0160000000000003e-05,-0.011753720000000002,0.11570516000000002,snow
124,15.61435568,-0.7841585200000002,-0.54818884,0.08876404,-0.20346436000000004,0.15247256,-0.01064792,0.09721300000000001,0.07036096,0.04441812,6.8e-06,-0.04441671999999999,-0.07036536,whitenoise
125,15.025370760000001,-0.73135076,-0.49348788,0.20458668,-0.14502024,0.165493,-0.032874719999999996,0.08538976,-0.029734640000000003,-0.04025632,6.280000000000001e-06,0.04025772,0.02973036,whitenoise
126,15.65927964,-0.7727193199999999,-0.49718052,0.09644608,-0.16933256,0.12810259999999998,-0.029405,0.1111988,0.029443759999999996,0.043859079999999995,6.720000000000001e-06,-0.0438576,-0.029448280000000004,whitenoise
127,15.434610479999998,-0.7073447199999998,-0.50374496,0.11464435999999999,-0.23463308000000002,0.092694,-0.015990879999999996,0.15404868,0.030456599999999997,-0.0009810800000000016,6.52e-06,0.0009825600000000032,-0.03046116,whitenoise
128,15.47976516,-0.7424620799999999,-0.46345668,0.14690711999999997,-0.13600016,0.11850131999999998,-0.0807504,0.13233604000000002,0.08097088000000001,0.06362876,6.56e-06,-0.06362744000000001,-0.08097524000000002,whitenoise
129,15.190387999999999,-0.7773270800000001,-0.5654188,0.10945216,-0.15840492,0.13300112,-0.08629071999999999,0.07312704,0.003722400000000002,-0.005080839999999999,6.56e-06,0.005082400000000003,-0.003726719999999999,whitenoise
130,15.771794479999999,-0.64349892,-0.44531232,0.12431916,-0.11829087999999997,0.14511432,0.023854239999999995,0.17869016,0.014337840000000001,0.04817516,6.56e-06,-0.0481734,-0.014342479999999998,whitenoise
131,15.07660944,-0.77454064,-0.51021728,0.24384428,-0.2101846,0.1090968,-0.08277972,0.11770976,0.05160592,0.08428484000000001,6.3200000000000005e-06,-0.08428332,-0.05161016,whitenoise
132,15.31953136,-0.8120694399999999,-0.46904888,0.33491163999999995,-0.23080320000000001,0.19195904000000003,0.0068538,0.09139044,0.023601720000000003,0.05329968000000001,6.52e-06,-0.053298439999999996,-0.023606159999999998,whitenoise
133,14.8457102,-0.7598563600000001,-0.5609962,0.07632615999999999,-0.20117988,0.09131308,-0.06649428,0.13495216,0.0543184,0.03827904,6.16e-06,-0.03827784,-0.05432271999999999,whitenoise
134,15.63350584,-0.7590005200000001,-0.50659188,0.14020799999999997,-0.29460812,0.11122987999999999,0.020495239999999998,0.13459896,0.05593804,0.027735279999999998,6.64e-06,-0.027733800000000003,-0.055942479999999996,whitenoise
135,15.28933608,-0.7139004400000001,-0.47442075999999994,0.23275675999999998,-0.21389232,0.11313556,-0.04646799999999999,0.14180724,0.035882599999999994,0.04448028,6.360000000000001e-06,-0.044478799999999985,-0.035887,whitenoise
136,15.533368759999998,-0.69101996,-0.4329866,0.21988540000000004,-0.18182331999999998,0.13466724,-0.021072880000000002,0.1402292,0.06370756,0.0615608,6.4800000000000015e-06,-0.061559400000000014,-0.06371183999999999,whitenoise
137,15.133160400000001,-0.8822760800000001,-0.55027556,0.33423724,-0.21059503999999996,0.16101388,-0.019283279999999993,0.2238304,0.05535644000000001,0.014899879999999999,6.280000000000001e-06,-0.01489856,-0.055361000000000014,whitenoise
138,15.581017519999998,-0.58479252,-0.37890927999999996,0.16421692,-0.09795515999999999,0.20444099999999998,0.0771832,0.17243456000000001,0.03215300000000001,0.017103840000000002,6.64e-06,-0.01710248,-0.03215748,whitenoise
139,14.71857432,-0.641329,-0.44228112,0.17101188,-0.12070879999999999,0.16881851999999997,0.001309800000000002,0.11502112,0.02399988,0.10697620000000001,6.080000000000001e-06,-0.10697479999999998,-0.024004000000000004,whitenoise
140,16.14471932,-0.7532146800000001,-0.50681844,0.13101516000000002,-0.16386392,0.16837888,-0.02525568,0.04763712,0.05231384,0.07126848000000001,7e-06,-0.07126687999999999,-0.05231836,whitenoise
141,15.520179039999999,-0.6145424800000001,-0.38654136,0.28323467999999996,-0.06585916000000001,0.18190056,-0.018840000000000006,0.1317302,0.01231484,0.03778272,6.480000000000001e-06,-0.03778132,-0.012319280000000002,whitenoise
142,15.70055252,-0.74988456,-0.52121632,0.08924987999999999,-0.22232215999999996,0.10967788,0.007464720000000004,0.17814059999999998,0.0522482,0.00468712,6.7600000000000005e-06,-0.004685639999999999,-0.052252679999999996,whitenoise
143,14.91050704,-0.6147891600000001,-0.42931788,0.12893372,-0.15590952000000002,0.16158895999999998,0.05464055999999999,0.14364739999999998,0.03479164,0.0440296,6.280000000000001e-06,-0.04402816,-0.03479612000000001,whitenoise
144,25.46823432,-0.76962744,-0.74362836,-0.47869935999999996,0.1801094,-0.040157679999999994,-0.33290928000000003,0.058024759999999995,-0.053680559999999995,0.2288066,1.064e-05,-0.22880372000000002,0.053673359999999996,hail_heavy
145,26.559256400000002,-0.8018082,-0.78940552,-0.51004916,0.16335584,-0.07027872,-0.4193052,0.0004046799999999914,0.01856288,0.28508008,1.1119999999999999e-05,-0.28507716,-0.018570359999999998,hail_heavy
146,22.321362639999997,-0.695,-0.45179907999999996,0.15531595999999998,-0.36137816,-0.05623204,-0.1617324,0.04008372,-0.04985323999999999,0.05170456,9.32e-06,-0.051702319999999996,0.049846879999999996,hail_heavy
147,22.432536080000006,-0.5683948,-0.36658623999999995,0.16097244,-0.43905304,-0.09886444,-0.10443656000000001,0.0785248,-0.04060056,0.07846776,9.240000000000001e-06,-0.07846544,0.040594200000000004,hail_heavy
148,26.619195840000003,-1.1602424400000002,-0.9882491599999998,-0.34058372,-0.12802372,-0.13227336,-0.35634620000000006,0.16850336,-0.04069935999999999,0.22264132,1.1200000000000001e-05,-0.22263867999999998,0.040691559999999995,hail_heavy
149,27.35339056,-1.21168568,-0.92243268,-0.10545256,-0.16011363999999997,-0.22788072,-0.54646636,0.18173492,0.1071176,0.26841356,1.1359999999999998e-05,-0.26841068,-0.10712539999999998,hail_heavy
150,23.288023080000002,-0.77913492,-0.6883303599999999,-0.376747,0.0025605199999999963,-0.008260680000000003,-0.22006968000000002,0.0493208,-0.08470264,0.11378356,9.92e-06,-0.11378096000000001,0.084696,hail_heavy
151,22.674288880000002,-0.44267892,-0.45093232,-0.25957315999999997,-0.057834279999999995,-0.03864144,-0.14576872,0.06111031999999999,-0.02343868,0.11810119999999999,9.36e-06,-0.11809883999999998,0.023432320000000003,hail_heavy
152,27.7925076,-1.31636912,-1.1087901199999999,-0.37261424,-0.03409104,-0.018877479999999995,-0.25247292,0.20734983999999998,-0.11831227999999999,0.22197076,1.16e-05,-0.2219676,0.11830391999999999,hail_heavy
153,24.834897519999995,-1.1048248799999998,-0.9497400000000001,-0.31853951999999996,0.02859575999999999,-0.01940452,-0.31135232,0.16249132,-0.05940432000000001,0.20041812,1.0320000000000001e-05,-0.20041547999999998,0.05939704,hail_heavy
154,29.8391416,-1.5694115999999996,-1.222751,-0.19825316,-0.22505452,-0.11536288,-0.39562731999999995,0.18348172000000001,-0.0219484,0.23726416,1.2480000000000002e-05,-0.23726108,0.021939680000000003,hail_heavy
155,29.61805632,-1.56508956,-1.21887736,-0.20316532,-0.17001932,-0.03738384,-0.37847356,0.05326596,-0.12834748,0.182832,1.244e-05,-0.18282876,0.12833876000000002,hail_heavy
156,28.409715000000002,-1.32649588,-1.0338112000000002,-0.15756383999999998,-0.07076312000000001,0.03336296,-0.28448515999999996,0.15729948,-0.021002160000000006,0.2200214,1.196e-05,-0.22001843999999998,0.020993960000000006,hail_heavy
157,28.14400608,-1.1722637999999999,-0.98822188,-0.28715888,0.08953156,0.09458324000000001,-0.24582056000000002,0.12224319999999998,-0.08383379999999999,0.15101528,1.176e-05,-0.15101224000000002,0.08382568000000001,hail_heavy
158,30.707549080000003,-1.44199384,-1.1346333199999998,-0.2181568,-0.11400988,-0.03167712,-0.32779448,0.1871846,-0.05323684,0.17283704,1.2919999999999998e-05,-0.17283384000000002,0.053228,hail_heavy
159,28.654880640000002,-1.33988956,-1.0782101199999998,-0.23925151999999997,-0.10441063999999999,0.028697119999999993,-0.31683856,0.03399896,-0.059864480000000005,0.21727095999999996,1.2080000000000001e-05,-0.21726807999999997,0.05985619999999999,hail_heavy
160,29.089822520000002,-1.4197059199999997,-1.0799026799999998,-0.12590932,-0.11502592,0.0678298,-0.2401746,0.06036232,-0.16409836000000003,0.14482756000000002,1.224e-05,-0.14482467999999998,0.16408999999999999,hail_heavy
161,26.510738920000005,-1.20661868,-1.0037028,-0.25613584,-0.04951924,-0.029745559999999994,-0.3449447200000001,0.08558412,-0.12387271999999998,0.14084768,1.116e-05,-0.14084507999999998,0.12386479999999998,hail_heavy
162,29.21886708,-1.4805063199999997,-1.18732536,-0.28249116,-0.24702852,-0.14728380000000002,-0.40834543999999995,0.16082687999999998,-0.02219524000000001,0.21116668,1.2320000000000002e-05,-0.21116364,0.022186719999999997,hail_heavy
163,28.95136452,-1.46206664,-1.1411046799999998,-0.14235556000000002,-0.2026748,-0.0677332,-0.34884492,0.20445967999999998,-0.04107128,0.21836647999999997,1.2199999999999997e-05,-0.21836351999999998,0.04106288,hail_heavy
164,29.3772652,-1.40629484,-1.1656756799999999,-0.34859007999999997,-0.041570079999999995,-0.016559960000000002,-0.33890132,0.12677452,-0.11391067999999999,0.17458976,1.2320000000000002e-05,-0.17458664000000002,0.11390220000000001,hail_heavy
165,26.407761840000003,-1.0451586400000001,-0.94467688,-0.43426844,0.048145639999999996,-0.11246155999999999,-0.4334722,0.07398056,-0.06923744,0.21771791999999998,1.104e-05,-0.21771512,0.06922984,hail_heavy
166,27.171404120000002,-1.3409835199999998,-1.06968484,-0.23728472,-0.07234307999999999,-0.060547199999999995,-0.37213864,0.16557364,-0.009355120000000003,0.19572051999999998,1.14e-05,-0.19571759999999996,0.009347160000000004,hail_heavy
167,27.723326840000006,-1.34562464,-1.06483456,-0.18497648000000003,-0.05304564,-0.06579439999999999,-0.42968484,0.08034,-0.1067894,0.2250152,1.16e-05,-0.22501236,0.10678139999999998,hail_heavy
168,26.405752239999998,-1.04647,-0.8924397599999999,-0.33987871999999997,0.08722484000000001,-0.15113944,-0.49499888,0.18789431999999998,0.01901796,0.24833352,1.1000000000000003e-05,-0.24833055999999998,-0.019025719999999996,hail_heavy
169,27.233048680000003,-0.9590510400000001,-0.87953868,-0.3741198,-0.05560103999999999,-0.15006784,-0.37314791999999997,0.1357908,-0.0999552,0.19581868,1.128e-05,-0.19581560000000003,0.09994723999999999,hail_heavy
170,25.786957039999997,-0.8147676799999999,-0.9054451600000002,-0.76230368,-0.029079440000000005,-0.13156991999999998,-0.18764696,0.27101072,-0.014218000000000001,0.19946123999999998,1.0760000000000002e-05,-0.19945816,0.014210399999999996,hail_heavy
171,22.694662959999995,-0.6552829200000001,-0.76264848,-0.6958854,0.07736332000000001,-0.12723920000000002,-0.30214631999999997,0.17507148,0.11927219999999998,0.28791923999999997,9.400000000000001e-06,-0.28791668000000004,-0.11927868,hail_heavy
172,25.57924136,-0.79263152,-0.7235805999999999,-0.32133612,-0.005603520000000004,-0.14924832,-0.35721744,0.13558716,-0.04975400000000001,0.21216864000000002,1.052e-05,-0.21216580000000002,0.04974656,hail_heavy
173,29.748282560000003,-1.5232463200000002,-1.19930996,-0.20838968000000002,-0.12031496000000001,-0.015270840000000003,-0.34200488,0.161556,-0.02675712,0.28195612,1.2440000000000001e-05,-0.2819528800000001,0.026748479999999998,hail_heavy
174,17.52159572,-0.44414683999999993,-0.22072192000000002,0.22840044000000004,-0.20048364,0.16200292000000002,0.11660219999999999,0.10027972,0.06099904,-0.004947719999999999,7.44e-06,0.0049493600000000025,-0.061004039999999995,hail_heavy
175,17.414786799999998,-0.25113048,-0.11007760000000001,0.22038496000000002,-0.15608119999999998,0.09438192000000001,0.03125972,-0.0033305199999999957,-0.02727112,-0.031076959999999997,7.280000000000001e-06,0.031078680000000004,0.027266239999999994,hail_heavy
176,28.8795196,-1.1128620800000002,-0.9272028800000001,-0.23464104,-0.23113996,-0.16842684,-0.30001908,0.27464311999999996,0.018007520000000003,0.29983399999999993,1.192e-05,-0.2998308,-0.018015920000000008,hail_heavy
177,29.5679376,-1.18738916,-0.9506608799999999,-0.1611,-0.08385575999999999,0.00021900000000000196,-0.3071392,0.09329735999999998,2.3320000000003338e-05,0.24496444000000003,1.2360000000000002e-05,-0.24496124000000002,-3.1879999999996076e-05,hail_heavy
178,21.961724479999997,-0.7630514,-0.6501545200000001,-0.22037172000000002,-0.17984392,-0.06123644,-0.20545635999999998,0.13003176,0.092707,0.20668759999999994,9.16e-06,-0.2066852,-0.0927134,hail_heavy
179,19.50808516,-0.13734156,-0.11924604,0.04131168,-0.25374128,-0.13316039999999998,-0.1276918,0.03455076,0.00983448,0.08810892000000001,7.96e-06,-0.08810683999999998,-0.009839879999999997,hail_heavy
180,29.22471204,-1.2988719999999998,-1.0118988,-0.15850824,-0.05763152,-0.04345780000000001,-0.35109548,0.23482544,-0.015217439999999995,0.20598956000000002,1.224e-05,-0.20598652,0.015208919999999999,hail_heavy
181,24.284810320000002,-0.6867412800000001,-0.8874406,-0.9710270799999999,0.11264348,-0.15215515999999998,-0.32132056000000003,0.17994584,0.03591716,0.16657044,1.02e-05,-0.16656768,-0.03592432,hail_heavy
182,25.200968800000005,-1.1905307200000002,-0.8363238000000002,0.051044559999999996,-0.15147363999999996,-0.012963239999999996,-0.34451892,0.08760304,0.0028322400000000024,0.166386,1.06e-05,-0.16638335999999998,-0.0028393199999999937,hail_heavy
183,28.08245404,-1.4355532000000002,-1.14004564,-0.20842768,-0.13958484000000002,-0.02272888000000001,-0.29510936,0.21001536,-0.019773719999999998,0.24826591999999997,1.1720000000000001e-05,-0.24826292000000003,0.01976552,hail_heavy
184,23.88417644,-0.38638607999999997,-0.18894756000000001,0.3079866,-0.23567484,0.0021742399999999983,-0.14975328,0.005373199999999999,0.010273200000000003,0.07488787999999999,9.92e-06,-0.07488556,-0.010279799999999997,hail_light
185,23.278559599999998,-0.2976038,-0.14743288,0.27978392,-0.24570192,-0.04640632000000001,-0.15909508,-0.019876639999999998,-0.041141760000000006,0.04660624,9.48e-06,-0.04660392,0.041135359999999996,hail_light
186,25.783157080000002,-0.8785726000000001,-0.6062133199999999,0.16148164,-0.08646452,0.04137044,-0.26062148,0.03735464,-0.04102932,0.09218896000000001,1.088e-05,-0.09218639999999999,0.041021919999999996,hail_light
187,25.24039824,-0.6481492,-0.4829771999999999,0.1325466,-0.02666728,0.006458439999999999,-0.29549951999999996,0.01907124,-0.04898364,0.1940352,1.0400000000000002e-05,-0.19403260000000003,0.048976559999999995,hail_light
188,24.42662232,-0.37212348,-0.25699436000000003,0.10948156,-0.22237023999999997,-0.10377224000000002,-0.21891168,0.029173040000000004,-0.03520196,0.09136408,1.0120000000000001e-05,-0.09136147999999998,0.03519504,hail_light
189,23.875370080000003,-0.13685796,-0.08299348000000001,0.11192044000000001,-0.25737716,-0.07502640000000001,-0.07918375999999999,0.036341399999999996,-0.014001079999999994,-0.0029196400000000024,9.880000000000002e-06,0.0029219599999999995,0.013994319999999998,hail_light
190,17.06139952,-0.7247716799999999,-0.497623,0.06432168,-0.26328779999999996,0.13212788,0.02103536,0.03899372,0.013494719999999995,0.002117079999999999,7.440000000000001e-06,-0.0021153199999999974,-0.0134996,hail_light
191,16.66010108,-0.61572664,-0.39441728,0.19004207999999997,-0.32982576,0.0292038,-0.0645506,0.006523479999999995,-0.023137119999999997,0.013174000000000002,7.0399999999999995e-06,-0.013172320000000001,0.0231326,hail_light
192,16.970690360000003,-0.69121684,-0.4165365599999999,0.22130684000000003,-0.31330588,0.04971556,-0.04257132,0.10131284000000002,0.007234959999999997,0.027842480000000003,7.160000000000001e-06,-0.027840960000000005,-0.0072397600000000005,hail_light
193,17.22705372,-0.76122096,-0.48403828,0.24821576000000004,-0.15159444000000002,0.13516432,-0.07280400000000001,0.04276184000000001,-0.04990139999999999,0.03651596,7.32e-06,-0.03651436,0.04989640000000001,hail_light
194,25.10571512,-0.35649908,-0.1947152,0.25366844,-0.10388548,-0.06900156,-0.28532463999999996,-0.07822111999999999,-0.22437535999999997,0.0294102,1.0280000000000003e-05,-0.029407520000000006,0.22436836,hail_light
195,23.80230052,-0.18807543999999995,-0.018904320000000002,0.40962056,-0.19160052,-0.07736988,-0.25396756,-0.14969072,-0.19878648,-0.03559899999999999,9.76e-06,0.03560148,0.19877992,hail_light
196,24.580764119999998,-0.52662284,-0.36385168,0.0977962,-0.20909192000000004,0.0022136400000000024,-0.12273788,0.04401232,0.007903159999999998,0.11079099999999999,1.0280000000000003e-05,-0.11078852,-0.007910039999999998,hail_light
197,24.011656399999996,-0.32482283999999995,-0.23889312000000001,0.10765819999999998,-0.26605804,-0.12049632,-0.19073228,0.02888328,0.010436240000000001,0.12279912000000001,9.920000000000003e-06,-0.12279664,-0.010443160000000007,hail_light
198,25.713748560000003,-0.5255363200000001,-0.3178494,0.2712358,0.037218799999999996,-0.002135760000000002,-0.31671187999999995,-0.042531240000000005,-0.20347220000000005,0.0753156,1.0520000000000003e-05,-0.07531283999999999,0.2034648,hail_light
199,25.42877456,-0.45127744,-0.33231608,0.14066431999999998,-0.1120048,-0.09530316,-0.32446312,-0.02882296,-0.08515136,0.09039972,1.036e-05,-0.09039720000000001,0.08514424000000002,hail_light
200,24.723152360000004,-0.05205104000000001,0.08963668,0.38042544000000006,-0.13416584,-0.06038012,-0.20278364,-0.10988231999999998,-0.16982683999999998,-0.022552439999999997,1.0080000000000002e-05,0.022554999999999995,0.16982012000000002,hail_light
201,23.924324079999998,0.14610723999999997,0.25864072,0.44412708,-0.18284752,-0.11334667999999999,-0.18166535999999997,-0.11104956000000002,-0.11849731999999999,-0.012830399999999999,9.800000000000001e-06,0.012832759999999999,0.11849084,hail_light
202,25.13903648,-0.5186916,-0.32100708000000006,0.22907928,-0.06466652,0.027552720000000003,-0.24077384,-0.025010559999999998,-0.019791680000000006,0.1712032,1.02e-05,-0.17120044,0.019784680000000002,hail_light
203,24.51338636,-0.29765044,-0.1556814,0.29818947999999995,-0.10475668,-0.0174834,-0.23114695999999998,-0.04205844000000001,-0.06515932,0.07384244,1.0080000000000002e-05,-0.07383983999999999,0.06515268,hail_light
204,23.231459679999997,-0.28816003999999995,-0.16335631999999997,0.1520008,-0.27143544,-0.08213336000000002,-0.10347651999999999,0.10154427999999999,-0.02894316,0.020340120000000003,9.52e-06,-0.020337879999999996,0.028936760000000006,hail_light
205,22.97092212,-0.26109348,-0.16397576,0.16272164,-0.31919916,-0.07840164000000001,-0.09273104000000001,0.05952919999999999,0.014492600000000001,0.041775200000000005,9.48e-06,-0.04177296,-0.01449912,hail_light
206,26.410571920000002,-0.9558005599999998,-0.6596934400000001,0.05947756,0.03317584,0.17778332,-0.19687372,-0.06890576,-0.0738758,0.11109284000000001,1.1119999999999999e-05,-0.11109023999999999,0.07386828000000001,hail_light
207,26.18059296,-1.1515004,-0.8602020399999999,0.03514511999999999,0.04854643999999999,0.08542804,-0.31545660000000003,0.036504999999999996,-0.10864420000000001,0.17219752000000002,1.1040000000000001e-05,-0.17219476,0.10863659999999997,hail_light
208,24.931089760000006,-0.6903167600000001,-0.54409368,-0.04305896000000001,-0.20733403999999997,0.0018395600000000033,-0.14060952000000002,0.08407052,0.00831572,0.08718924000000002,1.0400000000000002e-05,-0.08718672000000001,-0.008322839999999998,hail_light
209,25.393826240000003,-0.80916628,-0.62257896,0.0380858,-0.2056374,-0.06083891999999999,-0.25318171999999994,0.10513192,-0.01390204,0.15585704,1.052e-05,-0.15585456,0.013894960000000007,hail_light
