131.7234191,-9.0801944,-1.1317915,-0.3498521,-3.4540596,0.041492,-0.0579815,-1.6719172,-1.8150887,1.125216,3.0635323,3.0788345,1.9124706,-1.4156394
130.9912109,-11.6115961,-3.3894672,-1.1773915,-5.5245175,-1.5551102,-0.6102095,-0.6980705,-1.191905,0.8064661,1.9456233,0.1722789,0.0821719,-1.2629122
131.5733184,-9.4417114,-2.8601613,-3.3060336,-5.4320058,-0.552052,2.3939187,0.8570486,-0.6840014,1.3875951,1.8887414,1.1780781,1.0886557,-0.2453134
129.1175842,-10.2343282,-3.8471107,-3.1645827,-4.1661338,0.4120855,0.1960378,-0.8449304,-1.5597181,0.4358358,2.000668,0.7896769,-0.3232024,-1.5770485
128.5037384,-9.0407657,-3.5745539,-3.241271,-3.7430419,0.2422619,0.6853919,-1.2106804,-1.0154294,0.7904339,2.5181183,1.2269945,1.3709645,-1.1414196
129.5307006,-8.9851961,-1.0735502,-1.9223814,-4.1049695,0.5552092,0.6542647,-0.4504881,-1.4775028,-1.4199554,0.2569861,1.0778734,0.5901198,-0.5563953
124.2136306,-7.7500753,-1.9654045,-2.8049721,-4.2706961,-2.699109,-1.6878008,-1.4166874,-0.3004351,-0.4454753,1.253442,-0.0513141,-1.5722138,-3.8892965
128.0308227,-8.6334552,-1.6249575,-1.4221186,-1.3261284,-0.3688512,-1.8303422,-1.5411956,-1.327311,-0.1521564,0.9594572,0.7133961,1.0864105,-0.3032095
127.9794921,-6.5536723,-0.9789467,-1.3952281,-2.1625332,-0.8342166,0.0548172,-1.7859959,-3.0228519,-2.1745402,1.3478472,0.6471567,0.6081142,0.8535192
128.4912261,-6.411674,-1.1287355,-3.3208312,-3.9513955,-2.9419557,-1.7350215,-2.9757895,-2.9507751,-1.5511069,1.6846904,3.1605348,2.2499992,0.7697606
129.2951507,-6.7498431,-1.9604558,-3.4057154,-3.1789546,-0.1317148,-0.9849177,-4.0143976,-3.8174791,-2.8389112,2.5673336,0.8158188,0.2598848,0.9066374
131.4809875,-7.0903086,-1.2665605,-2.8064103,-2.2745752,-0.7742271,-1.2066588,-1.2020583,0.4013934,0.3410392,-1.8839864,-1.9249151,0.7348039,1.4633016
127.2320632,-6.8330426,-2.409254,-3.775053,-3.3459734,-0.6850114,-0.0966201,-1.8856973,-0.9488202,0.0938287,2.7399349,1.5688967,1.3927235,-0.3351433
129.8912353,-7.440309,-4.1470317,-3.6205673,-1.8682055,-0.1616778,0.0157628,-1.9158983,-1.7775893,-0.6050775,2.1587324,1.7388482,-0.1304357,-0.389766
131.8702545,-7.0012621,-3.0682387,-5.7305083,-4.4964594,-0.0017142,1.9323844,0.7637763,-1.812993,-2.0818302,1.590681,-0.0425415,0.8562041,0.6862767
126.7629089,-7.7665939,-3.4649538,-5.3115077,-3.2552909,-0.0535312,1.1519587,-1.5271615,-1.4328656,0.8565789,4.1198229,2.1421151,-0.2347231,-1.4477572
128.0869598,-7.1687078,-3.0164895,-4.7592878,-5.3357238,-4.4226446,-1.2598471,-0.8772026,-0.538415,0.1632552,2.0210483,1.6021366,2.5276284,1.2114887
134.8801116,-4.1699309,-1.0821094,-6.0370655,-5.1066002,-2.9441062,-1.0607142,-2.9760065,-1.5237355,-0.3450708,2.3228371,2.8642668,3.3589127,1.1340351
137.8766784,-7.6416902,-3.6225152,-4.1059565,-4.7257642,-2.0960934,0.7119541,-0.1090479,-0.1558542,1.5952348,0.0242529,-2.1766576,-1.7928051,-1.1837229
139.9340515,-6.9061155,-3.5467643,-4.5061569,-4.0188732,-2.716731,-1.3923835,-1.6502201,0.2829018,3.8544664,1.681534,-2.3397986,-1.2253241,-1.0422458
135.4075012,-4.7760553,-4.1764588,-8.4381732,-6.5753707,-4.8000049,-1.8120021,-1.9332861,-0.7979431,0.3305454,0.7989435,-0.7954445,-0.345284,-0.6610861
133.1277313,-4.5171632,-2.0786728,-5.8938355,-5.0390114,-1.3170349,0.0103798,-1.1741414,1.7511281,3.1891636,3.2504024,1.2715821,0.17465,1.8208708
127.1207733,-6.5314431,-1.6864857,-4.5511136,-5.635086,-3.2892577,-1.694427,-0.9896732,-0.381741,-0.3613493,0.4861441,-0.7505846,-0.4274962,-1.1471605
127.4640121,-7.6931424,-3.0456929,-4.267446,-4.074058,1.7035799,2.3272027,-0.5087662,-0.9762941,-1.4558234,2.2572178,0.5123105,-0.8470602,-1.8088218
129.4045562,-8.9553413,-3.0349264,-3.8587117,-3.9068908,0.1497688,1.5146777,-0.497551,-0.7370677,-0.3699379,0.0700917,-1.7674391,-1.11132,-2.0927939
129.7776794,-7.2284097,-2.6066641,-3.4726266,-3.1974296,-0.1947899,0.0862999,-2.867711,-1.9017591,0.7501516,3.6716873,0.4351125,-1.6727056,-1.2420969
129.5966796,-6.5396418,-2.5221147,-4.833949,-6.0727577,-2.3587014,-0.9244547,-0.0111337,1.6143317,0.2503252,0.8282812,1.2044584,0.0035729,0.6182737
134.3304748,-5.4854497,-3.4866929,-5.5877442,-3.9869961,-2.6054868,-0.4042606,-1.501142,-2.0310912,-0.7975273,0.2219367,-0.3129613,-0.3217494,0.0638273
135.9474792,-9.2865524,-2.3386158,-1.3582773,-5.0387821,-2.2099609,-0.2843137,-1.3150527,-3.9826078,-0.1101341,1.0478749,-1.1214697,1.2940528,1.4540612
138.22966,-11.5877542,-4.5308499,0.1296349,-1.8576478,0.3709455,1.1201338,-1.1371953,-1.9114894,2.5871033,1.0608012,-1.4467949,-1.3148431,0.3489821
131.8267059,-6.6821827,-3.227756,-4.261137,-4.7680649,-1.5199031,-0.8881541,-0.6916797,-0.929142,0.0441675,0.635391,0.6933646,0.377285,-2.5619554
131.9650726,-3.5789999,-1.4480834,-4.8592228,-3.6879463,-3.0027875,-2.088418,-1.6574342,0.1292481,0.1835318,1.8279798,-1.3564622,-0.8978169,0.1996932
127.0868759,-6.8147945,-0.914804,-4.5723404,-4.8300638,-1.7707934,-0.9300008,-3.4777166,-1.065392,1.6647439,3.303359,-0.07124,-1.7800955,-2.0635352
129.4778747,-9.2596263,-5.5025978,-5.2644534,-2.3116822,-0.2756495,1.3268301,-0.3734174,-1.3763413,2.9365739,1.7754855,-1.2844328,-0.3307731,0.3640132
127.1115036,-10.534523,-2.7498683,-1.8251102,-5.9171042,-2.3009657,-2.2252254,-1.0873541,-0.1744704,-0.663003,-0.1944594,-0.1357648,-0.0894642,-1.8117835
130.4137878,-6.124794,-2.7823309,-4.9647507,-2.7180781,-0.9334264,-0.5424457,-0.6612282,-0.9427329,0.4755917,1.3852138,1.8697557,3.303441,1.3547019
130.6750183,-8.065401,-6.0910587,-6.877798,-2.6875343,0.0379415,1.7061502,0.262063,0.4557104,0.0354943,1.0742595,-0.4182005,-0.2067418,-0.0198548
129.6134185,-5.7350368,-2.571156,-4.3985142,-3.6129713,-0.0426807,0.218358,-0.1379185,-1.5406794,-1.2759633,0.9239442,1.8928079,1.6275117,-0.6898832
130.7763214,-5.4613833,-2.5373487,-5.3690505,-4.6328573,-0.8055494,1.0083935,0.9925328,-0.0748906,-1.8629331,0.3529396,-0.5969291,-1.0345234,0.5375149
127.2721099,-10.0374469,-3.2537684,-2.8385281,-3.760303,-0.7612073,-0.0668898,-0.6674762,-0.4653268,-0.3092575,1.8605575,0.7595315,0.3434877,-0.4859359
134.8463439,-3.410964,-3.5165157,-6.2937312,-2.9154047,-1.2965679,-0.4698119,-3.3206086,-1.4751677,-0.7685697,1.1180808,-0.6849771,0.9883821,1.3181648
123.6084976,-9.85289,-2.424498,-1.7301821,-0.6983886,0.9106222,1.9397809,1.1235427,-1.6350374,-1.8417158,0.9356151,0.9313533,0.3906291,0.6997006
128.2423858,-10.4773435,-3.9812664,-1.7941222,0.0998812,0.6913862,0.6904271,-1.242877,-0.7024436,3.4068698,1.4617538,-1.6665382,-2.1621515,-1.168302
128.4585266,-8.2769355,-3.2362203,-3.5415825,-2.9266047,0.2603655,0.73364,0.0048041,-1.4417834,-1.3826444,1.4390206,2.0666174,1.6698215,0.7002306
131.0986938,-7.1830253,-3.6791744,-4.2553548,-3.7617454,-2.1484181,-0.9713936,-3.2468678,-1.5577187,2.0135507,1.5973606,2.7365324,1.7736024,1.4222648
127.6195755,-6.924323,-2.1377053,-2.7149696,-2.6391148,1.2030577,0.4348989,-0.9413648,-1.6095237,-1.5674855,0.6342719,0.4750907,0.0033572,0.7422168
133.668106,-6.7557835,-5.1714348,-5.5326175,-4.8485159,-1.0272588,0.0027213,-1.7741119,-1.9009866,-0.7097888,2.173834,0.0277596,1.7540555,1.9162672
129.8339691,-11.0911283,-2.1859645,0.5837121,-2.983447,-1.9991052,-1.8341183,-1.5407769,-2.0659909,3.2244777,2.9102215,0.8733659,1.337392,-1.0561206
133.1552429,-10.8022632,-1.7408299,0.4348345,-5.3874745,-0.2559853,0.5302846,-0.9535676,-2.7778148,1.9894676,0.8377729,0.7762289,0.6381841,-1.2761836
126.0464324,-8.1182975,-1.9774637,-3.3726136,-5.5799694,-1.4632112,-0.1652155,-0.8920122,-1.9903874,-2.1469335,0.9493535,-0.4061816,-0.9529438,-1.6648719
124.735054,-8.753931,-3.5285162,-3.4579658,-2.3121099,0.9545598,1.5730323,-0.7309706,-0.3939877,0.5227284,0.9973309,1.3389105,0.0941551,0.341186
123.6638946,-7.9350833,-1.3002386,-2.0332753,-3.0460686,-0.8060982,-1.7124791,-1.7374725,-1.0207347,-1.6413836,1.2637889,1.1336951,0.4033649,-1.1804635
127.4683456,-8.2116718,-3.641931,-3.7120423,-1.4787096,0.824657,1.345745,-1.5798356,-2.4025549,-1.1477782,-0.1713862,-1.8152904,-1.81538,0.4407046
123.5119476,-7.9081583,-0.6273355,-2.0275449,-3.0953497,-0.6602328,0.5354857,-0.5121508,-1.418106,-0.8396461,2.9518613,1.5347061,0.6232698,-0.747731
129.3000793,-7.2610859,-3.4337816,-5.1121225,-3.0379471,0.6980433,0.1726623,-2.2554397,-1.760251,0.5299444,2.9197173,-0.0111778,-0.5697947,-0.7692866
125.1298065,-7.3492498,-1.9048514,-2.0959463,-2.6743907,-0.4661908,-0.4033952,-0.7015433,0.0848298,-1.3942737,0.4217713,1.8074476,0.884342,-0.9323101
125.4992904,-7.2584896,-1.8352017,-3.9364132,-2.0962529,-0.2049847,0.812223,0.163331,0.018683,-0.3417594,1.7301034,-0.0929308,-0.7093096,-0.064919
127.9288253,-8.7126407,-2.6017632,-1.4777226,-3.0365347,-3.1826562,-1.1204109,-1.5123274,-3.4163551,0.0658593,1.7080109,0.4472799,0.4505851,0.5981665
126.5922241,-8.9623355,-2.97616,-2.9839229,-2.3610153,0.6579103,0.9318192,-0.0343142,-0.5688739,-0.7581463,0.4320641,0.6890008,0.464185,-0.5843346
128.70755,-6.5950632,-1.2967839,-2.6911692,-2.6775727,0.7640691,0.3847098,-1.2764301,-1.501018,0.4539742,2.6809296,0.935865,-0.0166485,-1.1020815
127.852539,-8.6953086,-2.7186851,-3.0812377,-2.5276365,0.0841227,2.5776822,1.1190061,-0.7943802,-0.324306,0.6131844,0.274035,0.3181074,-0.5287812
127.6147003,-8.2039527,-4.4056162,-4.1164364,-2.7378611,-1.8969877,-1.7309079,-2.2746636,-1.3310728,-0.0651631,0.5775175,-0.204881,-1.3276629,-0.4735444
127.1351318,-7.0535964,-2.4231276,-4.0683584,-4.6400408,-1.2939023,0.2870312,-2.044619,1.4891362,-0.1254683,1.8762602,0.6455736,-1.2350935,-1.2359361
131.9112854,-5.0045647,-0.6255121,-2.6606149,-4.3699383,-3.0741508,0.090683,-0.2296305,-0.4283566,-0.6407759,3.0785243,1.4870624,-1.7384531,-0.9538524
123.8749389,-7.9229426,-2.0616292,-2.9611473,-5.5567498,-2.3801803,-2.2100715,-2.1858038,-1.2733445,-0.492933,2.3362574,1.370073,-0.5614758,-1.9477306
129.8697052,-7.1948637,-4.2887811,-6.564855,-3.843441,-0.9139531,-0.3359022,-2.5338201,-1.2130875,-1.0861051,4.0065608,3.3504762,0.6506777,-1.4220569
127.9040603,-4.506196,-1.2421669,-4.3425049,-4.2039031,-1.3721802,0.72682,-0.1515303,-1.1839022,-0.6567087,3.2915825,1.630589,0.4687564,-1.5904428
129.5493621,-6.3523836,-1.6172432,-4.6401381,-5.0641107,-0.1023478,1.6622271,-0.317625,-0.835928,-2.2003617,1.647886,1.4798598,1.0735988,-0.7072906
130.5919647,-6.572967,-3.4717841,-4.5963935,-4.2476305,0.712748,2.5067019,-0.5856805,-1.1877098,-1.457215,0.7616224,0.7042146,-0.1493578,-0.3627093
137.1718902,-13.6297721,-4.4184465,-1.3726119,-5.2486658,-1.7129287,0.9665267,0.3264084,-2.6384134,3.6152663,2.1788394,-0.8839803,-0.3986754,0.1714513
128.4576873,-8.775774,-2.0306649,0.0391111,-1.9238557,-1.6017343,0.0114803,-0.5987473,-2.5855398,-1.1618266,1.590743,1.9696128,0.6746595,0.3761709
126.0731277,-7.7854523,-1.1220903,-2.5836853,-3.5388121,-0.0658741,-0.3618603,-2.2218797,-2.4642572,-2.1454651,-0.5195355,0.1559236,0.101985,0.5734804
133.743515,-10.327794,-3.8630008,-2.7515077,-6.0499792,-0.8771711,-1.2761769,-2.9831912,-2.7318387,1.1747364,2.285964,1.1834745,0.1074529,-1.0476803
125.9534988,-10.6768493,-5.7990827,-5.4004688,-4.5631675,-1.1438002,0.7343736,0.0320129,-1.1783509,-1.355652,0.688807,-0.3340456,-0.1170738,-0.7626016
133.8932952,-7.1713619,-1.752891,-4.1251001,-5.0379524,-0.2073755,-0.2900696,-2.2159318,-0.9763542,1.8163709,3.0905437,1.855153,0.8604708,-0.2984848
134.6669158,-5.3000793,-2.5521082,-5.1067638,-4.9298076,-1.7679934,-0.0031557,-2.1335582,-2.7790241,-0.3676639,1.1443548,-0.0679641,0.473752,0.8327799
135.1903991,-5.1971316,-2.3766908,-4.9236192,-2.2418465,-0.4989715,-1.9856352,-3.710545,-2.1265573,-0.0723681,1.1150314,0.1176372,1.0437107,1.2287147
133.8998565,-13.067933,-2.4957966,1.6689686,-5.9393701,-0.5383677,-0.0912757,-0.2574329,-2.6658945,1.4285564,0.4901183,0.001997,1.0104126,0.073204
132.0589141,-7.9178986,-3.935163,-5.1877279,-4.8370285,-1.5109703,-1.6341948,-1.6279811,-0.3065023,1.3308491,2.6029229,1.537187,-0.3575358,-0.5041647
130.7395782,-4.623434,-1.9581727,-4.7881793,-3.5718512,-1.1767115,-1.5626568,-1.7784454,-0.2458997,0.0242143,0.8723393,-0.5285544,1.3811159,2.0679178
128.1322479,-7.4190859,-2.6369547,-5.4360914,-4.8546009,0.6547732,-0.591568,-2.6978867,0.0729299,0.5567403,2.1933662,1.0557255,-0.2063315,-0.1300244
127.5192337,-6.9076895,-1.9783897,-2.2021217,-1.2772321,-0.6333795,0.434463,-0.3673415,-2.4425897,-1.8364192,2.1038458,1.4301404,0.0748971,-0.2075634
127.9761276,-6.8646302,-1.8345322,-2.01022,-2.483251,-0.3883815,-0.4004593,-2.0225472,-3.1760797,-0.3654525,2.1520056,1.3587887,0.1057913,-0.0658608
134.3745574,-7.3766374,-3.7851219,-4.4093399,-3.8423519,0.8353382,1.5258429,-0.7743604,-1.0369229,0.5363846,2.0858066,1.3435854,2.8301229,-0.1192732
132.1309967,-12.0963678,-6.2906293,-2.9436254,-4.3345851,0.8199645,1.3267118,-0.4073634,-2.026731,-0.1561666,0.9315505,0.7352881,1.3566408,0.3976393
124.6990356,-6.7913045,-1.7848095,-1.5801401,-1.9810929,-0.3156681,-1.128076,-1.8890051,0.1938887,-0.7209017,1.1763384,1.6302773,1.2384054,0.8814228
124.1526107,-8.2688417,-2.387526,-2.3588385,-2.5325632,-0.5135467,0.9265115,-1.083013,-1.8092727,0.4990587,2.477406,0.9381807,-0.7750552,-0.523375
131.076004,-8.0911264,-3.9019603,-5.1110506,-4.5964713,-0.0180545,-0.2127018,-1.622749,-1.3030586,0.168119,1.1814522,-1.7825121,-1.1429662,-0.415283
133.4979248,-3.7390198,-1.2421011,-6.6350417,-4.2687654,-1.8813462,-1.3012356,-1.8320705,-0.0635438,1.1532444,2.7170925,-0.0633497,1.0910379,-0.0200322
133.568283,-6.6961994,-2.8806991,-5.7354617,-5.5223903,-2.0079665,0.1787696,-1.250632,-0.844699,-1.350928,0.720932,0.9516635,-0.6379852,-1.5620331
131.1990509,-7.2775931,-3.8026671,-7.3546943,-3.813754,-0.5014291,-1.3873763,-1.7480211,0.5682652,1.3345293,4.2423739,2.300384,0.2122886,-0.1680746
125.8679656,-10.9087467,-4.2848134,-5.183434,-5.7703781,-1.3742589,0.1312089,-0.9818633,1.067049,3.4915518,3.3363847,1.2423362,-0.0898898,-1.3462381
128.1119079,-7.3125805,-0.7396908,-0.9650204,-3.0271368,-1.2501595,-0.7608528,-1.1624135,-1.5373735,-0.2610385,0.9589336,0.6310077,0.6629419,-0.4268579
141.7198638,-13.6561298,-2.8352875,-0.856421,-8.8034715,-0.6979275,1.0388076,-0.0926681,-2.1662058,0.7619967,0.0132756,-0.6421738,0.7441499,-0.2726974
136.5669403,-5.8863005,-3.771779,-4.9768586,-3.9948563,-2.5352833,-2.1391606,-5.4003319,-4.3450856,0.3709073,0.4744315,-1.6235845,-2.0853588,-0.7139451
130.1447906,-12.6292734,-4.0812888,-2.6568303,-6.9947085,-1.8843746,0.5215831,0.0319362,-4.1999902,-0.6272681,2.1486907,1.7506594,0.575367,-0.5118277
128.3020324,-10.1444263,-2.198121,-3.6978416,-4.0212464,1.4095864,1.4700005,0.8617783,-0.0043979,0.0461884,1.0292706,0.9117828,1.1352686,0.6156549
128.0688934,-7.9219365,-1.8323388,-2.9061775,-3.5628571,0.7108378,0.7514484,-0.2717557,-0.5525961,0.2942181,0.3304613,-0.5566447,0.3651021,0.0824792
126.2632446,-9.7291774,-2.6392364,-1.6689062,-3.7324194,-0.0668435,0.1444821,-1.7888131,-2.6602411,-1.750144,2.3506598,0.9679768,-0.2719634,-1.3245241
123.5285034,-9.5957603,-3.3330154,-3.2754545,-3.6969676,-0.4409993,-1.2172417,-1.6383626,-0.6870174,-0.9347651,-0.872586,-1.9378255,-3.4960916,-1.8036608
127.4950332,-6.2929577,0.6682172,-0.6419811,-3.2751154,-0.241631,0.0422721,-1.0484526,-1.018238,-0.0561237,1.321027,0.770236,-0.1699989,-1.1860516
126.0905303,-8.9258251,-1.9950127,-1.7276301,-2.4846601,-0.7225428,-2.3840394,-3.0433702,0.3645537,1.8347697,3.5898246,1.3270416,-0.8654376,-1.7087428
127.701065,-7.7351245,-1.8656849,-3.6955652,-5.2198209,0.1739249,1.328006,-0.3653722,-0.1037197,0.5185962,1.0945842,0.3531098,0.3790281,-0.8528888
126.1362838,-12.0410614,-3.03128,-1.727714,-4.8361234,-1.2402603,0.2294717,-0.3706717,-1.4417119,0.3020644,0.0045853,-1.0332403,0.070761,-1.3954615
126.2942047,-8.4864425,-3.6131262,-3.4523601,-2.4899053,0.0890126,1.183465,-1.1367383,-2.2010688,-1.8096883,0.5776052,0.5973783,0.428386,0.7828162
129.0836791,-7.4749193,-1.9351181,-3.9114046,-3.1964759,0.4884829,0.0544391,-0.1211019,0.2809696,-0.1296101,0.547771,-0.5070789,-0.0764146,-1.5714309
143.469223,-1.3381795,-3.2126512,-9.0865182,-8.4996204,-4.3889288,-1.3208823,-4.4613971,-0.4457293,0.3792834,2.2390301,-1.1614909,-1.0611681,-1.5047755
141.6194458,-2.6502442,-1.311069,-6.6988773,-6.0140085,-2.94737,-2.216238,-3.3865761,-0.7407742,-0.5391474,3.5049071,2.473164,2.4054288,0.0622215
126.8115386,-10.007636,-3.1309032,-5.2799267,-4.5479187,0.0811439,0.0971146,-1.7084817,-0.3649297,0.9473162,3.1322436,1.9036917,-0.8808709,-0.6230745
133.3764038,-4.728939,-1.9735155,-2.3859486,-2.8061256,0.1416802,-0.2304773,-3.0371429,-1.2618217,0.3941116,1.0937914,-0.2241254,0.2237511,-0.1396377
128.3964233,-7.1257348,-3.0909972,-5.5670957,-5.0808472,-0.3189206,1.7074699,-0.5618076,-1.659553,-1.757924,3.6307482,2.7304434,1.1395399,-1.4360396
126.4557571,-8.356121,-3.2070264,-5.6599774,-4.0455603,0.4346361,0.6847539,-0.5065055,-0.110539,-0.4688692,-0.5687976,-1.2798547,-0.6387088,-0.8763099
128.7254943,-7.2100243,-2.5178575,-4.220148,-5.4061789,-2.2811303,-0.3779559,-1.3155927,0.1068206,0.8911429,2.4481358,0.6972909,-1.597557,-1.0701656
130.1911315,-4.8698573,-1.3494634,-2.8544664,-3.1929178,-1.2051517,0.1131978,-1.0690577,-0.1417732,-1.5188446,-0.5842562,0.0893745,0.4115238,0.0500848
125.3353729,-10.1009483,-4.7559294,-4.3778715,-3.2633161,-1.3543221,0.4313874,-0.8662549,-1.4452571,1.8257212,3.8918581,1.8846294,0.6077623,0.0420983
126.0539855,-9.3775167,-3.6997928,-5.1239795,-4.0132408,-1.8007051,-1.3173923,-1.3446185,-0.1736035,0.6585712,1.6552877,1.7241058,1.8785612,-0.1581271
126.9542007,-7.5762271,-2.6413388,-4.7275581,-2.4955005,-1.2574496,-0.8875781,-1.1115517,-0.4826655,-1.4338788,0.6811521,0.4996753,0.4090538,-0.6341813
125.1279525,-9.4090709,-4.0987353,-5.3589258,-5.2520833,-1.3252277,1.176059,0.3168521,0.9826796,1.2290811,1.5584318,2.0459156,0.450994,0.4965594
126.3103027,-7.38379,-2.7335381,-3.1023688,-2.1701631,1.0467562,-0.4191208,-2.5912997,-1.5341739,-1.230864,0.8748217,0.3700352,0.0498347,-0.9177847
130.0443267,-10.4113578,-1.504456,-0.1898012,-2.9554409,-0.0936451,-1.500256,-2.1705422,-1.5014815,0.3260636,2.215136,0.3875637,-2.0872216,-2.0686163
127.302536,-10.8373641,-2.3802194,-1.0345053,-2.9746475,-0.134726,-0.5283241,-1.2418549,-0.4753485,2.3484749,2.0661921,0.268363,0.7032409,-0.3044207
130.5445556,-12.6913299,-3.8774909,-1.4525113,-3.9450268,4.3985371,-1.7696561,-2.5719466,0.7225208,-1.1355009,2.5494358,0.2301884,-0.6105087,-0.4866123
126.8941726,-8.8415813,-2.5975022,-3.6224665,-2.891304,1.0495548,0.4223466,-2.1438465,-2.3780574,0.2806177,2.8819322,2.150156,0.0673478,-0.0606797
126.5428848,-9.4176969,-3.0373096,-2.2596135,-2.1717495,-0.3152409,-0.1333728,-2.4962646,-0.6453152,0.247983,2.2223854,0.9054385,-0.4440567,-1.3430933
127.0574493,-7.3230199,-2.5347814,-3.3714423,-3.2759799,-0.2214684,-0.2173719,-1.4129912,-0.7255344,-0.0777235,1.2932887,0.1624339,-0.7400079,-1.8075232
125.1367111,-8.1451892,-1.4357166,-0.4373245,-1.4222946,-0.0397596,-1.0347709,-2.1200525,-2.5870323,-1.4098949,1.651057,0.4683316,-0.7065873,-0.3445456
126.0775222,-7.2701396,-0.6237912,-3.2895927,-4.3726634,-2.580451,-1.7094702,-2.382579,-2.1973943,-1.5922715,2.8677484,2.0921587,0.4951999,0.6123555
168.627777,-15.9255361,1.4068031,-0.077476,0.5257373,-1.5508809,-1.46666,-0.9118762,0.4247918,0.0475655,-0.0577145,0.0151095,0.1675892,-0.6756496
130.7161102,-6.4775934,-2.3840665,-4.3278169,-5.089508,-0.4769626,0.3158526,-2.2693035,-1.8472476,-0.3939767,0.9110466,-0.8950508,-0.2168174,-0.5131955
135.3878173,-5.7547888,-5.8191795,-9.2660846,-4.3970022,-1.7241935,0.4974108,-3.4838576,-2.6741561,-0.1452608,2.5446152,-0.0275126,-1.9703745,-2.968986
132.3839111,-3.4146242,-0.9582439,-5.6746635,-3.5904331,0.5688133,0.5676088,-1.9647558,-1.4560923,-1.2789015,2.7225708,1.254208,-1.1749966,-2.0429632
122.9727783,-7.6132035,-2.2221689,-1.8095269,-4.4551057,-2.125128,1.3320906,0.5924168,-0.8825164,-1.534496,0.3610678,-0.7976651,0.2490616,-0.4664271
128.0440521,-10.0379238,-2.1205492,-2.4985313,-5.0845279,-1.8131391,-0.342072,-1.780925,-3.6297101,-0.3852007,-0.4072671,-0.8703992,-1.2767012,-2.8797761
127.8445358,-6.8819098,-1.5931291,-3.4921774,-3.162918,-2.5328998,-1.0583758,-1.901071,-3.1778807,-0.7383184,1.7596416,1.6054511,0.7570095,-1.4021782
128.7660217,-6.4734516,-2.701775,-4.4711375,-2.8104438,-0.7814856,-0.0055695,-0.4860959,0.4429107,1.4596147,2.703473,0.7374225,1.6579558,-0.9323575
126.3977584,-6.9395351,-0.9026652,-2.0907945,-2.8468503,0.2929659,-1.2138619,-1.0864508,-1.2552638,-0.834306,1.6125419,0.0332332,-1.0237276,0.6542706
130.2179412,-7.4556441,-3.8170843,-4.7604808,-2.1111965,-0.7135749,-0.1670375,-2.1133866,-1.2286272,-1.0017099,1.3775985,0.3291659,0.8646312,0.6432424
134.8336639,-8.9149684,-2.880268,-4.6705908,-6.5721106,-1.7432987,0.6140933,-0.9056036,-1.4205489,1.7431769,3.0883383,-0.2423418,-1.0652089,0.0287642
131.7989654,-7.0624885,-3.1308031,-4.855381,-5.1016817,-2.282238,-1.1729803,-1.6818745,-1.5624766,-0.1357751,3.6411514,2.4802937,1.843141,0.3530376
132.026123,-6.7323942,-3.0641217,-4.5913848,-4.5917758,-1.7219309,0.5724783,-1.866786,-0.5279813,0.5369658,1.7950618,1.8451652,1.0393137,0.3332508
125.2523193,-10.0110406,-4.7382965,-5.7384223,-5.8563194,-3.0716123,-1.7724199,-2.8827452,-0.8462296,0.3395596,5.1344389,3.7233228,1.4751317,1.8839597
125.6843795,-8.734991,-2.7189121,-3.586018,-5.7277946,-1.0407471,-0.276618,-0.3367176,-0.5098762,-0.6653299,0.8502591,0.5900702,0.274689,-2.9940931
126.824707,-8.5562438,-3.0734543,-2.2258229,-2.8962864,0.4662242,-0.602582,-1.5668053,-1.2284107,0.7981496,3.4339604,1.3080501,1.3353552,0.5878451
127.8758544,-7.2328224,-2.7172656,-3.4574072,-4.720539,-1.7976329,-0.416286,-0.8736601,-0.1594863,0.2010369,1.9920322,2.1897897,0.1273346,-1.1727705
131.5715789,-10.2620601,-0.5570493,-0.7012367,-7.0949316,0.1747427,0.1971378,-0.054811,0.4797673,-0.2552824,2.8319139,1.6747159,0.4910972,-1.1040985
138.1543884,-10.2393054,-3.5533094,-0.7987266,-1.0603704,0.503552,0.6251554,-1.8624601,-3.8182272,0.3552127,1.1714198,0.8278842,1.956819,2.3950233
124.0009841,-9.9409694,-0.183486,-1.2058701,-3.6147112,-0.4599166,-1.0354986,-1.0045406,-0.5751319,-0.0598826,2.3466291,1.6778759,0.1696291,-1.9479419
124.0351486,-9.5467357,-2.8087258,-2.3842008,-3.3354158,-0.8783352,-1.7321577,-1.7465653,-0.2545819,-0.350457,2.2663855,1.5838296,0.1125004,-1.7031097
129.8978729,-8.1611499,-2.8044219,-2.6130681,-2.9534401,-0.9451123,-2.2868452,-3.7033143,-2.5060224,0.2302275,1.770575,-0.0509202,-0.653652,0.7867372
127.7584609,-6.4432501,-0.3386955,-2.4239735,-4.9879837,-3.0843069,-1.2666535,-1.0313696,-0.1423302,0.3241377,3.7369301,2.4824213,-0.1089578,-0.2080235
123.6133422,-9.434165,-4.3231658,-3.0908436,-4.1917428,0.4318504,0.352623,-1.7076768,-0.9836936,0.0699792,1.9013406,1.3196747,1.1186528,-1.2787599
125.8000106,-10.1277656,-2.9133477,-4.2460231,-4.5417203,0.0956836,0.0371938,-2.0195939,-1.7955803,-2.2725572,0.1490874,0.7000313,-0.8907481,-1.1273629
128.4507904,-7.4940423,-0.4738588,-0.5424566,-3.1572885,-1.6195278,-0.2738476,-1.6648244,-0.7815852,-1.5210442,0.3171091,2.3853993,1.2683038,-0.46051
127.7627716,-7.0880923,-2.5770912,-3.11942,-3.2729949,-1.6782355,-3.4124045,-3.7618474,-1.3930482,-0.7499933,2.5874252,2.6692783,1.0493237,-0.0114729
126.8715972,-7.5506768,-0.322422,-1.1617686,-3.779663,-0.0849214,1.2158982,-0.2973967,-0.5264125,0.5814147,2.4957242,1.2636032,0.4626946,-1.0652379
124.9369735,-8.9481792,-2.9720444,-3.4739613,-4.1608715,-2.0992162,-0.3180819,-1.1871311,-1.1587691,-1.0178544,0.9641853,-0.9710927,-1.5932674,-0.7500298
127.0565872,-8.1613283,-3.793776,-4.9637322,-4.3362798,-0.2951579,0.7341177,0.3680987,-0.4177828,0.2493091,1.1743342,0.2823999,-0.0579064,-0.5245795
128.8589019,-11.8505716,-1.5322074,1.913731,-4.3042111,0.9082618,0.9837053,0.5372376,-0.6338205,0.5950856,1.3064372,1.2941761,-0.0093882,-1.6923878
127.5494384,-9.8934497,-3.4838757,-3.6778349,-4.479844,-2.6940965,-0.90448,-2.3813035,-3.1542925,-1.4532551,1.066955,2.0630826,0.4762323,-1.1499371
127.5690994,-7.8260526,-3.3597693,-3.2056612,-3.4520792,-1.1130316,-0.8965993,-1.9807772,-1.4083175,-0.326021,2.1178197,3.0285851,3.3748226,0.4765971
126.0057373,-8.1543617,-2.2079763,-3.6588606,-2.1099119,-0.5256586,-1.479784,-2.3894734,-0.5433969,-1.4680941,1.6654548,0.9778343,0.4674785,-0.1801155
129.4247741,-8.2063331,-2.8069009,-2.6958966,-4.0118274,1.5488142,0.1611137,-2.492006,-0.4592748,-1.6971323,0.3468974,0.4793887,1.0414373,0.0222995
126.230339,-7.9139628,-1.2217159,-2.8975811,-3.5483288,-1.0583546,-0.8170281,-1.6562221,-1.8803257,0.4163117,3.488203,1.5615053,0.1392233,-0.6400137
126.1346893,-11.156063,-1.5783324,-0.0558052,-3.0105905,0.864965,-0.4353728,-1.6172749,-0.7161665,-0.0506401,1.3111948,0.1900699,0.3684103,-0.005017
124.3393783,-7.5550584,-2.6284904,-4.7524938,-4.166027,-1.6922354,-0.8578883,-1.2446906,-0.5876069,-0.8814874,-0.0766559,0.200074,1.6560378,1.1638164
127.1054534,-6.7374501,-1.4486246,-3.098103,-3.7320652,-1.2867317,-0.2302523,-0.4996061,-0.6135673,-3.0216226,-0.3342552,1.2013645,0.2356074,0.1245568
125.702362,-6.7442865,-1.9724569,-4.3043503,-4.6181745,-1.7385292,-1.4655799,-1.0380468,1.072648,-1.112946,2.1838436,1.2021918,0.1875937,-1.1830732
125.9008789,-11.3709011,-2.1972713,-0.9489694,-3.6015815,-0.3363876,-0.587544,-0.2201037,0.0239635,0.4190192,1.3765916,0.3005874,0.0125759,-0.3659317
128.7895507,-9.8188152,-2.181477,-2.7562775,-4.4857044,-2.1823284,-0.3584852,-1.8262378,-3.0655589,1.5929312,0.1612129,-0.1691296,0.8235786,-1.1177856
126.9926452,-7.4158854,-1.5997753,-2.3721237,-1.75217,-0.8403661,-1.7259368,-2.875805,-1.3851895,-0.717874,2.1665906,1.0001151,-0.4181817,-1.1759905
131.4927368,-9.2901306,-3.5676932,-3.3938584,-4.9763197,-0.6402712,-0.297277,0.2435575,-0.4164433,0.0174837,0.7035389,-0.0654063,0.5712128,-0.1605098
124.5690689,-14.0897006,-3.8236951,-1.4925813,-4.1996393,-1.8479835,-1.148787,-1.4466495,0.1181693,2.6643319,2.64188,1.37574,0.0176775,-1.675213
132.6346588,-10.2181482,-2.9454441,-1.4618911,-3.3410325,-0.1100435,1.0642881,-1.1780531,-2.5702996,0.8056536,1.4716191,0.2492785,0.5120237,-0.9530027
126.4775466,-7.6202301,-2.379888,-4.0069079,-4.426135,-1.9779722,-0.3123093,-2.1061649,-1.7328038,-0.341007,3.1050138,1.1046543,-0.3273129,-0.707479
131.4799194,-11.5065546,-2.9990568,-1.2569284,-5.4704003,0.8087016,-0.6817694,-1.6347863,-1.5902686,-0.2079921,1.4717078,1.4254024,0.0443606,-1.296875
123.6667938,-9.6732616,-2.9218249,-1.6956319,-3.1704587,0.7675309,0.3988633,-3.2632629,-3.0631475,-3.0157616,1.9621887,1.3753871,-0.5062177,-1.9935731
126.1347961,-8.0735759,-2.5611648,-3.9442214,-3.2483344,0.9194437,0.6992409,-0.6891119,-1.2970046,-1.1848888,2.656593,1.2663598,-0.7046297,-0.7944691
129.0592193,-9.3530282,-2.4153666,-2.3024606,-3.9388675,-0.555522,1.3192071,-2.0636,-4.1446914,-0.4308062,1.1247401,0.3818152,-1.115581,0.2399135
127.12751,-9.4651737,-2.6711611,-1.4862976,-0.7767906,0.0528746,-0.2699447,-1.8059585,-2.7984752,-0.6770639,1.6622662,0.2064133,-0.6267698,0.6579623
127.7882919,-10.2545003,-1.9236106,0.1996889,-3.3659677,1.3125796,0.1588325,-0.6223741,-1.0536041,-0.7216337,2.5475182,-0.0807061,-1.1502952,-2.2639033
126.1585159,-7.7632613,-1.3335237,-0.9472619,-2.4464416,-0.5694466,-2.2841539,-1.8509135,0.3200707,-0.6560776,2.2618229,0.3731575,1.0812203,-0.0378385
128.7908935,-9.3949108,-3.3617944,-2.2984447,-3.1732821,-0.0103278,-0.2268605,-2.897684,-3.7339696,-1.9393894,-0.6272964,0.3970697,1.0956075,-0.2812927
127.4108963,-8.1903705,-4.2021684,-3.2364945,-1.5326294,0.0436983,-0.0674944,-1.8255848,-1.4629712,-0.18643,2.2175438,1.6110544,0.2071693,-0.2421243
125.7635116,-9.8937854,-2.2269568,-2.1515302,-2.3626327,-0.384418,-1.049468,-2.7094302,-1.7121105,-1.3715202,1.1473951,1.4323592,-0.6070328,-1.8054225
125.2294082,-9.0774736,-2.1311178,-1.176311,-2.1673326,-0.419075,1.2808551,0.0078168,-1.2026381,0.6204629,1.8518827,1.3940527,-0.3913524,-1.3830537
125.0077285,-9.9841232,-2.9733085,-1.892477,-1.5109829,0.4923048,0.1889839,-0.8624735,-1.4109535,-0.6442804,1.7157509,-0.2913845,-1.6930944,-1.0168049
123.3062896,-7.5358452,-1.460083,-1.9298046,-1.9964151,0.4455905,0.5491977,-0.7128267,1.0960221,0.8547092,1.3541352,1.2839436,0.2944829,-0.4737833
120.8542175,-10.575983,-1.5136022,-0.819583,-3.0727057,-1.5116491,-2.4760155,-2.9129962,-2.2508029,-2.6568241,-0.5379512,-1.4360222,-1.9920072,-1.39594
126.4053039,-7.7373194,-1.5685954,-2.0546255,-3.607275,1.0182485,1.6630403,-0.4415855,0.4201794,-0.8099719,0.7692056,1.2022762,0.1321521,-1.7514569
123.8255691,-9.3157234,-4.3879017,-4.7784605,-4.8940978,-2.2882649,-1.4512782,-2.53623,-2.0287156,0.7307448,4.0826106,2.585046,-0.0440967,-0.7165406
129.4755249,-6.934473,-3.529334,-4.7686443,-3.5966176,0.7953224,1.2267682,0.2988505,-0.0223041,-1.504312,1.2652311,0.7693953,2.2974824,0.38679
124.5230789,-7.8875174,-1.9981884,-2.1181316,-2.3742957,-0.3081489,-1.0266852,-1.3642287,-0.4900408,-1.2033185,2.8169918,1.9890424,-0.3363931,-0.2585363
122.7901763,-10.7970447,-2.2792429,-1.529514,-2.6078085,0.7134347,-0.5824866,-0.051486,1.1057057,1.5935173,4.7757291,3.363367,0.8551293,-1.573769
126.0301361,-8.486782,-2.6223754,-2.43159,-2.0732512,1.0905823,-0.085403,-0.8018796,0.344883,-1.1563467,0.901145,0.6493814,-0.4596739,0.2449267
128.2213897,-5.6422224,-2.9447579,-4.914896,-4.4946002,-1.3248364,-0.4914932,-2.3501124,-1.035614,-0.3362565,2.8657176,2.1620039,-0.7478299,-2.2452468
127.6730728,-10.906311,-5.4178056,-2.9485793,-0.326272,-0.2560973,-0.6648922,-2.5391438,-1.6826858,1.7706761,1.6827831,0.0284605,-1.7054226,-1.1510846
128.7937927,-8.209362,-3.2449741,-5.2777338,-2.3924322,0.8166166,0.8386651,-0.5714297,0.6210985,-0.4220982,0.9767848,-0.0303478,-0.7950358,-1.6043872
128.65802,-7.3142299,-2.9002304,-4.4664959,-3.3548073,-1.0869665,-0.9806018,-1.7140245,-1.2725372,-1.0235171,1.8681056,-0.0500088,-0.4857438,-1.2573261
133.2028503,-5.8201556,-1.614325,-3.9332537,-4.3304953,-0.7107234,-0.2644882,-1.3827252,-0.8763257,0.4596848,1.7043924,1.6603388,0.0709605,-0.5445881
132.3002319,-4.4144845,-1.2057576,-5.8425316,-5.7982921,-2.5719428,-0.1849213,-1.5274295,-1.442048,-0.2172899,2.9913797,2.6253094,0.3044684,0.032326
126.1384429,-5.9809913,-0.49506,-2.4440221,-4.6723575,-3.2879838,-1.9355368,-1.2874674,-1.1425504,0.6088471,3.368637,1.9732656,1.132642,-1.1179542
124.816246,-7.0474677,-0.8612543,-2.639676,-4.37503,-1.9574265,-1.7205581,-2.1502473,-1.6146054,-0.5617588,3.4775314,3.1893627,2.1755204,-1.9381299
133.7770996,-10.4480304,-3.1184854,0.532897,-3.3055458,0.6725345,0.4707866,-0.8944331,-2.1660904,1.674767,1.7004077,0.2888002,0.5657356,-0.1036217
128.3838806,-6.9223508,-1.8921136,-3.1837882,-3.7931118,-0.66696,-0.5411587,-1.4052565,-2.3738408,-1.1134171,2.1298549,1.8698833,-0.9536238,-1.541316
126.4533386,-7.1412777,-1.2911882,-4.1357278,-4.2372407,-1.0578408,-0.2280736,-1.6734237,-1.5124902,-1.7522952,2.416213,1.6245017,-0.5665719,-1.1014099
127.8321304,-9.1317691,-1.9266762,-1.8697927,-4.833177,-1.0176248,-0.2401924,-1.2067701,-2.1450047,-0.6448221,2.1394069,1.2773551,0.9254019,-0.4006727
133.276596,-14.1777467,-4.9631233,-1.9656233,-5.2650308,2.0744686,0.1198792,-2.1924922,-2.2730498,0.2612777,0.8393736,1.0690007,1.5771405,0.3823223
132.7085723,-8.0773973,-3.2802147,-3.2481055,-1.890984,1.0250129,0.6090188,-1.0391743,-0.5061774,0.1306887,1.022365,-0.959862,0.0174212,0.0471892
130.2264251,-11.1281471,-3.1729001,-0.3263826,-2.4786396,-2.9730379,-1.7728195,-0.5969717,-4.4252882,0.8823143,1.4771895,0.7785108,1.3747656,1.2517838
124.7925643,-8.7347402,-1.024631,-2.5070381,-3.9273314,0.0328546,1.1917319,-0.4587579,-0.674974,0.7211122,3.4585423,1.9326596,-0.6346247,-0.3191509
125.4902725,-8.4260673,-2.0490226,-2.0766272,-3.3433241,-1.4034595,0.4625297,-1.4725022,-3.389986,-1.6252133,1.1267933,0.998169,-0.7138445,-1.4433987
126.8016204,-8.0171451,-3.0728206,-3.5221676,-4.2476806,-1.8539106,-0.6838131,-1.7509868,-1.1590166,0.2268844,1.9682624,0.3780754,-1.4001898,-0.1233027
125.4295806,-7.239736,-0.679811,-1.3922328,-2.0468907,-2.3764843,-1.7959094,-1.2700309,0.1058731,-0.0299087,3.3209457,2.2276456,-1.4018721,-1.8727445
127.6690902,-7.7981219,-2.2446527,-4.5215706,-3.3390426,-0.8923852,0.4636869,0.905757,-0.9678913,-1.8497228,0.430521,-0.530463,-0.8570137,-0.483784
125.8124847,-10.4515733,-3.517291,-2.2889273,-2.7920989,-0.2638698,-0.7276068,-0.3872869,-1.0828289,0.3733854,2.0440595,0.7310088,-1.8516216,-1.273354
133.14151,-13.5063896,-3.1656765,0.2982554,-2.5144896,0.7711377,1.7874097,-0.6274147,-3.9241657,3.1688275,1.8543844,-1.3100099,-0.8414984,-1.6212692
131.3918457,-8.5928297,-4.130887,-4.4668946,-3.3427176,1.7050876,1.2642333,-1.6125323,-3.1456685,0.0685821,0.9851761,-0.0583174,0.2184734,0.1520083
128.4754333,-8.7576789,-3.3146605,-3.2704544,-1.9595465,0.5243297,0.4289141,-0.7022819,-1.869111,-1.4077382,0.5131266,-1.2324724,-0.060117,1.3386242
124.0628814,-9.6686372,-1.9718179,-1.8125872,-3.0892996,-0.9448783,-2.1988563,-2.4677531,-1.8741097,-0.9345265,2.055685,1.2597103,-0.1758773,-1.1583986
132.621231,-4.374113,-3.4109416,-5.8472881,-3.4780526,-1.5482728,0.8777091,-0.8781009,0.1782575,-0.3937359,1.209455,-1.0403265,-0.9442616,1.2119643
124.2385864,-8.8209285,-0.3909416,0.0093708,-2.1942658,-2.6047654,-3.3475079,-2.2756786,0.0195217,0.7926192,2.3507165,0.0183647,-0.4902487,-0.2507842
128.3132476,-11.016817,-2.8123025,-0.7124557,-2.6119146,0.8354826,0.7723694,-1.4592375,-2.8770475,-2.1450009,0.8615499,-0.2669363,0.3185797,-1.3109002
125.6711044,-10.1946563,-2.529602,-3.5727086,-4.4011545,-0.4802895,0.8759,-0.3928947,-1.4239072,-1.9942646,0.2688632,1.4363062,0.921036,0.1216056
125.8596954,-8.6439685,-2.8790998,-1.9325828,-2.2623267,0.5865231,1.5388331,-0.7381961,-0.7732658,-1.2083625,1.0237164,-0.047014,-0.6433086,-0.0819902
126.7165603,-8.6907463,-2.8618798,-4.4597053,-4.4566097,-0.3051009,0.7859433,0.4893355,-0.6262035,-1.8157566,0.9755394,-0.0414023,-1.1533122,-0.8190615
126.0543823,-9.5900936,-3.823955,-3.3360133,-3.0384273,-2.2242641,-2.0470213,-2.8638958,-1.7580394,-0.4234917,0.220679,-1.9993955,-1.3410229,-0.9372349
126.4730224,-6.2195124,-0.1424613,-0.8074947,-4.4578595,-1.2163424,-1.2101368,-1.5952987,-0.8670311,-0.4573297,1.924834,0.8600507,-1.2386245,-1.616926
125.1535186,-10.598669,-2.5300078,-2.9633841,-4.8132185,-1.4570403,-0.8514915,-0.8418992,-0.7702513,-1.0178785,-0.4809523,-1.2119092,-0.8548353,-1.3284556
123.5780105,-8.9056749,-3.8877882,-3.9680669,-5.2109837,-0.8744588,-0.3037748,-1.2988474,-2.8228259,-1.6783044,2.1344506,1.4919235,0.7728183,0.2325249
124.1423263,-8.9405651,-2.1837315,-2.5263357,-5.0858683,-2.1016809,-1.190257,-0.4429765,-0.9968534,-0.3719115,1.9371757,1.4959163,1.563822,0.5619187
129.913681,-9.135725,-1.332035,-1.3193702,-4.4149575,-0.1689706,1.6487674,1.138144,-0.7932563,-1.1772656,0.7975287,0.2102027,0.8370364,-1.5719826
133.3248748,-7.1761465,-1.5902395,-3.3349084,-7.5558977,-1.9243152,-0.6951022,-0.5178196,-1.1287112,-0.2155392,1.3833794,2.0115294,1.0734937,-1.4495537
130.6786499,-10.0522594,-3.202198,-2.7088303,-5.0441884,-0.6700945,0.651011,-1.0133428,-1.0898237,1.4347777,1.5761146,1.8787164,1.9624299,-0.7256579
126.4281463,-8.2249794,-1.9815087,-1.9475307,-3.3643097,-1.7818253,-0.4184394,-1.2128798,-0.8796688,0.9551926,2.1926715,0.5394948,-0.4245136,-0.95559
126.3620986,-5.972824,-1.1250352,-2.4623012,-3.639996,-0.6638281,-0.9580651,-1.7436389,-1.9003772,-1.7953927,1.8555519,1.1510171,-0.9863565,-1.7163374
126.8866958,-6.3137388,-0.3987327,-0.7120919,-2.5935277,-0.0748005,-0.6383514,-3.1127328,-2.4316201,0.0545602,1.588766,1.5358386,0.1871207,-1.3603932
127.5904388,-6.3014435,-0.2339463,-2.185307,-6.2115359,-4.1100487,-3.0081515,-2.4013054,-0.3799038,-0.1475964,4.0045466,3.1950092,0.3706787,-1.0756864
123.7723464,-8.7945928,0.0060978,0.6505957,-2.6909008,-1.0058043,-2.4622926,-2.0083451,-0.1228585,0.372643,2.677855,0.3194258,-0.5031118,-1.9199694
121.3390045,-7.477715,-0.9355484,-2.2825362,-4.1872158,-1.11768,-2.0966382,-1.6212868,-0.4256182,-0.8013175,2.7689957,2.4823451,-0.0558782,-1.2020576
127.214241,-9.063364,-2.5164914,-2.5452523,-5.1231822,-2.0952415,-0.1866279,-0.3341579,-1.5653495,-0.2259417,2.5795845,-0.1931288,-0.4831502,-1.1834146
125.3879394,-9.6507015,-3.3269619,-3.1784377,-2.6197457,-0.6106679,-0.0611234,-1.14963,-2.0470709,-1.644746,0.0062208,-1.2071886,-0.1426454,-0.3707147
126.7264633,-10.0198726,-1.2544703,-0.2325463,-2.2682819,-1.7517943,0.8534753,-0.5632627,-0.9564944,-0.0267358,0.4590406,0.5394039,-1.6374413,-2.3313629
124.6047821,-8.8205375,-2.7770709,-2.4089095,-3.2993588,0.3021593,0.6587226,0.3158975,-0.0717874,-1.4327259,0.8944135,2.0929002,0.3155627,-0.9068857
125.9614715,-10.5730133,-2.4896717,-0.5191398,-2.647159,1.1591138,0.0617747,-1.5765163,-1.8769922,-1.022746,0.8208859,0.0539224,-1.3416731,-1.3301467
129.0091247,-10.148796,-4.2490234,-3.4983901,-3.7170658,-0.7198811,-0.2818775,-1.4642596,-2.107913,-0.5202756,-0.5193696,-1.8500537,-0.7194788,-0.1196165
124.5597991,-9.1486053,-2.5111551,-3.0503315,-3.1186985,0.4455371,-0.6177745,-1.812227,-1.9095711,-0.5475712,0.8966467,-0.8688376,-1.2114288,-0.2269008
124.4595947,-8.79179,-1.5820069,-2.2375679,-1.4577589,1.1847062,0.5230877,-0.9091856,-1.8486127,-1.0887713,0.5914772,0.865872,-0.1326263,-1.2856197
125.205017,-9.1530857,-1.0359177,-0.9308396,-3.3698287,-0.1434488,1.6078643,-0.7474291,-1.7237887,-0.1051159,1.2406864,1.8253831,0.9452698,-1.4403171
125.227333,-8.7564697,-2.3259787,-1.6787772,-3.7527322,-1.1394505,1.0655305,0.4030838,-1.4685578,-0.4330068,2.2638711,1.9880995,-0.1542969,-2.314089
125.5567626,-9.1115894,-1.898786,-1.4635365,-3.9153985,-1.8768482,-0.6129613,-0.6819739,-1.2233357,-0.336513,0.1634557,-1.5182549,-0.7003381,-1.1149938
128.8287963,-7.8087024,-0.6715918,-0.6300654,-2.4347124,0.369678,1.0248332,-0.2182527,-1.0460519,-1.005248,1.6144697,2.2541713,1.7622034,-0.8044107
124.6912231,-9.6970233,-3.3762626,-2.4252357,-4.0427961,-1.1060411,-0.7852144,-0.7852826,-0.7137032,0.0366473,2.5853362,2.1721549,0.6767333,0.1214001
125.9069442,-9.0513534,-2.7169575,-3.0926938,-4.0552039,-0.962924,-1.4645385,-1.7449193,-0.7624497,-0.8018704,2.6419177,1.1704742,-0.173126,0.1349688
136.4463806,-11.136938,-3.0346951,0.0209446,-2.8444337,1.0787105,1.0993416,-1.0600552,-4.418385,1.7228507,1.302484,-0.4815633,1.4654369,-0.2173078
126.3884048,-7.3045101,-1.7444453,-2.2574467,-4.3258156,-2.3540518,-1.3801555,-1.1158871,-0.7403088,0.152966,1.1322391,1.1732053,0.6927788,-0.4798107
124.832489,-8.4199962,-2.6173582,-2.3784027,-2.6864719,0.6669316,1.5313367,-0.05689,-0.1488438,-1.2164325,0.872603,0.1623869,0.1832244,0.8332086
124.4958877,-8.4231939,-1.294394,-2.0505962,-3.6980051,-1.0429642,-0.3042169,-1.1250033,-0.578443,0.5342178,2.6686625,1.5594441,-0.0341058,-1.5237016
125.3015289,-9.8693866,-3.1813893,-1.7862081,-2.123485,-0.602505,-0.9207411,-1.6971864,-2.0388603,0.3825941,-0.3088534,-1.1314332,-1.0896434,-0.0869546
124.4348754,-9.9407434,-2.4409594,-0.8682542,-1.7359538,-1.3523738,-1.0002851,-0.8845849,-1.7658514,0.5307178,1.6905806,-0.006283,-0.2790918,-1.0496399
126.868515,-9.6102561,-2.109857,-2.7321071,-1.8369741,2.3376655,1.910123,-1.0587306,-2.9421429,-2.3468291,3.2622551,1.0039367,0.6702406,-1.8532772
123.9610366,-8.587285,-2.2395868,-3.7786526,-3.4230012,-1.8949937,-1.2282023,-1.5751538,-1.0903716,-0.8886902,2.6787075,2.0706105,0.2015524,-1.5211443
128.8811035,-7.5568623,-3.6110787,-3.1920948,-1.7055211,-0.4913046,-1.337677,-2.1228938,-2.7767162,-1.0052585,1.7293491,1.462516,0.1625993,0.7699623
126.2669296,-7.5413002,0.2165532,-2.2482652,-4.2278118,-1.1476807,-1.4567518,-1.1776018,-0.253315,-1.3171761,0.1909637,-0.7029068,-0.7723465,0.3419142
125.5014724,-7.3306975,-1.1754784,-0.9280692,-2.6294479,-0.0643201,0.3873305,-0.8388078,-0.8228765,-2.1796698,1.9077563,1.1705698,-0.0627451,-0.3173013
129.5200653,-5.1517529,-1.402523,-3.7800092,-4.4864702,-1.6870715,0.2122254,0.0076518,-0.0842886,0.3816514,2.2279915,-0.7461171,-1.6568665,-1.8729176
129.2792816,-6.8315753,-2.9190993,-3.17668,-3.892004,-2.3862154,-0.6332359,-0.7697279,0.4754953,0.2700558,2.3311128,2.3841495,-0.3708851,-0.0224104
124.1527481,-8.452774,-2.1797356,-2.5628571,-2.4497447,0.6001415,1.813655,0.1325383,-0.5918155,-2.1082282,1.0506944,0.5018086,-1.6798694,-2.0966606
127.5945968,-8.289153,-3.0570235,-3.9345626,-4.7474994,-3.0500872,-3.366301,-3.7967994,-1.9552559,0.7574482,1.2466845,0.6922963,-0.0124924,-2.7420775
135.5667114,-4.8281321,-4.7339329,-9.055294,-5.3870973,-0.3622041,2.6890146,-0.0088477,0.8421169,-1.2791175,0.5611725,-0.8518181,0.6197562,-0.0858488
124.5315017,-6.9166202,-2.0968589,-2.3157963,-4.8454165,-2.5471658,-0.7722754,-1.184376,-0.1298661,-2.9439754,1.7521245,2.8840673,1.4401564,-0.1837783
137.6456909,-12.0370349,-2.4105176,-1.0579471,-4.5645093,4.3179855,0.2876215,-2.4134123,-0.2995863,-0.4015856,-0.0131884,-0.5019171,1.435465,0.7950654
134.5571899,-8.2141895,-5.7377462,-6.2320251,-2.7690901,2.1745972,1.0675251,-2.6098835,-1.8061742,-0.8643589,0.9632769,-1.2227458,-0.2320814,-0.3971133
132.8497924,-11.5939931,-4.4772281,-1.0978069,-2.3607854,0.8234177,0.8091567,-0.7128527,-0.6038842,1.630124,2.015809,0.5285816,1.5005908,0.9325144
138.5234527,-12.6852588,-5.0559697,-1.9206886,-2.9025654,-1.0019273,1.4122397,-1.9746282,-6.9298586,2.6360516,1.297352,0.1171555,0.9995468,-0.6261883
136.4589691,-11.1244106,-1.8488273,-0.0334268,-3.5012817,-0.8378444,-1.422996,-1.92935,-1.4656248,1.3185882,-0.1498508,-0.9355419,1.6193642,0.4989109
129.1427612,-8.3500423,-2.7695527,-1.8558068,-3.3089323,-1.1501281,-1.1683139,-1.9317293,-2.5614967,-0.0100966,2.1867856,0.6030197,0.5728247,-1.5986177
126.6723175,-9.926094,-3.8786315,-4.279109,-3.9788169,0.1409636,-0.5603127,-2.4874992,-1.9708924,-1.9831941,1.0148146,-1.0156126,-1.7794008,-1.1886577
125.4051666,-9.4305744,-2.9137887,-3.4768271,-3.7726697,-0.974886,-1.4356203,-1.4869005,-0.0838065,-0.5327897,1.602375,0.9543744,0.3162079,-0.7038383
125.0382919,-10.3909053,-1.0951199,-1.2772469,-2.4288535,-0.9163428,-2.8215994,-3.4558145,-1.5219478,0.0606375,1.16224,-0.2237384,-1.3032617,-0.2998981
126.9725189,-10.3103141,-1.75985,-0.5784693,-1.6195673,-0.4911857,-0.410183,-2.2808053,-2.3981099,-0.3144944,1.1410241,1.116539,-0.5044849,-0.5990324
126.8261871,-8.3288764,-2.6205306,-3.0096342,-3.8224787,-1.9674539,-0.7124362,-1.1827099,-2.080872,0.5474539,2.7463214,-0.1107855,-1.4870173,-1.5045092
123.6685485,-10.1280326,-2.3617272,-0.3834524,-2.2086639,-1.338607,-1.0890655,-2.1343884,-0.8801847,0.6609678,2.3467454,0.2318246,-0.1591089,0.2824457
128.8052825,-9.7498855,-1.4032244,-2.2264237,-5.2204003,-0.6665297,-1.9557332,-2.188852,-0.8463593,-0.8297822,3.1771569,0.5609007,-0.0413661,-1.5514447
131.1291503,-9.6433238,-3.519823,-3.1220712,-3.2593188,-1.0925266,-0.5020118,-1.5712621,-3.706171,0.5115485,1.8763957,0.3080029,1.0575733,1.5478358
125.3132858,-8.7569656,-2.1859583,-1.4591369,-1.7255749,-2.4281163,-1.7987809,-1.6282799,-1.2841506,-0.0170703,3.6175518,2.0228667,-0.4784918,0.2839608
128.6975402,-7.0490417,-2.3363528,-2.8620066,-2.5490746,-0.5312405,-1.673583,-2.7423207,-1.6363916,-1.6225171,0.5723252,0.7760432,1.5624408,2.2554638
132.5700988,-5.5524106,-1.353559,-6.2104606,-5.8541183,-2.2300627,-2.5080833,-3.2736079,-1.248444,1.0065889,3.2333698,-0.1224551,-0.1862769,-0.4176583
128.5414123,-8.3101119,-2.4354758,-4.408936,-5.6984577,-2.1026866,-1.4969091,-3.7444345,-2.915018,-1.4319529,1.171359,1.3971929,-0.46299,-0.6160419
127.0331649,-9.457076,-1.7860007,-1.9093813,-5.0391545,-1.1138241,-0.1004858,-1.8385789,-1.6945614,-0.1629763,1.2024559,-0.9579494,-2.2055573,-0.9532688
131.5148925,-10.2937011,-2.3080296,-0.0074739,-0.5426445,-0.9775498,-0.8309894,-1.426166,-2.2972283,1.751985,1.5239357,0.4294753,0.9601827,0.3010116
129.7520446,-7.5789918,-3.0423765,-2.9858274,-1.6683712,0.6687036,0.1013122,-2.5165493,-0.2865653,0.225667,2.4459965,0.5597105,-0.6738808,-0.736696
130.519699,-8.1337919,-3.6885681,-3.6969108,-3.6346416,-0.7754459,-1.2395048,-1.3729348,0.426475,-0.9590068,0.7687979,0.0072813,0.7387688,0.2645986
124.147026,-9.8529739,-2.5854401,-3.3442988,-2.0717811,0.5392351,0.7685413,-0.9593416,-1.7867317,-0.8529697,2.3214616,2.825098,1.8172243,0.6014323
123.5092315,-8.7444438,-1.1002116,-1.7923645,-2.9587888,-1.2534844,-1.3320536,-3.1017005,-1.6903033,-0.8870802,-0.0546811,0.1384659,-1.9585168,-2.2428686
123.8328704,-8.3017501,-1.8215866,-2.6083006,-3.2533822,-0.719687,-0.3902445,-2.7927052,-1.4334845,-0.6597602,3.1979773,1.1384449,-0.6402011,-0.1457534
133.8999481,-5.3693389,-3.4991159,-6.5970172,-3.0108013,-0.377347,-0.4868274,-1.8849468,-0.1261845,-1.8860834,0.467418,-1.2944464,-0.8081351,1.1302857
130.0255126,-10.0185317,-2.8586654,-1.1509695,-2.2370676,-1.5128905,-1.1075305,-1.8056521,-1.732326,1.7361812,2.4276309,-1.425188,-2.0515964,-2.2914268
129.195816,-8.8304443,-3.8295192,-2.099586,-1.2084722,-0.9028671,-0.584518,-0.204555,-1.13981,-0.1272449,2.1981935,1.3627724,-0.5024695,-0.9061742
130.0211029,-10.2332267,-2.22689,-1.4348292,-4.5877876,-1.046344,-0.9483238,-3.3409259,-3.0497088,0.3567495,2.1401834,1.9680253,1.282772,0.940538
129.4596252,-9.2838783,-2.501398,-2.1462211,-3.495409,-1.9240212,-1.2683825,0.0854306,0.1811767,1.3923916,2.6006126,0.7015481,0.4595461,-0.594234
128.6257171,-9.8980617,-3.2019457,-1.976294,-2.5346159,2.1947693,1.2404625,-1.196,-3.2464342,-3.7460191,-0.4707942,-0.9439364,-2.7026946,-1.1276996
124.723442,-7.1454114,-1.2359623,-2.1580157,-3.3382358,0.0866289,0.1960711,-0.453238,-1.1507139,-2.4002974,0.8642428,0.48806,-0.5449219,-0.677233
127.0411224,-9.1208419,-2.4923119,-2.0101251,-2.1300616,-0.5328822,0.0869556,-0.5419173,-0.8111515,-0.9696441,2.1742968,1.7291135,0.4514925,-1.1336846
126.0759048,-8.451807,-2.3424062,-1.3064494,-2.817636,-0.6614752,-0.4550757,-2.0161447,-2.4745082,-1.7545239,1.3016862,0.9627104,0.6293771,-1.2814435
133.21109,-9.638462,-3.9089016,-3.0196065,-2.2050747,-0.9598448,-0.9466119,-0.9535737,-1.2391772,0.3246713,1.636192,0.4415178,0.3963242,0.0272639
125.7434082,-11.1641483,-1.4072308,-1.3072361,-1.9821381,2.9175558,1.6325786,-0.6335402,-0.6870279,-1.970495,0.6458735,2.5346856,0.8095791,-0.1281328
130.344345,-6.5964384,-2.9191823,-4.0650763,-3.7179193,0.2268229,1.3158192,-2.41387,-0.9593688,1.5868558,3.295731,1.7285962,0.7360423,-0.6600544
129.3972473,-6.7351956,-1.571453,-3.2146129,-5.2917661,-1.050019,1.3295891,0.3973918,-0.7877593,1.3012256,2.1098442,0.3931057,-0.4623461,-1.7699222
129.0758666,-5.8028712,-1.2571496,-3.7294607,-2.4135022,0.114552,-0.2356081,-2.3989088,-1.5661797,-0.7348001,2.5089769,0.7045565,0.1590683,-0.7779505
130.2437438,-7.4344801,-2.7371606,-3.4577007,-3.7971262,1.2695269,2.3202326,-1.2863729,-2.310162,-3.1163382,-0.0790367,-0.5115237,-0.2234623,-0.5018964
131.4961547,-11.8123226,-3.9659171,-1.3123931,-4.0873656,-1.4602456,2.6303791,0.9273234,-1.1890335,1.1597747,0.5401669,-0.0870237,0.4180005,-0.7657638
127.8918304,-9.2748641,-2.0616941,-0.9969354,-2.0293231,1.0017342,-0.2786741,-2.4974782,-1.4575638,-1.0268957,-0.0569787,0.440064,0.6764894,0.5067849
128.0108947,-7.0714755,0.8946271,-1.6226353,-4.2605729,-1.0055918,-0.6997194,-2.2495417,-1.3806757,0.3700862,2.9199438,1.7050094,0.9504383,-0.9794447
134.0169067,-9.9519748,-2.4293417,-2.3874335,-3.7497315,1.9774861,0.5967624,-1.4606728,-2.2355933,0.0080523,0.4715791,-0.3152869,-0.2438364,-0.1778333
128.6237182,-7.938589,-2.9658436,-4.5736122,-4.6169018,0.5069332,-0.0740862,-2.1963801,-2.4547696,-1.8154418,1.6110267,0.8133588,0.6570497,-0.3395348
127.1138687,-7.3458447,-0.8056517,-1.19596,-2.7128181,0.2810774,-0.0396142,-1.944066,-1.1490578,0.133749,3.1429755,1.0046663,-1.8153545,-1.645441
126.5408935,-7.7458515,-0.972056,-1.8443202,-2.3844442,0.6622109,-0.1843996,-1.7011675,-2.1822514,-1.3978891,1.0939712,0.6866801,-0.1381884,-0.0211494
125.0550918,-7.8768339,-1.7235536,-1.8308105,-2.1843752,-0.6908364,-1.3381462,-3.4976048,-1.1863408,0.4959826,3.8622288,2.0805487,0.2896426,-0.1090014
127.5374069,-10.3336591,-2.8830561,-1.2782917,-2.9701533,1.6622061,1.9905483,-1.6536431,-3.5325603,-0.5767755,1.1678595,-0.7203324,-1.2760167,-1.1786029
125.2271728,-10.6176586,-1.6642065,-1.7193493,-2.1537084,0.1492829,1.2744176,-0.8919876,-1.0683884,0.5589781,1.0407278,0.1623497,0.2301443,-0.8871875
127.158638,-9.5951614,-2.6473984,-1.5683102,-1.1743259,1.0999455,0.8336537,-2.4965538,-2.4427466,0.3103571,1.4409949,0.1040983,-1.5409157,-1.8680751
124.2566528,-8.6173868,-1.5996475,-2.2029466,-2.6232571,-1.1328182,-1.047996,-1.6011459,-1.0192437,-1.8552196,0.5753512,-0.5450127,-1.520544,-0.7015355
126.3925704,-9.2606515,-3.0518441,-3.3990826,-3.6462202,0.4714441,1.3820736,-1.0885577,-1.2932929,-2.5634598,0.4877934,0.1779733,-1.6742837,0.2102735
123.2843017,-9.5688362,-3.201147,-2.8931431,-2.949141,-0.2692933,0.8737846,-1.5348851,-2.1060781,-1.6036801,-0.0812945,0.0741231,-0.2623553,-1.9509949
126.1046829,-10.4295921,-3.5956153,-3.5211849,-2.8137078,0.4445901,1.5120337,-0.0522923,-2.043466,-1.3314847,0.4316606,-0.7322719,-1.5453538,-1.2513747
131.6009674,-8.0662488,-3.1291289,-4.250102,-3.7194619,-0.6288087,-2.0983395,-1.0860521,0.1038389,1.3457207,4.6951456,3.3192877,0.8562105,-0.0878933
126.0039749,-8.3037242,-3.4091801,-3.8846402,-2.4048438,-1.8731958,-0.8552022,-1.9030666,-2.0593824,-0.5931423,1.1545462,1.5077629,-0.2602077,0.718791
128.8249664,-9.4872379,-2.5835556,-2.3012399,-4.8840165,-2.0131263,0.2059193,-0.7657523,-1.6508622,0.828671,2.9510836,2.0609865,1.1633446,-0.2628715
131.0746612,-8.5197753,-4.3102407,-6.9635448,-3.305737,-1.7566173,0.0368719,-1.4199194,-1.785767,2.1066751,3.4358699,1.2208642,-1.1271915,-1.0410122
128.5956115,-7.1218767,-2.1557226,-3.7142467,-2.8521766,-0.5649786,0.2159133,0.1733785,-1.0202674,-1.1942546,0.9270993,-0.0551963,0.2692032,0.9875727
125.335411,-7.1923537,-2.3126459,-3.957405,-4.181951,-1.0390257,0.6657855,-0.6072931,1.2880625,0.8528629,2.6813735,1.6416966,0.2308109,0.2328038
125.8304748,-7.3320407,-0.7778115,-1.9340801,-3.8170919,-1.8241598,-0.8916107,-0.4875658,-0.6672025,0.2902179,2.054603,0.9143035,-0.3891268,-2.4920132
135.9815826,-15.0342617,-3.1110239,2.1496868,-7.1645932,1.1072845,-1.7406864,-1.7527556,-2.0830216,1.7087826,-0.6654849,-1.6500709,-1.0300643,-3.3330292
127.7629013,-9.7248764,-2.0850305,-1.5628447,-2.6586818,0.86089,0.447269,-0.8048959,-0.2858996,-0.2611043,1.2757687,2.3670706,1.3944032,-0.715178
126.4773635,-10.7487812,-3.8613309,-3.3121762,-5.5704264,-1.1036736,-0.1723399,0.0833712,0.3590565,-0.3559465,0.7354422,0.5960364,1.329822,0.314949
129.9901428,-5.9887328,-1.9865484,-6.2424449,-6.1666407,-1.4117851,1.482474,-0.1210036,-0.7896113,-0.4843888,1.7388076,0.4896011,-1.5894103,-2.0712714
125.466896,-9.1893177,-1.5194334,-0.4632936,-2.1878404,-1.0707669,-0.2613091,-1.8926525,-2.1098098,-2.177237,0.8275077,0.6731367,-1.1483194,-2.1006941
142.199707,-13.0194072,-4.7402133,0.6477857,-0.1415815,-0.2099724,-1.1998057,-3.7832405,-4.6546463,4.5202412,0.0862498,-1.4754528,0.9430356,1.4605247
129.075531,-11.5952396,-4.3642292,-1.2001838,0.7887654,0.0461407,0.3899894,-2.6563942,-4.7763209,-0.5892041,-0.0673766,-1.2833211,-1.0268931,-0.1415977
130.835205,-12.0991535,-3.9461717,-1.702178,-4.8200006,-3.2362611,-0.9105211,-2.4614763,-3.4954495,1.7486324,-0.5790582,-1.3669834,-0.9844823,-1.3568758
132.1873626,-9.90522,-2.5781836,-2.3034896,-3.220396,-2.3537306,-0.9598632,0.3724446,-1.2711462,1.1680164,0.9568353,0.4633813,2.0756583,1.4037928
132.0851135,-8.1485939,-2.516138,-1.0366005,-2.6893916,-1.1677196,-0.286737,-1.295979,-2.2049798,1.0596404,1.8349738,-0.4082124,0.2872581,1.0961091
127.3470687,-9.094902,-4.0678267,-3.8898386,-2.7796258,-1.4941504,0.5081935,-1.2684276,-2.8671808,0.1130409,2.6521525,2.4648213,0.8101235,-0.1274836
129.9549865,-7.4278802,-4.6851415,-5.5580806,-3.8329811,-2.1701304,-0.4014182,-1.5401642,-1.6796007,-0.9575272,1.6149332,0.5999055,0.7343991,-0.8938642
138.9833221,-9.1335258,-5.3689112,-2.9561891,-0.4085035,-1.0371003,-2.003725,-1.8498479,-0.7184815,1.4869947,1.0241034,-0.4804554,-0.2648559,2.284131
128.6640777,-9.6218214,-6.0538501,-5.8365435,-0.7638779,1.3740234,1.7144181,-1.1045165,0.1142988,1.5942378,2.4199533,-0.1856203,-0.8325384,-0.0994105
124.9585189,-8.0413303,-1.6542181,-1.864026,-1.3028144,-0.4861674,-1.2983999,-2.3994891,0.4887691,0.2091136,0.6936541,-0.1892905,-0.9572726,-0.8676115
126.6835937,-7.5493125,-1.6512312,-1.4296572,-0.7045331,-0.50249,-0.1315222,-1.3098554,-1.0287137,0.8544846,1.9302738,2.0875563,0.1824489,-1.3561401
128.579483,-8.7057943,-2.8473358,-4.1581296,-2.4602217,0.0808034,1.578232,-0.3512807,-0.4968567,0.2077179,0.3677397,-0.6228929,-1.7141757,-1.8661109
125.0847549,-8.9493007,-2.3532524,-2.5779953,-3.975429,0.0342016,-0.1238437,-1.3098056,-1.2610483,-2.0399036,1.2726337,0.4849055,-1.8401756,-2.4278433
126.6750411,-8.7868061,-0.9542404,-2.0580358,-3.7926702,-0.0341024,-0.0466509,-1.0563268,-1.2931094,-2.5292549,0.0088968,-0.9803796,-1.599668,-2.4743077
125.4319229,-8.1022844,-2.6742143,-2.2846541,-1.8418335,-0.4047561,0.491442,-0.2753177,-1.8789453,-1.4090631,1.6334135,1.3282008,0.6945236,-0.8971121
125.0383911,-7.8903846,-1.0021858,-3.3587293,-3.7967543,-1.6241176,-1.0713906,-1.7397546,-0.0707512,-2.3979001,-0.6080885,1.3232665,0.238893,0.5263865
124.2543106,-10.7659387,-2.8272929,-2.364459,-3.7503614,-0.9610622,-0.840849,-1.8923656,-0.5161724,-0.4440792,2.2443804,1.2663717,-0.1483221,-0.6302645
132.0333251,-15.9681577,-5.406116,-0.3718719,-4.6558322,0.8747693,0.5988502,-1.6353895,-3.2614326,0.2228703,-0.1832538,1.1659712,2.2621831,-0.372021
128.3371582,-9.3931751,-1.9337158,-2.2377886,-4.2432384,-2.489289,-0.4999232,-0.1584511,-0.6935801,-0.4324386,1.1672277,-0.2124948,-0.2180874,-1.7879068
128.2694091,-7.0214776,-1.8916373,-3.1068906,-3.1913032,-2.5100362,-2.1859698,-1.7026507,-3.3767018,-2.958044,2.4018487,0.1135063,-0.5523293,-0.0483487
124.5755691,-9.1366672,-3.0677933,-3.9852878,-5.0675272,-1.271239,0.5498979,-0.1518259,-1.4798927,-2.2376294,0.5735905,0.8997347,-0.1143143,-0.9872394
124.6260757,-9.0593776,-1.4772229,-2.231399,-4.2741022,-1.524682,0.3762894,-0.7439518,-2.0622282,-0.9848195,1.4665229,-0.0326681,-1.4519145,-0.9863797
129.3202209,-9.2698011,-3.8537421,-4.0556025,-2.5048437,-0.1873035,-1.1004095,-2.0913238,-0.4140329,0.4975357,2.6618704,1.5175499,1.5677213,1.4144532
125.3489532,-8.8591871,-1.866477,-1.5044007,-2.4541683,-0.6275945,0.343926,-0.292129,-0.6504602,-1.9551558,2.011765,0.3853309,-1.5053966,-1.8354315
126.5133666,-6.6613163,-1.5497717,-2.1598417,-2.9769601,-1.6329309,-1.6094279,-2.3008048,-1.0262894,-0.5687771,1.9039165,1.3117089,0.359596,-0.073621
129.0835418,-8.1822681,-3.4268164,-3.0753512,-2.8362283,-1.5255539,-1.4264912,-2.1014652,-1.3760118,0.5321541,1.523225,0.6055865,-0.2940574,-1.3052556
124.118164,-9.3817405,-2.2898874,-3.5014333,-3.4637389,-0.6940377,0.3055425,0.1743417,-0.4834261,0.0078321,2.3237075,1.3607749,-1.0752031,-1.1738421
138.6221008,-10.2230138,-5.2582888,-6.2247095,-5.3310136,2.0066785,-0.2014871,-1.8915092,0.386353,-1.7017216,-1.0474357,-0.4226441,1.5845983,-0.2968807
186.1670532,7.4796833,5.2335944,2.5475482,2.287703,1.206304,1.6522793,0.8231574,0.8909531,0.8305169,0.7621202,0.6301594,0.1945848,-0.2226987
131.7234191,-9.0801944,-1.1317915,-0.3498521,-3.4540596,0.041492,-0.0579815,-1.6719172,-1.8150887,1.125216,3.0635323,3.0788345,1.9124706,-1.4156394
130.9912109,-11.6115961,-3.3894672,-1.1773915,-5.5245175,-1.5551102,-0.6102095,-0.6980705,-1.191905,0.8064661,1.9456233,0.1722789,0.0821719,-1.2629122
131.5733184,-9.4417114,-2.8601613,-3.3060336,-5.4320058,-0.552052,2.3939187,0.8570486,-0.6840014,1.3875951,1.8887414,1.1780781,1.0886557,-0.2453134
129.1175842,-10.2343282,-3.8471107,-3.1645827,-4.1661338,0.4120855,0.1960378,-0.8449304,-1.5597181,0.4358358,2.000668,0.7896769,-0.3232024,-1.5770485
128.5037384,-9.0407657,-3.5745539,-3.241271,-3.7430419,0.2422619,0.6853919,-1.2106804,-1.0154294,0.7904339,2.5181183,1.2269945,1.3709645,-1.1414196
129.5307006,-8.9851961,-1.0735502,-1.9223814,-4.1049695,0.5552092,0.6542647,-0.4504881,-1.4775028,-1.4199554,0.2569861,1.0778734,0.5901198,-0.5563953
124.2136306,-7.7500753,-1.9654045,-2.8049721,-4.2706961,-2.699109,-1.6878008,-1.4166874,-0.3004351,-0.4454753,1.253442,-0.0513141,-1.5722138,-3.8892965
128.0308227,-8.6334552,-1.6249575,-1.4221186,-1.3261284,-0.3688512,-1.8303422,-1.5411956,-1.327311,-0.1521564,0.9594572,0.7133961,1.0864105,-0.3032095
127.9794921,-6.5536723,-0.9789467,-1.3952281,-2.1625332,-0.8342166,0.0548172,-1.7859959,-3.0228519,-2.1745402,1.3478472,0.6471567,0.6081142,0.8535192
128.4912261,-6.411674,-1.1287355,-3.3208312,-3.9513955,-2.9419557,-1.7350215,-2.9757895,-2.9507751,-1.5511069,1.6846904,3.1605348,2.2499992,0.7697606
129.2951507,-6.7498431,-1.9604558,-3.4057154,-3.1789546,-0.1317148,-0.9849177,-4.0143976,-3.8174791,-2.8389112,2.5673336,0.8158188,0.2598848,0.9066374
131.4809875,-7.0903086,-1.2665605,-2.8064103,-2.2745752,-0.7742271,-1.2066588,-1.2020583,0.4013934,0.3410392,-1.8839864,-1.9249151,0.7348039,1.4633016
127.2320632,-6.8330426,-2.409254,-3.775053,-3.3459734,-0.6850114,-0.0966201,-1.8856973,-0.9488202,0.0938287,2.7399349,1.5688967,1.3927235,-0.3351433
129.8912353,-7.440309,-4.1470317,-3.6205673,-1.8682055,-0.1616778,0.0157628,-1.9158983,-1.7775893,-0.6050775,2.1587324,1.7388482,-0.1304357,-0.389766
131.8702545,-7.0012621,-3.0682387,-5.7305083,-4.4964594,-0.0017142,1.9323844,0.7637763,-1.812993,-2.0818302,1.590681,-0.0425415,0.8562041,0.6862767
126.7629089,-7.7665939,-3.4649538,-5.3115077,-3.2552909,-0.0535312,1.1519587,-1.5271615,-1.4328656,0.8565789,4.1198229,2.1421151,-0.2347231,-1.4477572
128.0869598,-7.1687078,-3.0164895,-4.7592878,-5.3357238,-4.4226446,-1.2598471,-0.8772026,-0.538415,0.1632552,2.0210483,1.6021366,2.5276284,1.2114887
134.8801116,-4.1699309,-1.0821094,-6.0370655,-5.1066002,-2.9441062,-1.0607142,-2.9760065,-1.5237355,-0.3450708,2.3228371,2.8642668,3.3589127,1.1340351
137.8766784,-7.6416902,-3.6225152,-4.1059565,-4.7257642,-2.0960934,0.7119541,-0.1090479,-0.1558542,1.5952348,0.0242529,-2.1766576,-1.7928051,-1.1837229
139.9340515,-6.9061155,-3.5467643,-4.5061569,-4.0188732,-2.716731,-1.3923835,-1.6502201,0.2829018,3.8544664,1.681534,-2.3397986,-1.2253241,-1.0422458
135.4075012,-4.7760553,-4.1764588,-8.4381732,-6.5753707,-4.8000049,-1.8120021,-1.9332861,-0.7979431,0.3305454,0.7989435,-0.7954445,-0.345284,-0.6610861
133.1277313,-4.5171632,-2.0786728,-5.8938355,-5.0390114,-1.3170349,0.0103798,-1.1741414,1.7511281,3.1891636,3.2504024,1.2715821,0.17465,1.8208708
127.1207733,-6.5314431,-1.6864857,-4.5511136,-5.635086,-3.2892577,-1.694427,-0.9896732,-0.381741,-0.3613493,0.4861441,-0.7505846,-0.4274962,-1.1471605
127.4640121,-7.6931424,-3.0456929,-4.267446,-4.074058,1.7035799,2.3272027,-0.5087662,-0.9762941,-1.4558234,2.2572178,0.5123105,-0.8470602,-1.8088218
129.4045562,-8.9553413,-3.0349264,-3.8587117,-3.9068908,0.1497688,1.5146777,-0.497551,-0.7370677,-0.3699379,0.0700917,-1.7674391,-1.11132,-2.0927939
129.7776794,-7.2284097,-2.6066641,-3.4726266,-3.1974296,-0.1947899,0.0862999,-2.867711,-1.9017591,0.7501516,3.6716873,0.4351125,-1.6727056,-1.2420969
129.5966796,-6.5396418,-2.5221147,-4.833949,-6.0727577,-2.3587014,-0.9244547,-0.0111337,1.6143317,0.2503252,0.8282812,1.2044584,0.0035729,0.6182737
134.3304748,-5.4854497,-3.4866929,-5.5877442,-3.9869961,-2.6054868,-0.4042606,-1.501142,-2.0310912,-0.7975273,0.2219367,-0.3129613,-0.3217494,0.0638273
135.9474792,-9.2865524,-2.3386158,-1.3582773,-5.0387821,-2.2099609,-0.2843137,-1.3150527,-3.9826078,-0.1101341,1.0478749,-1.1214697,1.2940528,1.4540612
138.22966,-11.5877542,-4.5308499,0.1296349,-1.8576478,0.3709455,1.1201338,-1.1371953,-1.9114894,2.5871033,1.0608012,-1.4467949,-1.3148431,0.3489821
131.8267059,-6.6821827,-3.227756,-4.261137,-4.7680649,-1.5199031,-0.8881541,-0.6916797,-0.929142,0.0441675,0.635391,0.6933646,0.377285,-2.5619554
131.9650726,-3.5789999,-1.4480834,-4.8592228,-3.6879463,-3.0027875,-2.088418,-1.6574342,0.1292481,0.1835318,1.8279798,-1.3564622,-0.8978169,0.1996932
127.0868759,-6.8147945,-0.914804,-4.5723404,-4.8300638,-1.7707934,-0.9300008,-3.4777166,-1.065392,1.6647439,3.303359,-0.07124,-1.7800955,-2.0635352
129.4778747,-9.2596263,-5.5025978,-5.2644534,-2.3116822,-0.2756495,1.3268301,-0.3734174,-1.3763413,2.9365739,1.7754855,-1.2844328,-0.3307731,0.3640132
127.1115036,-10.534523,-2.7498683,-1.8251102,-5.9171042,-2.3009657,-2.2252254,-1.0873541,-0.1744704,-0.663003,-0.1944594,-0.1357648,-0.0894642,-1.8117835
130.4137878,-6.124794,-2.7823309,-4.9647507,-2.7180781,-0.9334264,-0.5424457,-0.6612282,-0.9427329,0.4755917,1.3852138,1.8697557,3.303441,1.3547019
130.6750183,-8.065401,-6.0910587,-6.877798,-2.6875343,0.0379415,1.7061502,0.262063,0.4557104,0.0354943,1.0742595,-0.4182005,-0.2067418,-0.0198548
129.6134185,-5.7350368,-2.571156,-4.3985142,-3.6129713,-0.0426807,0.218358,-0.1379185,-1.5406794,-1.2759633,0.9239442,1.8928079,1.6275117,-0.6898832
130.7763214,-5.4613833,-2.5373487,-5.3690505,-4.6328573,-0.8055494,1.0083935,0.9925328,-0.0748906,-1.8629331,0.3529396,-0.5969291,-1.0345234,0.5375149
127.2721099,-10.0374469,-3.2537684,-2.8385281,-3.760303,-0.7612073,-0.0668898,-0.6674762,-0.4653268,-0.3092575,1.8605575,0.7595315,0.3434877,-0.4859359
134.8463439,-3.410964,-3.5165157,-6.2937312,-2.9154047,-1.2965679,-0.4698119,-3.3206086,-1.4751677,-0.7685697,1.1180808,-0.6849771,0.9883821,1.3181648
123.6084976,-9.85289,-2.424498,-1.7301821,-0.6983886,0.9106222,1.9397809,1.1235427,-1.6350374,-1.8417158,0.9356151,0.9313533,0.3906291,0.6997006
128.2423858,-10.4773435,-3.9812664,-1.7941222,0.0998812,0.6913862,0.6904271,-1.242877,-0.7024436,3.4068698,1.4617538,-1.6665382,-2.1621515,-1.168302
128.4585266,-8.2769355,-3.2362203,-3.5415825,-2.9266047,0.2603655,0.73364,0.0048041,-1.4417834,-1.3826444,1.4390206,2.0666174,1.6698215,0.7002306
131.0986938,-7.1830253,-3.6791744,-4.2553548,-3.7617454,-2.1484181,-0.9713936,-3.2468678,-1.5577187,2.0135507,1.5973606,2.7365324,1.7736024,1.4222648
127.6195755,-6.924323,-2.1377053,-2.7149696,-2.6391148,1.2030577,0.4348989,-0.9413648,-1.6095237,-1.5674855,0.6342719,0.4750907,0.0033572,0.7422168
133.668106,-6.7557835,-5.1714348,-5.5326175,-4.8485159,-1.0272588,0.0027213,-1.7741119,-1.9009866,-0.7097888,2.173834,0.0277596,1.7540555,1.9162672
129.8339691,-11.0911283,-2.1859645,0.5837121,-2.983447,-1.9991052,-1.8341183,-1.5407769,-2.0659909,3.2244777,2.9102215,0.8733659,1.337392,-1.0561206
133.1552429,-10.8022632,-1.7408299,0.4348345,-5.3874745,-0.2559853,0.5302846,-0.9535676,-2.7778148,1.9894676,0.8377729,0.7762289,0.6381841,-1.2761836
126.0464324,-8.1182975,-1.9774637,-3.3726136,-5.5799694,-1.4632112,-0.1652155,-0.8920122,-1.9903874,-2.1469335,0.9493535,-0.4061816,-0.9529438,-1.6648719
124.735054,-8.753931,-3.5285162,-3.4579658,-2.3121099,0.9545598,1.5730323,-0.7309706,-0.3939877,0.5227284,0.9973309,1.3389105,0.0941551,0.341186
123.6638946,-7.9350833,-1.3002386,-2.0332753,-3.0460686,-0.8060982,-1.7124791,-1.7374725,-1.0207347,-1.6413836,1.2637889,1.1336951,0.4033649,-1.1804635
127.4683456,-8.2116718,-3.641931,-3.7120423,-1.4787096,0.824657,1.345745,-1.5798356,-2.4025549,-1.1477782,-0.1713862,-1.8152904,-1.81538,0.4407046
123.5119476,-7.9081583,-0.6273355,-2.0275449,-3.0953497,-0.6602328,0.5354857,-0.5121508,-1.418106,-0.8396461,2.9518613,1.5347061,0.6232698,-0.747731
129.3000793,-7.2610859,-3.4337816,-5.1121225,-3.0379471,0.6980433,0.1726623,-2.2554397,-1.760251,0.5299444,2.9197173,-0.0111778,-0.5697947,-0.7692866
125.1298065,-7.3492498,-1.9048514,-2.0959463,-2.6743907,-0.4661908,-0.4033952,-0.7015433,0.0848298,-1.3942737,0.4217713,1.8074476,0.884342,-0.9323101
125.4992904,-7.2584896,-1.8352017,-3.9364132,-2.0962529,-0.2049847,0.812223,0.163331,0.018683,-0.3417594,1.7301034,-0.0929308,-0.7093096,-0.064919
127.9288253,-8.7126407,-2.6017632,-1.4777226,-3.0365347,-3.1826562,-1.1204109,-1.5123274,-3.4163551,0.0658593,1.7080109,0.4472799,0.4505851,0.5981665
126.5922241,-8.9623355,-2.97616,-2.9839229,-2.3610153,0.6579103,0.9318192,-0.0343142,-0.5688739,-0.7581463,0.4320641,0.6890008,0.464185,-0.5843346
128.70755,-6.5950632,-1.2967839,-2.6911692,-2.6775727,0.7640691,0.3847098,-1.2764301,-1.501018,0.4539742,2.6809296,0.935865,-0.0166485,-1.1020815
127.852539,-8.6953086,-2.7186851,-3.0812377,-2.5276365,0.0841227,2.5776822,1.1190061,-0.7943802,-0.324306,0.6131844,0.274035,0.3181074,-0.5287812
127.6147003,-8.2039527,-4.4056162,-4.1164364,-2.7378611,-1.8969877,-1.7309079,-2.2746636,-1.3310728,-0.0651631,0.5775175,-0.204881,-1.3276629,-0.4735444
127.1351318,-7.0535964,-2.4231276,-4.0683584,-4.6400408,-1.2939023,0.2870312,-2.044619,1.4891362,-0.1254683,1.8762602,0.6455736,-1.2350935,-1.2359361
131.9112854,-5.0045647,-0.6255121,-2.6606149,-4.3699383,-3.0741508,0.090683,-0.2296305,-0.4283566,-0.6407759,3.0785243,1.4870624,-1.7384531,-0.9538524
123.8749389,-7.9229426,-2.0616292,-2.9611473,-5.5567498,-2.3801803,-2.2100715,-2.1858038,-1.2733445,-0.492933,2.3362574,1.370073,-0.5614758,-1.9477306
129.8697052,-7.1948637,-4.2887811,-6.564855,-3.843441,-0.9139531,-0.3359022,-2.5338201,-1.2130875,-1.0861051,4.0065608,3.3504762,0.6506777,-1.4220569
127.9040603,-4.506196,-1.2421669,-4.3425049,-4.2039031,-1.3721802,0.72682,-0.1515303,-1.1839022,-0.6567087,3.2915825,1.630589,0.4687564,-1.5904428
129.5493621,-6.3523836,-1.6172432,-4.6401381,-5.0641107,-0.1023478,1.6622271,-0.317625,-0.835928,-2.2003617,1.647886,1.4798598,1.0735988,-0.7072906
130.5919647,-6.572967,-3.4717841,-4.5963935,-4.2476305,0.712748,2.5067019,-0.5856805,-1.1877098,-1.457215,0.7616224,0.7042146,-0.1493578,-0.3627093
137.1718902,-13.6297721,-4.4184465,-1.3726119,-5.2486658,-1.7129287,0.9665267,0.3264084,-2.6384134,3.6152663,2.1788394,-0.8839803,-0.3986754,0.1714513
128.4576873,-8.775774,-2.0306649,0.0391111,-1.9238557,-1.6017343,0.0114803,-0.5987473,-2.5855398,-1.1618266,1.590743,1.9696128,0.6746595,0.3761709
126.0731277,-7.7854523,-1.1220903,-2.5836853,-3.5388121,-0.0658741,-0.3618603,-2.2218797,-2.4642572,-2.1454651,-0.5195355,0.1559236,0.101985,0.5734804
133.743515,-10.327794,-3.8630008,-2.7515077,-6.0499792,-0.8771711,-1.2761769,-2.9831912,-2.7318387,1.1747364,2.285964,1.1834745,0.1074529,-1.0476803
125.9534988,-10.6768493,-5.7990827,-5.4004688,-4.5631675,-1.1438002,0.7343736,0.0320129,-1.1783509,-1.355652,0.688807,-0.3340456,-0.1170738,-0.7626016
133.8932952,-7.1713619,-1.752891,-4.1251001,-5.0379524,-0.2073755,-0.2900696,-2.2159318,-0.9763542,1.8163709,3.0905437,1.855153,0.8604708,-0.2984848
134.6669158,-5.3000793,-2.5521082,-5.1067638,-4.9298076,-1.7679934,-0.0031557,-2.1335582,-2.7790241,-0.3676639,1.1443548,-0.0679641,0.473752,0.8327799
135.1903991,-5.1971316,-2.3766908,-4.9236192,-2.2418465,-0.4989715,-1.9856352,-3.710545,-2.1265573,-0.0723681,1.1150314,0.1176372,1.0437107,1.2287147
133.8998565,-13.067933,-2.4957966,1.6689686,-5.9393701,-0.5383677,-0.0912757,-0.2574329,-2.6658945,1.4285564,0.4901183,0.001997,1.0104126,0.073204
132.0589141,-7.9178986,-3.935163,-5.1877279,-4.8370285,-1.5109703,-1.6341948,-1.6279811,-0.3065023,1.3308491,2.6029229,1.537187,-0.3575358,-0.5041647
130.7395782,-4.623434,-1.9581727,-4.7881793,-3.5718512,-1.1767115,-1.5626568,-1.7784454,-0.2458997,0.0242143,0.8723393,-0.5285544,1.3811159,2.0679178
128.1322479,-7.4190859,-2.6369547,-5.4360914,-4.8546009,0.6547732,-0.591568,-2.6978867,0.0729299,0.5567403,2.1933662,1.0557255,-0.2063315,-0.1300244
127.5192337,-6.9076895,-1.9783897,-2.2021217,-1.2772321,-0.6333795,0.434463,-0.3673415,-2.4425897,-1.8364192,2.1038458,1.4301404,0.0748971,-0.2075634
127.9761276,-6.8646302,-1.8345322,-2.01022,-2.483251,-0.3883815,-0.4004593,-2.0225472,-3.1760797,-0.3654525,2.1520056,1.3587887,0.1057913,-0.0658608
134.3745574,-7.3766374,-3.7851219,-4.4093399,-3.8423519,0.8353382,1.5258429,-0.7743604,-1.0369229,0.5363846,2.0858066,1.3435854,2.8301229,-0.1192732
132.1309967,-12.0963678,-6.2906293,-2.9436254,-4.3345851,0.8199645,1.3267118,-0.4073634,-2.026731,-0.1561666,0.9315505,0.7352881,1.3566408,0.3976393
124.6990356,-6.7913045,-1.7848095,-1.5801401,-1.9810929,-0.3156681,-1.128076,-1.8890051,0.1938887,-0.7209017,1.1763384,1.6302773,1.2384054,0.8814228
124.1526107,-8.2688417,-2.387526,-2.3588385,-2.5325632,-0.5135467,0.9265115,-1.083013,-1.8092727,0.4990587,2.477406,0.9381807,-0.7750552,-0.523375
131.076004,-8.0911264,-3.9019603,-5.1110506,-4.5964713,-0.0180545,-0.2127018,-1.622749,-1.3030586,0.168119,1.1814522,-1.7825121,-1.1429662,-0.415283
133.4979248,-3.7390198,-1.2421011,-6.6350417,-4.2687654,-1.8813462,-1.3012356,-1.8320705,-0.0635438,1.1532444,2.7170925,-0.0633497,1.0910379,-0.0200322
133.568283,-6.6961994,-2.8806991,-5.7354617,-5.5223903,-2.0079665,0.1787696,-1.250632,-0.844699,-1.350928,0.720932,0.9516635,-0.6379852,-1.5620331
131.1990509,-7.2775931,-3.8026671,-7.3546943,-3.813754,-0.5014291,-1.3873763,-1.7480211,0.5682652,1.3345293,4.2423739,2.300384,0.2122886,-0.1680746
125.8679656,-10.9087467,-4.2848134,-5.183434,-5.7703781,-1.3742589,0.1312089,-0.9818633,1.067049,3.4915518,3.3363847,1.2423362,-0.0898898,-1.3462381
128.1119079,-7.3125805,-0.7396908,-0.9650204,-3.0271368,-1.2501595,-0.7608528,-1.1624135,-1.5373735,-0.2610385,0.9589336,0.6310077,0.6629419,-0.4268579
141.7198638,-13.6561298,-2.8352875,-0.856421,-8.8034715,-0.6979275,1.0388076,-0.0926681,-2.1662058,0.7619967,0.0132756,-0.6421738,0.7441499,-0.2726974
136.5669403,-5.8863005,-3.771779,-4.9768586,-3.9948563,-2.5352833,-2.1391606,-5.4003319,-4.3450856,0.3709073,0.4744315,-1.6235845,-2.0853588,-0.7139451
130.1447906,-12.6292734,-4.0812888,-2.6568303,-6.9947085,-1.8843746,0.5215831,0.0319362,-4.1999902,-0.6272681,2.1486907,1.7506594,0.575367,-0.5118277
128.3020324,-10.1444263,-2.198121,-3.6978416,-4.0212464,1.4095864,1.4700005,0.8617783,-0.0043979,0.0461884,1.0292706,0.9117828,1.1352686,0.6156549
128.0688934,-7.9219365,-1.8323388,-2.9061775,-3.5628571,0.7108378,0.7514484,-0.2717557,-0.5525961,0.2942181,0.3304613,-0.5566447,0.3651021,0.0824792
126.2632446,-9.7291774,-2.6392364,-1.6689062,-3.7324194,-0.0668435,0.1444821,-1.7888131,-2.6602411,-1.750144,2.3506598,0.9679768,-0.2719634,-1.3245241
123.5285034,-9.5957603,-3.3330154,-3.2754545,-3.6969676,-0.4409993,-1.2172417,-1.6383626,-0.6870174,-0.9347651,-0.872586,-1.9378255,-3.4960916,-1.8036608
127.4950332,-6.2929577,0.6682172,-0.6419811,-3.2751154,-0.241631,0.0422721,-1.0484526,-1.018238,-0.0561237,1.321027,0.770236,-0.1699989,-1.1860516
126.0905303,-8.9258251,-1.9950127,-1.7276301,-2.4846601,-0.7225428,-2.3840394,-3.0433702,0.3645537,1.8347697,3.5898246,1.3270416,-0.8654376,-1.7087428
127.701065,-7.7351245,-1.8656849,-3.6955652,-5.2198209,0.1739249,1.328006,-0.3653722,-0.1037197,0.5185962,1.0945842,0.3531098,0.3790281,-0.8528888
126.1362838,-12.0410614,-3.03128,-1.727714,-4.8361234,-1.2402603,0.2294717,-0.3706717,-1.4417119,0.3020644,0.0045853,-1.0332403,0.070761,-1.3954615
126.2942047,-8.4864425,-3.6131262,-3.4523601,-2.4899053,0.0890126,1.183465,-1.1367383,-2.2010688,-1.8096883,0.5776052,0.5973783,0.428386,0.7828162
129.0836791,-7.4749193,-1.9351181,-3.9114046,-3.1964759,0.4884829,0.0544391,-0.1211019,0.2809696,-0.1296101,0.547771,-0.5070789,-0.0764146,-1.5714309
143.469223,-1.3381795,-3.2126512,-9.0865182,-8.4996204,-4.3889288,-1.3208823,-4.4613971,-0.4457293,0.3792834,2.2390301,-1.1614909,-1.0611681,-1.5047755
141.6194458,-2.6502442,-1.311069,-6.6988773,-6.0140085,-2.94737,-2.216238,-3.3865761,-0.7407742,-0.5391474,3.5049071,2.473164,2.4054288,0.0622215
