Frequency(Hz),REC1.wav,REC2.wav,REC3.wav,REC4.wav,REC5.wav,REC6.wav,REC7.wav,REC8.wav,REC9.wav,REC10.wav,REC11.wav,REC12.wav,REC13.wav,REC14.wav,REC15.wav,REC16.wav,REC17.wav,REC18.wav,REC19.wav,REC20.wav,REC21.wav,REC22.wav
0,0,0,0,0,0,0,0,0,0,0,0,0,0,0,0,0,0,0,0,0,0,0
15.625,0,0,0,0,0,0,0,0,0,0,0,0,0,0,0,0,0,0,0,0,0,0
31.25,62.6807,132.9126,111.4188,103.4699,52.0243,118.3943,189.4753,54.6333,74.3955,46.8444,69.7008,85.4894,75.728,28.1524,14.2483,48.2031,41.5338,75.3075,158.4694,626.2274,332.8354,275.2661
46.875,62.6503,178.9191,94.431,94.855,57.3448,194.7892,221.9728,49.2053,73.3757,25.909,122.647,76.4976,52.8951,132.3294,39.3885,47.156,40.3376,65.9495,83.1377,439.6491,355.093,321.5899
62.5,69.1342,48.8966,73.1603,44.0647,58.431,108.5728,374.21,80.5133,69.6411,44.5087,66.7535,7.9568,62.7267,23.4216,24.1867,48.085,50.0768,81.3058,51.062,557.4972,353.5217,299.4927
78.125,42.3176,29.4707,94.5405,86.6653,47.6724,52.3805,255.4579,34.579,57.5226,30.1844,94.5457,44.8197,67.6431,96.237,7.838,63.2405,22.6392,40.366,130.7451,707.393,338.9776,293.9007
93.75,60.7255,71.5315,77.0586,100.1257,63.1356,150.8743,355.0048,37.2392,62.9345,53.3103,47.3106,66.8622,45.8938,35.9126,35.6488,26.7883,48.6472,65.2239,89.1018,803.0705,334.5457,296.3177
109.375,54.5471,100.0018,45.0563,26.8465,30.1994,110.1223,265.7122,44.6001,61.1246,23.4753,48.0428,50.5672,27.4589,110.3223,14.4345,54.6161,40.5357,20.4406,59.0039,743.594,325.1996,277.3819
125,38.2288,54.431,90.8663,62.6277,50.1937,31.6653,194.9791,57.8008,44.8329,27.5037,93.9188,32.8507,27.6044,52.8653,22.7359,58.5441,35.7681,125.097,120.1949,596.1571,313.374,253.984
140.625,47.5998,71.7855,40.7909,28.4064,31.7141,61.1484,310.9227,27.302,62.3439,29.5645,89.0011,21.109,38.1397,106.336,35.1306,5.447,48.9669,78.3205,138.8701,430.5877,299.706,264.911
156.25,41.7059,52.7419,75.7135,70.5193,39.3317,39.5036,175.2875,42.8102,31.1147,25.21,22.86,47.0038,35.0381,42.6979,21.019,59.1532,23.839,70.1884,92.4874,424.4521,266.9933,229.3376
171.875,35.6504,24.1771,57.9008,50.3259,31.3835,103.2745,25.5626,39.1828,34.8089,30.5947,72.3937,59.1587,22.6324,61.0491,5.6504,44.3813,46.2642,117.3059,207.5835,532.8662,273.4934,231.8844
187.5,34.0853,28.4472,37.4203,46.8813,30.9813,72.9921,143.8912,15.1165,38.1788,20.2854,86.8409,10.2578,15.5027,54.805,41.7536,28.4333,26.5513,56.2034,168.7842,633.9426,253.188,205.8329
203.125,47.7921,51.42,106.6974,33.3605,17.678,51.8504,236.8634,21.148,7.336,12.836,89.5728,20.1559,24.7089,153.7039,25.0963,65.1606,35.3946,56.2221,82.0048,550.2753,217.7276,191.1158
218.75,19.5471,133.353,67.7322,30.9427,36.4485,47.1142,187.9924,44.3523,43.677,48.692,61.4338,73.2203,20.5048,144.8864,68.4541,71.9376,12.5419,41.4569,132.6631,405.8986,227.7749,187.3013
234.375,22.5851,81.515,53.429,51.1345,5.9011,79.1186,41.0365,6.7115,20.4096,10.3515,36.3054,55.1439,23.0913,103.3468,17.7506,43.5469,33.7966,82.3794,121.5774,214.2973,184.7469,148.252
250,42.6154,39.4453,25.8961,31.7046,15.5712,66.8621,27.8079,4.4149,42.1607,35.7699,52.9068,22.8302,24.1745,73.8832,50.3308,46.7037,66.8341,59.5511,162.5201,138.464,187.9637,142.175
265.625,14.7717,62.0304,39.9351,36.3548,19.16,69.9772,136.4497,29.0292,42.8502,28.7196,69.9605,39.0453,3.8974,68.5266,22.7013,53.3305,25.5827,129.4488,235.2411,226.8241,148.0528,125.2347
281.25,35.0812,49.5638,43.4389,32.2131,2.9568,62.406,245.1165,27.8965,32.7452,16.8648,80.8728,43.7308,37.9647,78.3775,20.2238,9.9957,57.0563,10.1154,132.6792,269.6665,131.5907,107.8909
296.875,2.992,60.9794,56.1058,13.0565,18.3979,86.4231,215.9435,42.09,31.2906,3.4265,117.0839,43.8118,42.3081,74.9422,40.2641,23.4326,25.7469,11.733,150.1091,261.8952,117.0111,95.7828
312.5,40.2675,99.8783,62.1729,34.9911,33.1586,30.0916,177.9357,73.7609,31.8834,38.4468,124.8892,19.7791,10.3838,116.1249,38.2803,71.3992,88.1722,77.4433,294.8922,232.0371,103.2324,78.9664
328.125,42.5271,63.7999,27.2431,27.4474,23.2221,134.0557,176.7497,60.9637,66.2753,19.0153,138.5063,44.8539,54.9752,6.7977,16.0665,32.8737,25.7154,52.2455,340.5668,128.2614,95.7161,57.4727
343.75,59.3763,107.7472,126.2812,166.561,105.4191,257.1832,47.9969,94.6763,98.7382,38.9634,230.0691,164.9644,42.6405,121.849,38.9849,53.4497,67.1402,134.0899,426.4953,19.7016,85.3943,92.5134
359.375,163.2223,613.4505,156.7966,161.2743,38.2205,700.8287,169.7165,172.0503,56.5202,43.7295,132.7962,142.3044,60.4726,128.29,137.421,73.5358,58.0522,321.2077,318.6147,98.7861,48.7351,39.1281
375,236.65,584.4397,137.6826,135.2214,78.1131,416.2884,179.186,206.2243,104.2716,59.7407,147.4384,122.35,59.5334,187.4769,180.3455,66.8558,150.2612,437.017,489.4886,59.6618,64.5648,68.1024
390.625,83.2596,254.2751,72.4096,225.1961,71.1892,300.852,247.4222,203.9869,181.0328,121.5072,329.4952,130.9977,204.9744,69.3065,270.7882,61.6216,224.7684,121.4923,419.8782,63.9839,32.7862,8.2585
406.25,303.9321,551.9747,47.6301,258.9773,44.1886,477.4152,108.8417,198.4687,25.667,190.7279,92.3707,115.5071,400.9648,232.7779,388.6698,32.9422,395.8922,379.2963,242.7867,45.6893,61.1583,16.1158
421.875,591.452,167.0337,229.2102,217.4255,150.6253,390.3195,330.576,124.0131,162.9755,229.7066,267.669,230.7693,349.7109,77.9813,478.0436,65.7519,305.7937,724.7308,309.7111,118.2454,56.0937,35.8572
437.5,246.9224,128.9292,30.9881,114.2806,41.3487,174.616,357.0437,185.418,189.5077,101.2957,206.302,164.7549,100.9227,85.8553,127.4903,117.5908,89.4051,326.5056,169.0245,109.436,36.0242,19.2854
453.125,55.3983,95.1199,113.5821,139.6999,56.5575,92.4036,394.3138,105.5881,42.4647,30.9025,199.3227,86.5226,44.0507,222.3362,26.5215,43.5384,70.8078,35.2678,14.7345,117.3905,35.1628,37.9469
468.75,61.4323,72.8911,153.9015,101.9763,47.8342,118.9669,248.7245,36.7044,33.279,91.166,102.4864,46.631,68.9129,124.5318,79.6377,82.0298,55.3439,96.4901,161.5413,142.6755,49.9721,37.8063
484.375,37.8783,143.4523,26.9199,76.5041,38.2775,192.0879,237.4459,125.3414,161.8103,61.1957,102.9228,105.0457,72.5507,240.9572,81.0777,51.9726,127.622,133.0812,33.7905,129.5185,16.2696,22.5983
500,91.2808,217.2441,86.2588,180.3266,35.2099,14.9796,38.2669,59.7214,11.1547,120.7161,162.2692,108.6859,101.7113,170.8341,23.3541,66.7086,65.4202,137.6095,59.3326,147.0677,45.8376,68.1068
515.625,49.3993,46.6905,110.6476,108.6443,34.8824,64.5683,382.0693,10.0069,50.502,62.5491,56.7287,8.8845,63.1227,243.4152,153.3266,28.9009,50.5552,119.6592,133.9862,119.2025,75.2611,38.6125
531.25,55.375,126.8646,39.9191,25.3718,68.1396,131.7011,182.2878,95.2287,91.13,66.473,186.0088,78.6714,116.401,220.9484,93.1031,96.7265,31.4831,74.5708,87.5981,95.2075,30.4191,54.4319
546.875,50.7042,84.7805,102.9727,100.0494,50.43,179.4738,69.6577,16.3805,37.6517,59.3184,251.2957,85.0824,43.3206,215.6123,27.7511,58.4853,80.3622,54.0952,151.8819,93.6254,47.5998,35.3166
562.5,54.342,125.7885,78.932,32.9048,50.0229,100.4965,106.0048,76.8936,38.8623,17.0362,148.561,85.9358,85.6052,118.6909,33.204,29.2303,56.3495,60.7973,91.0751,158.833,61.2895,44.0511
578.125,65.7145,115.8994,118.2332,176.9639,30.4733,96.7367,185.7962,23.749,103.6314,64.5693,46.7764,47.6391,96.3831,223.8598,81.2598,92.2203,148.3472,178.0914,121.4774,142.9627,25.6527,42.9173
593.75,65.9016,192.0324,153.0848,182.8816,38.7205,264.9415,245.7216,63.6196,49.9344,60.3206,145.401,90.199,80.2693,186.3791,140.3276,10.471,17.6955,120.4777,230.3141,145.9794,55.4336,31.6131
609.375,46.2268,176.0703,179.8501,138.2109,39.9078,80.5605,142.6829,25.1182,39.8616,67.1264,191.7681,71.2941,100.2921,269.9631,97.3601,56.0057,51.8684,377.6457,178.3964,112.6097,28.2942,35.6771
625,30.7099,59.133,109.6537,70.2211,27.8608,132.1289,67.6061,33.9703,80.2559,33.4389,85.7805,99.3864,27.2604,274.789,54.9256,99.5203,84.5724,162.8561,276.88,83.2057,43.0288,27.2578
640.625,22.1418,160.1118,162.3992,165.9082,21.2254,21.5698,176.7655,38.5652,29.1049,24.7671,74.0449,58.4194,27.0128,467.9939,19.4228,41.8747,65.3168,74.8931,247.4107,32.4914,28.1266,34.1654
656.25,125.9671,337.7335,197.8885,216.2183,43.4467,208.4653,158.7821,46.4351,197.4373,71.456,64.9182,191.4378,79.5367,617.8306,248.8827,85.4289,229.7065,333.8268,249.7314,89.7785,67.4095,5.2017
671.875,88.948,513.3237,101.9156,240.4827,50.9678,120.8771,44.6943,35.9001,176.9998,27.1056,241.2773,88.4745,27.6596,552.9421,254.3776,63.6846,172.4718,366.4641,597.7142,32.632,26.595,30.909
687.5,110.0214,758.8577,263.3406,427.3347,37.8501,402.9299,442.8789,119.2207,49.9787,92.7151,488.6515,220.4334,298.7069,673.9019,204.4288,29.0929,110.5222,56.3185,805.1441,67.8262,30.3435,25.9601
703.125,9.2387,675.5101,262.7766,345.9308,43.3217,406.7236,564.473,101.211,99.8451,86.4956,333.654,157.8828,245.7453,652.0718,84.7348,33.6181,259.278,65.5688,548.2704,96.7172,1.371,30.4454
718.75,49.95,233.9904,142.8627,179.6922,37.0283,16.0246,118.9108,41.1669,33.6647,44.6427,155.0531,82.3612,35.9544,203.1084,47.9528,32.1891,166.7865,191.7654,530.4843,76.0229,26.3782,47.5134
734.375,99.7313,400.8553,135.8618,182.5687,39.4641,65.2475,99.4406,15.7283,106.5729,67.3833,289.5092,174.3016,88.8523,307.2509,116.5505,18.837,251.9033,387.3943,447.3949,53.7997,73.5235,16.0371
750,55.6919,472.4885,114.4635,212.3725,23.4848,174.3382,139.6342,35.7124,122.4755,97.1453,179.5844,148.7522,65.1333,309.8381,103.9701,17.0931,232.3449,248.2967,421.6796,37.0275,75.8831,27.48
765.625,25.8197,133.2664,83.6833,228.3562,25.6422,100.4232,127.1138,58.6926,42.4628,35.7332,101.1026,8.5516,18.9027,118.7068,41.9745,61.3483,21.9795,154.4111,630.6663,33.0312,102.5196,39.8422
781.25,79.631,243.4017,38.0204,196.0765,42.0273,134.4384,217.33,71.0213,29.0147,34.7067,42.6837,47.3259,52.6975,109.9589,26.8748,91.2787,97.9552,304.967,598.8681,58.3406,100.6417,36.7284
796.875,21.5453,50.5223,89.6628,102.4985,44.9992,111.4461,235.819,10.399,26.8191,33.4336,86.7405,40.4605,37.3522,77.8281,61.6954,57.315,41.0539,252.9128,508.2318,47.5393,27.6485,30.7361
812.5,29.5023,271.833,141.2667,74.1211,43.1767,164.9493,117.7792,32.9958,28.3427,71.9289,283.4002,39.133,25.3473,82.0591,101.6841,120.674,134.4526,244.9839,516.2691,97.1502,59.9098,38.3562
828.125,38.9026,130.1493,46.4551,184.6741,44.8726,483.5561,130.5682,23.7289,211.8091,51.7473,437.6666,158.9251,193.1446,132.4635,448.5668,87.6993,310.6978,196.8351,238.6665,124.2555,138.9089,40.7982
843.75,104.0721,294.1863,47.9686,60.9877,4.1638,182.3731,263.1852,36.9416,100.7136,59.2547,239.9076,106.3577,87.4136,137.8824,342.226,110.191,123.2438,168.7762,234.9999,89.656,52.195,61.2343
859.375,15.0721,190.5924,152.7094,68.6298,39.8395,163.3109,57.0176,32.2757,24.7483,10.2495,181.7019,62.5006,21.3807,25.5292,57.9034,102.2208,95.3699,134.9445,432.7167,84.676,83.5411,46.6392
875,52.1019,55.4487,67.0235,68.3188,17.1863,79.4597,205.7691,77.6348,73.6253,54.7371,3.7438,63.8091,73.4311,133.7364,69.0504,71.7142,71.4263,73.9909,423.7657,102.8186,46.5335,49.1953
890.625,79.52,84.9488,56.4796,98.8943,21.6059,75.3512,255.637,51.3258,34.3766,42.0475,110.7822,38.3472,21.7123,103.8321,40.32,100.3999,93.1944,136.8977,380.3403,71.5569,76.3182,47.0697
906.25,52.9293,279.829,204.2554,134.6962,35.8706,186.2646,113.689,134.0145,118.3724,26.2495,129.63,51.8242,87.2282,148.5807,87.3151,5.8838,162.7254,230.3843,51.7461,98.2741,67.4133,53.6022
921.875,68.2173,162.024,112.0849,53.4195,46.6839,103.3664,222.362,67.9216,53.5053,94.9144,355.2784,56.3195,32.1397,50.2694,16.6491,59.5894,102.0835,94.2808,380.1344,105.1623,49.3089,52.941
937.5,86.7428,227.9014,202.1812,95.2805,26.1976,184.7933,155.4493,68.2735,91.3937,34.7783,334.3393,74.4301,59.0625,192.481,3.0288,59.8069,137.7614,51.5147,316.0656,89.6066,16.9156,49.7303
953.125,59.0007,264.7007,69.8058,80.5592,34.4298,531.7691,156.9979,117.0061,55.6669,61.7297,183.6178,73.5391,50.0852,326.513,178.7802,25.3064,163.7707,138.943,246.3117,95.1644,99.474,48.8045
968.75,45.7531,245.2712,177.1745,88.2683,53.2846,325.9944,130.1392,53.5378,127.8466,68.9125,160.6348,24.0447,84.3953,370.9192,105.0721,76.8207,135.3218,281.5992,144.4049,105.7204,64.9573,57.8524
984.375,169.1306,315.4811,180.0234,42.7853,43.4219,39.1685,153.3725,23.5617,80.1417,115.2582,264.742,48.0964,15.9015,104.0422,230.8323,114.2763,345.6443,170.6711,444.8666,93.8687,56.2972,48.5236
1000,136.1044,119.2671,174.0437,80.1768,43.4986,31.0183,288.3144,71.4023,70.1675,4.2229,172.7941,74.1225,49.2966,238.1384,119.5981,75.0902,187.5623,162.1619,274.6372,62.8567,67.4793,60.3259
1015.625,72.2851,399.6174,65.0596,110.5244,42.6246,133.1939,301.301,59.4759,59.9634,37.5444,136.3863,99.8842,54.3393,219.6033,128.4955,105.6288,89.8,142.332,232.3872,63.0095,65.0772,40.216
1031.25,64.0801,262.8867,67.567,49.8755,53.7425,254.265,63.0034,112.914,97.2627,50.3875,97.8243,47.0114,74.6839,336.664,96.0011,33.4717,122.7438,90.6405,397.337,80.9155,70.3647,54.643
1046.875,68.2701,116.2708,165.8384,121.0312,67.609,320.8511,118.7281,96.8524,62.7708,94.0515,67.1483,61.3634,27.2351,112.4582,105.4095,102.6261,75.1279,176.5326,210.1703,75.2569,79.5815,54.9178
1062.5,74.8327,353.0982,34.8103,45.939,45.0064,333.8398,398.3255,22.8963,41.7103,56.5815,98.2225,77.7423,35.1751,199.0423,56.9911,22.3572,129.7296,212.3369,395.9522,67.134,14.201,59.7135
1078.125,76.4966,357.4089,174.5689,177.5204,60.4229,214.4731,186.6012,51.8711,77.873,179.0686,248.5522,125.0229,40.0343,215.4024,105.3756,101.1318,67.7358,286.3147,338.3754,49.0065,123.3846,43.6946
1093.75,105.7105,268.7317,217.3488,119.5301,76.8755,577.1629,395.6359,121.4708,78.1288,129.2469,180.6719,34.8756,129.2886,303.9234,28.5293,45.4951,140.731,335.522,49.2903,13.1039,17.8444,60.2686
1109.375,175.5009,317.1248,121.3067,145.9716,51.9518,236.8757,238.0977,63.821,39.7877,86.5757,323.1286,21.3538,112.9746,123.7995,43.2258,76.2671,30.7379,149.5896,134.6048,44.8613,105.9421,65.4156
1125,301.7019,128.5112,191.6104,199.7411,76.2836,314.8146,309.7998,132.1076,108.3569,45.5825,228.106,88.8446,41.231,237.9465,190.6307,78.7237,170.0965,582.8765,165.3225,67.5657,50.7706,56.0656
1140.625,414.77,404.8164,94.7966,90.9,60.431,550.8057,214.1341,224.1213,86.001,140.5735,397.4303,114.6613,169.4141,201.5933,207.061,35.4949,162.303,318.5333,323.6291,68.036,99.4248,69.6553
1156.25,102.3286,592.371,64.6307,154.9551,71.4379,1141.0839,259.8306,96.2559,67.322,42.3432,568.1838,131.6183,100.0155,352.4272,445.4758,122.7049,276.4593,76.5289,107.1215,91.1357,32.0812,66.7544
1171.875,76.2002,263.7932,280.3701,108.1746,79.7366,156.0033,368.7365,115.5615,130.2862,66.1935,124.6917,57.7093,80.3744,483.3724,200.5598,65.1683,156.8121,598.4452,268.4081,53.2999,102.4466,60.3682
1187.5,169.5945,489.064,142.4794,308.6116,78.8459,416.9834,342.488,83.0694,90.8004,126.7207,47.735,50.5545,108.3132,332.6267,42.7668,83.6261,168.1729,672.0091,246.3596,66.1373,73.4936,74.9588
1203.125,131.5868,168.9571,174.4353,262.2941,66.4827,405.932,326.3664,61.9034,86.5318,42.505,301.2844,107.3046,124.3092,429.0714,138.5731,109.0088,95.9799,155.9539,171.0294,74.6013,73.0027,61.1509
1218.75,91.6653,72.4796,118.5266,243.3489,85.9228,382.842,219.2265,80.155,66.9406,88.2908,89.2911,111.3998,132.8048,144.734,67.6476,83.6543,62.3188,90.6102,241.8095,101.3879,56.6886,76.4287
1234.375,68.4955,278.1695,91.6442,305.6382,94.0989,426.7305,127.4803,147.5253,144.3179,113.6334,173.1859,101.251,75.5147,232.2198,183.1129,129.3249,58.8686,168.8224,191.0609,110.9861,93.4716,67.9776
1250,94.3482,419.5378,272.053,11.566,63.6239,233.7666,302.4926,23.9541,56.0998,72.5942,270.1037,57.1921,110.8242,50.964,66.8311,73.5891,133.6248,126.8126,227.8244,79.7272,38.0933,66.7573
1265.625,35.524,352.7793,291.39,98.8188,95.251,238.1426,252.1485,133.1723,90.809,93.0968,394.121,58.0331,53.4897,211.7232,52.9806,65.8353,105.3402,263.1365,256.5677,64.5139,93.5503,73.7045
1281.25,219.5979,556.7402,334.7149,226.9671,101.5738,151.2165,511.7439,59.202,161.0224,111.4069,225.5355,150.3395,158.4424,360.7726,150.0654,124.9197,91.7692,183.9412,413.5303,65.0062,78.3677,71.3694
1296.875,19.1471,507.5596,404.687,149.7101,65.8346,672.0888,237.1167,211.1513,165.4293,112.3471,237.8851,113.5018,151.3505,303.9779,213.6418,160.7902,217.0958,266.5806,499.49,43.9867,63.2139,65.2122
1312.5,154.7021,579.6286,258.3332,383.5286,75.2891,1014.4766,158.57,181.2568,66.5877,32.7042,542.235,75.6591,156.8699,239.9489,245.0464,38.0988,123.8764,138.3101,435.9517,66.6796,82.0032,59.8601
1328.125,29.6698,227.8896,389.7161,218.3388,98.3585,123.3601,74.6426,188.1714,90.8337,72.7448,511.9759,84.5276,139.8452,204.8653,288.8303,134.425,214.0025,374.1025,257.2709,73.9917,52.1312,67.0663
1343.75,131.0047,216.7351,223.8715,340.1106,54.2268,521.492,116.2445,142.5496,135.2765,145.1717,607.0706,185.7515,151.0751,186.6006,281.7825,48.6227,58.1252,628.0871,432.3083,72.1214,75.4855,68.7659
1359.375,105.9124,318.009,336.8394,308.98,73.8772,433.6624,234.304,50.3086,88.0267,13.7953,242.8637,37.5977,84.2278,114.3757,231.9946,116.1549,217.3963,315.4675,158.8429,73.4049,71.9082,61.2612
1375,32.7668,317.692,417.9776,131.7747,72.9249,531.772,212.5218,132.9348,105.7537,134.2672,322.4915,110.2935,163.2431,297.874,63.0409,40.5409,167.432,80.4332,41.9526,64.7297,60.6593,64.1047
1390.625,65.4958,555.0083,190.0878,151.5166,78.9454,191.3865,489.2738,150.6302,28.5355,212.1513,1014.8015,39.0595,303.6056,273.0272,165.4079,157.0102,277.6552,481.4921,438.1758,60.5594,73.2296,55.6642
1406.25,12.4888,852.7713,314.8298,57.4406,41.0534,351.2033,205.9035,134.9322,104.7195,114.444,960.1985,67.2689,160.7904,562.9921,176.656,131.938,123.5734,306.1365,438.8286,61.5083,112.9123,59.9424
1421.875,170.7574,337.0369,256.5975,136.1386,77.8816,224.0138,257.06,56.5614,80.979,72.584,410.9841,156.0177,114.2182,482.5937,194.9594,32.27,171.5572,169.4075,401.4509,42.2966,35.8863,57.1138
1437.5,74.9902,712.8696,120.4298,268.4276,45.9511,322.9532,120.3919,119.1754,89.7651,207.0486,207.0062,120.4181,322.4131,159.0645,254.2798,90.271,32.3883,217.2077,163.134,41.425,49.3187,49.7551
1453.125,143.6493,683.1126,242.9122,178.9205,62.0642,354.2555,568.0178,264.8854,17.4492,42.8777,432.3117,95.2194,195.0178,62.6704,18.8577,98.0121,129.2846,505.3359,427.4344,43.0559,81.2177,51.1991
1468.75,89.8917,222.6995,130.2337,214.1823,59.1704,145.4788,219.3441,131.5928,57.7201,71.1206,644.1943,81.7857,124.0931,143.7192,199.1803,63.853,62.7601,327.2305,260.9059,51.0455,103.3334,55.1677
1484.375,60.393,592.9963,61.9847,132.1205,35.9851,203.8037,158.6195,151.7065,99.3169,124.9955,628.3406,92.3291,267.1082,331.9683,406.8606,184.3696,17.4643,193.2116,171.3938,71.4268,20.633,43.3333
1500,60.5301,593.7692,229.8781,73.322,25.7586,186.3271,390.2661,38.2129,29.029,50.8683,500.5589,91.6127,123.6349,283.0226,166.8888,100.3983,70.9095,154.1117,288.4272,69.552,67.013,43.4294
1515.625,106.6438,523.0939,225.0092,111.9804,41.667,156.5912,427.5507,20.694,21.8127,73.5108,477.233,49.1732,155.4168,152.0979,79.5794,49.7949,54.9792,85.0866,303.6228,73.7185,52.7789,47.8021
1531.25,49.5288,788.8939,184.9173,109.8382,34.1845,256.628,185.1112,42.2718,17.691,46.4819,467.2944,84.079,217.1609,132.2446,62.6446,62.9494,127.9466,99.7642,136.7477,65.8991,73.0358,43.3614
1546.875,89.7143,1218.9293,150.2545,163.1757,9.35,347.1932,33.7269,13.6631,85.9609,55.2594,465.2685,170.5753,282.6438,215.5502,58.0126,28.8464,88.9001,259.5257,580.5418,56.2809,16.4882,37.4913
1562.5,32.3177,494.2532,106.3014,84.0157,25.0696,241.714,153.4445,33.0671,34.0698,61.4114,223.4851,115.4694,119.6688,52.0443,131.2171,22.8538,108.9592,180.0782,502.1176,45.753,53.7527,43.2141
1578.125,15.6052,491.5719,161.3724,56.8152,29.6529,83.4359,353.0076,68.1954,17.2447,79.7635,237.7624,58.8615,16.2337,237.3109,157.9157,22.4076,46.917,173.324,262.6423,67.4593,50.8578,34.7247
1593.75,39.148,309.9808,152.1898,41.7404,9.4487,179.0878,110.8979,63.3718,17.6093,89.2737,354.0033,35.9487,31.4755,241.9146,127.7641,56.8681,60.9403,64.268,173.86,64.2555,60.3391,45.7778
1609.375,49.6831,197.8596,167.7413,33.0355,13.3847,203.6971,159.8756,33.144,38.6646,25.7541,286.3592,65.2181,29.0278,195.3397,135.0249,69.2745,81.8904,177.4369,193.3208,79.5454,16.945,25.4862
1625,13.933,326.6225,116.1725,23.0346,17.131,314.9745,208.1424,22.9819,53.6564,41.0106,173.5402,107.4388,58.5906,298.8661,131.3445,101.8787,119.4045,111.2298,16.514,75.1846,34.93,33.7394
1640.625,22.3906,198.3394,91.8561,43.9534,5.139,149.301,145.4325,6.6766,20.6127,55.3351,261.5123,109.5899,65.1826,226.5501,61.4241,108.7532,106.7511,37.7635,9.7674,58.7074,52.9783,30.8109
1656.25,37.5295,246.9238,31.9382,9.1444,14.8367,122.6043,277.4223,21.2171,18.7811,50.0101,239.732,48.9362,32.9801,78.6727,30.2988,69.0695,8.6018,74.6192,108.9633,35.2754,37.2233,25.9947
1671.875,20.857,341.0896,25.0482,33.2738,14.1038,39.8614,420.3799,70.3509,37.6115,56.7105,203.9706,49.1257,77.2082,188.956,47.3905,81.4381,53.9348,122.7312,95.8619,44.3918,23.0532,31.2922
1687.5,54.4397,124.4731,192.9881,52.6036,30.0341,191.1832,224.7933,34.1696,26.0163,24.6681,149.1579,64.8522,39.8706,227.8645,47.1705,74.5623,28.2485,101.1685,217.3923,43.8799,38.0152,25.2013
1703.125,31.5483,16.8367,204.9723,90.1521,20.8677,75.7564,241.9384,91.7371,27.6221,62.3221,285.6143,36.1862,70.5237,162.1929,102.331,21.7613,24.2432,98.4169,288.1231,52.6727,32.3876,22.0001
1718.75,12.0305,347.168,281.4734,80.9765,27.636,169.2544,150.7733,58.2649,45.3015,91.1205,292.0261,57.9309,67.0456,164.2057,34.033,79.3621,53.3267,136.0725,433.9885,45.3253,11.6125,27.0534
1734.375,62.1261,321.6113,203.8912,109.3383,27.2072,199.1313,304.8345,119.7049,45.3468,15.0571,462.6162,62.5478,158.2859,147.2837,41.7747,52.9287,73.1083,98.1897,500.4674,53.17,30.1143,28.3682
1750,48.0418,80.3199,213.5896,63.474,31.9704,118.7514,234.3159,87.0957,37.0692,118.4262,368.2098,28.0431,147.8961,82.2489,71.2435,9.6405,82.3553,129.9564,366.6758,27.1012,27.2594,19.8996
1765.625,26.9508,221.4496,241.0284,133.8718,52.0417,94.087,196.605,52.3107,54.1752,58.0232,505.294,69.6075,114.0057,26.1947,78.222,54.1311,37.9451,61.947,55.5368,22.2407,32.3518,38.5978
1781.25,52.9095,388.7167,131.0111,68.971,33.7421,162.851,327.2498,102.571,50.2836,61.418,337.2217,101.3487,204.8616,103.1007,109.3093,107.2392,73.1539,359.1428,19.0666,16.7751,43.1124,22.697
1796.875,20.0858,219.5797,167.2025,105.8193,28.0519,245.9397,514.3511,43.1271,41.24,57.444,229.328,49.7996,210.9473,127.265,187.7928,17.5808,21.0981,111.6372,279.9269,29.9597,56.5072,30.6249
1812.5,9.1613,260.5632,51.4024,183.8057,43.6964,314.8597,651.5084,83.8131,49.915,71.0861,206.5617,48.7568,57.5446,181.8897,129.2107,86.4066,114.3164,197.6922,120.5027,36.9553,21.8555,35.3699
1828.125,92.4057,509.4203,90.7458,279.1092,47.6345,430.4885,689.5311,44.724,61.0135,6.1252,322.8431,10.4267,257.5307,36.3831,102.2826,30.5145,82.4435,238.1625,424.3372,39.5353,77.6216,37.7892
1843.75,57.5789,706.8255,57.7513,128.7286,24.4581,446.1004,212.7954,35.3206,79.0929,66.7099,256.2208,63.8356,400.4636,67.9316,60.1836,74.0604,20.374,178.7359,328.5964,55.7297,60.6793,41.8402
1859.375,47.6885,263.8244,103.4999,114.5408,38.007,390.4671,120.6108,101.2015,26.9935,4.55,127.4912,90.1558,148.461,10.1133,89.1475,39.8901,12.039,160.5183,140.4255,58.6632,40.8215,41.6111
1875,58.1568,100.0037,95.3831,33.8871,33.7957,231.2516,116.8599,54.8606,70.3462,107.0298,108.6566,100.8918,106.717,32.041,60.8985,72.1535,87.3114,192.9345,492.4064,59.0727,78.0053,41.9385
1890.625,129.8512,668.6652,126.1316,126.3795,34.6487,437.1601,308.7347,179.7905,25.0027,75.9249,133.5444,54.2263,120.1548,107.4222,75.6036,47.2178,103.8341,230.5547,625.3937,63.9172,90.5634,46.2599
1906.25,128.4607,270.3314,124.9609,55.1659,35.3974,239.3794,452.8114,74.7555,41.3356,104.4163,287.1441,97.9063,24.0951,195.8003,31.1458,53.3154,12.6247,146.1406,373.8974,73.6478,14.4074,43.8589
1921.875,71.3084,122.2652,77.0872,15.9272,26.2784,360.9441,273.7724,43.985,45.8803,67.2303,309.9254,120.0625,63.4262,220.1074,72.5727,15.8927,31.7232,90.3932,283.0451,45.723,104.1924,55.4921
1937.5,53.4024,215.5632,123.4526,94.6043,24.0297,173.504,329.4403,77.5521,29.7002,38.4567,243.5008,58.1665,55.8874,243.9454,28.7152,95.8854,41.2543,76.2447,296.112,66.5027,61.3096,44.5756
1953.125,33.5114,211.4272,35.4752,117.0108,34.7204,152.0426,387.5797,18.3958,49.6945,45.6739,169.0312,6.0331,25.0177,178.0073,43.7841,78.4829,43.0748,100.6513,132.8337,51.8632,42.1034,51.9609
1968.75,9.2225,117.1222,98.6671,99.4038,31.3523,169.2586,357.3246,39.9045,25.4287,38.3076,120.1625,56.823,50.7451,252.5832,59.18,88.6357,18.6179,103.5791,350.0069,81.8539,79.3048,47.1735
1984.375,34.6236,263.0433,25.1538,146.6939,19.0176,158.3842,598.8956,8.9313,31.3784,47.7307,118.4946,84.3985,47.4673,125.3332,99.8232,104.0149,46.7094,204.4807,430.9441,73.0252,65.594,43.9919
2000,58.2476,145.7907,56.9931,92.1048,19.676,150.177,620.509,70.1032,30.3181,48.9312,143.7696,60.2774,67.7658,40.6497,64.0227,52.8259,23.5694,37.0788,328.3429,81.0653,12.6715,47.0145
2015.625,44.3919,375.2198,114.4661,96.1868,27.6475,125.5406,265.7367,95.6579,15.7547,24.9924,211.7082,37.9548,115.0635,70.8069,56.2308,44.5767,20.3294,55.1909,118.6238,72.9619,73.1461,44.1653
2031.25,83.2245,338.0205,122.9001,68.222,14.5704,215.585,221.6713,50.0423,20.7063,34.1863,103.6929,45.6275,85.6426,78.3514,82.3662,16.1427,41.3551,70.2934,192.495,59.9273,39.4886,45.3234
2046.875,30.1836,222.678,181.1923,28.8477,18.991,211.9519,156.9279,15.0971,3.0019,50.5812,36.6741,53.0934,59.4786,50.0999,45.8708,30.8055,61.069,89.3472,152.4371,54.9055,36.1159,35.3609
2062.5,46.5936,201.2383,196.0618,110.7691,21.8751,114.0164,91.1569,42.2215,19.2998,43.8702,209.7432,55.1995,10.7478,90.3188,77.8061,29.9958,53.8194,109.9311,54.4075,59.1754,46.0123,35.4946
2078.125,48.6669,34.8892,221.9424,99.0038,21.0821,140.7175,112.7198,39.0571,3.6434,0.5083,317.2621,32.729,48.1002,135.1574,21.0542,38.2181,41.8197,67.764,383.901,62.1606,49.2925,39.2602
2093.75,39.4248,186.3611,180.3338,79.1265,29.7613,103.2677,302.8689,69.0112,8.5511,42.8345,320.7643,31.7668,114.8246,114.6725,35.7008,53.7939,71.862,46.0397,313.1245,36.7935,11.137,24.2327
2109.375,12.1295,264.4769,64.8066,55.7566,12.6206,147.4584,60.2729,130.1776,6.0843,11.5571,397.6986,22.7071,130.4095,115.4777,104.0827,64.9666,5.9143,74.7009,315.3701,50.0341,14.6129,22.6042
2125,38.7735,310.9306,45.3988,26.3467,25.6728,184.38,181.4695,66.7449,9.8998,56.3609,413.9722,23.0352,59.2767,180.24,13.6659,64.7891,52.7204,34.8331,109.7303,31.3416,22.8411,31.8104
2140.625,27.8527,308.6187,68.786,42.0264,7.6392,218.6977,103.9331,35.709,1.9742,62.7385,277.6156,52.6219,28.6595,265.2728,26.2679,38.1693,32.3168,101.2353,344.4265,27.1484,15.8601,19.3981
2156.25,28.3393,358.2213,48.2149,29.4191,14.8588,251.4147,72.1933,10.1692,18.7239,55.7051,292.8526,74.258,89.6077,243.3758,73.0647,23.4084,19.8126,59.9922,413.7489,17.451,11.4625,17.7669
2171.875,16.109,357.052,103.2643,18.5701,17.1393,252.2639,118.6193,37.9296,15.6838,46.0163,330.2515,56.3346,35.202,209.4069,61.5345,58.0605,8.7698,61.4996,162.2052,20.6793,5.1967,14.7436
2187.5,45.9348,166.2892,152.9713,53.36,15.2215,154.0814,232.1066,84.5901,27.6721,18.3499,385.4322,54.3135,50.2078,144.8382,28.4398,100.1726,18.6697,165.2112,407.2796,29.6403,40.2304,11.6468
2203.125,30.5147,342.6581,176.9688,58.8402,12.4034,111.2001,240.6607,63.1689,17.6388,6.2144,353.2411,58.587,19.8375,161.3412,37.5075,129.205,19.5551,22.8511,359.2929,19.0653,26.2869,14.0337
2218.75,36.5603,213.9134,160.1488,45.9508,5.7012,62.6189,451.7747,68.6178,14.9356,24.9129,209.4568,21.8385,17.5,157.363,11.0296,184.8815,33.2132,79.3275,500.4543,21.3475,14.8866,13.1538
2234.375,39.9189,290.9093,66.9803,85.3031,18.2811,107.6629,598.8872,31.644,21.1418,23.8365,202.7109,0.7779,38.7794,202.6733,97.0284,152.6568,16.6171,94.6895,415.2253,12.3238,51.2052,13.5531
2250,24.4311,162.0971,64.5711,101.9058,14.0707,78.7158,612.4772,23.3174,14.139,8.2222,249.4888,21.9269,24.6423,151.7844,73.4295,156.3549,24.7979,40.2301,64.5755,38.4114,26.5897,14.5234
2265.625,24.8674,103.5518,46.5805,79.9782,14.8546,110.8758,287.3728,23.2878,24.7744,46.5781,258.7322,12.6152,12.1859,141.3674,90.3408,113.3004,9.5014,139.5,574.5181,40.2115,31.6474,29.7692
2281.25,9.8809,93.2261,40.0519,63.6012,3.0241,32.3999,61.7152,20.5102,19.2576,6.1729,226.2625,42.413,64.8935,149.4971,53.9306,63.2351,23.172,36.506,559.0526,30.8446,73.0316,14.1887
2296.875,16.4798,70.5588,115.2977,72.4043,19.7919,57.266,187.496,57.852,19.2877,30.4128,289.7709,46.1421,28.3752,222.1567,81.3334,51.9034,37.0947,51.6096,384.5823,41.828,66.2572,25.1145
2312.5,11.3519,63.0848,96.3265,72.1756,21.8339,93.3746,229.6744,25.5149,25.6827,23.5773,312.9828,28.4455,20.2107,169.5426,54.4998,25.7087,6.8154,53.4327,117.5342,49.8611,52.6855,21.2975
2328.125,34.5076,93.4275,91.1546,26.1343,9.9777,45.3121,207.5212,13.6945,6.5822,21.3993,188.1756,39.209,42.9042,172.6189,58.9182,51.8377,26.4699,65.5943,247.8636,34.946,95.702,27.1254
2343.75,36.8174,43.3258,151.8062,19.1218,2.6208,105.7592,212.5987,37.6149,24.7806,30.8652,132.6896,17.8824,11.2277,150.2415,61.8831,18.4258,17.9725,58.5926,280.8952,43.9047,58.0225,21.4626
2359.375,28.6456,34.1462,121.3941,36.9715,14.4664,117.3251,171.8175,24.7366,13.928,2.9474,160.036,16.5656,11.1135,135.1723,69.1679,33.1973,27.5329,53.7969,96.1379,52.3937,18.7252,22.3989
2375,11.3338,40.8831,123.7189,17.9951,13.4064,149.7856,62.0097,25.5821,18.8619,32.7188,159.5076,8.1172,45.649,67.2047,64.9603,20.8163,10.8867,83.0648,177.3059,41.4793,84.4986,28.5779
2390.625,46.5761,91.9064,69.632,32.0346,10.4771,99.1762,138.4007,4.4817,15.791,13.1548,80.1245,11.6914,19.5485,55.8663,27.2292,19.9492,14.4636,72.7456,104.1971,41.6806,64.628,23.2074
2406.25,29.1192,103.2914,74.6464,20.0195,12.2226,78.6035,409.0413,61.8835,7.4776,2.7053,82.9364,23.5968,8.9648,71.0823,61.4549,17.1187,20.397,70.4121,167.9598,47.8592,48.9587,23.4854
2421.875,23.747,56.3526,74.2562,48.1054,7.9142,142.9532,536.8195,88.7541,19.4696,30.0121,158.1824,17.7116,36.3678,89.147,64.4086,8.2586,32.4442,36.6825,193.4994,29.559,43.363,25.6163
2437.5,8.5103,151.541,109.6524,71.6237,12.9274,204.0895,307.1849,66.6151,16.7002,27.4231,159.0131,5.4939,23.6591,54.6904,66.0878,50.64,36.0621,33.01,364.0779,31.9935,5.3557,25.7316
2453.125,18.2861,125.9863,103.0205,55.2706,17.1465,188.2542,133.3146,56.4093,10.325,36.5967,49.9336,23.8182,42.6293,108.4222,31.3462,68.0687,28.7459,40.2479,137.1539,39.9202,40.1863,16.3934
2468.75,9.678,82.2552,92.9022,7.4043,10.0131,256.2526,21.6779,33.1456,25.4682,22.3423,54.8495,18.0018,11.3627,112.6551,22.3036,70.2422,15.0298,31.8309,68.77,38.6543,48.0314,21.3177
2484.375,24.7222,59.3743,34.3075,26.4285,19.0658,213.1529,84.0934,50.3327,3.0638,21.2288,77.4437,17.2239,35.2117,97.2625,12.1515,92.9897,9.3673,52.1077,163.6033,44.4268,22.6933,19.2258
2500,12.8501,53.5038,23.4177,64.9599,9.9975,202.8477,80.7702,21.8649,29.1592,17.619,19.1127,4.4007,5.5191,29.9428,26.6269,81.0146,25.5726,45.4103,115.606,13.589,33.1117,15.4406
2515.625,50.3482,60.6708,45.9713,59.69,15.9625,116.3597,90.7316,15.2353,0.601,22.5554,42.8394,29.517,22.3449,31.8829,35.4641,63.3907,15.0731,36.0594,97.1594,14.2999,27.8654,19.14
2531.25,30.8395,36.7631,40.4881,58.9515,18.7318,201.2209,226.5092,23.0138,35.3612,24.393,103.7748,29.5828,88.7185,31.9706,50.3579,67.7967,13.4181,78.2827,153.7952,13.2301,29.9147,15.651
2546.875,56.9773,24.4835,54.5013,101.4501,6.7309,201.549,114.1151,9.5127,19.5129,9.7456,89.3837,23.8468,46.1424,22.3785,14.8947,24.7997,27.3138,85.5999,202.1197,13.8489,49.767,13.5264
2562.5,27.952,156.7513,73.8603,58.5238,22.3134,130.913,123.1341,40.9782,16.0617,53.7387,177.1961,5.9305,93.9805,79.2013,55.9814,69.51,7.1669,31.1745,180.854,18.5077,48.8305,7.4861
2578.125,57.0881,47.6573,93.6428,56.2583,12.6233,89.2497,134.0565,25.6706,35.6957,5.476,346.4335,34.2271,99.7008,103.2143,40.4648,75.4144,44.6159,38.8874,238.104,14.9991,14.5816,13.5608
2593.75,26.7572,173.8107,115.4073,58.6882,20.2503,84.8477,177.9301,6.8663,12.3501,43.4061,314.6829,45.4481,46.3647,110.776,55.3874,67.6729,21.0146,52.3929,123.2139,10.9632,65.8182,14.0527
2609.375,24.2718,175.5752,76.3871,79.1864,27.5356,34.7997,269.1963,38.4284,40.6016,16.3061,181.1275,25.7133,79.288,101.5809,23.6335,123.8375,41.174,38.7193,164.4304,11.0763,73.6041,13.9273
2625,37.0878,103.9731,128.4801,68.476,11.6547,116.4741,163.4163,10.7701,12.3489,29.4073,135.9206,16.5379,48.2811,150.2845,72.3513,99.8954,5.572,52.654,180.645,23.131,70.0511,8.5724
2640.625,16.4122,122.0813,70.0787,14.5499,23.923,162.5386,184.7538,47.2259,31.96,51.948,38.6147,38.6396,29.1017,144.1018,26.597,79.0319,37.9275,117.169,162.6064,33.4182,110.3943,21.6217
2656.25,24.5614,58.7367,59.6106,25.8566,15.1531,131.8119,125.6239,71.6977,32.8441,26.875,72.1252,41.3835,42.3976,147.965,25.3306,98.3517,18.8984,59.835,247.2947,16.1082,14.4326,17.4625
2671.875,37.0757,179.584,95.3058,65.0494,17.6079,106.9605,131.1271,34.8736,20.0666,40.7252,48.56,24.3319,39.0412,58.9551,13.1315,40.7929,18.9212,63.2869,231.5221,40.2607,43.296,13.5323
2687.5,31.451,156.4871,38.145,90.4577,22.5122,111.1074,108.642,44.8527,25.4163,9.245,16.2973,22.2633,27.8136,94.1121,10.1132,91.5183,30.78,19.7669,198.3315,16.7398,52.4215,18.0253
2703.125,27.1981,207.4304,46.472,44.8544,30.4668,137.0041,154.5778,11.3566,39.3474,28.8021,50.7168,36.4119,65.4092,5.0886,41.3571,68.6494,73.4448,91.4693,109.2876,27.3652,41.066,16.4399
2718.75,32.4877,164.0546,43.0284,59.3598,13.6584,41.1377,169.0627,27.026,20.4252,8.6674,208.4778,44.1788,7.3404,18.3446,40.5982,43.0022,39.637,27.4772,199.6373,20.4817,31.0312,16.8965
2734.375,16.0271,41.1601,53.6978,40.1624,31.7587,66.2965,133.2448,33.1474,31.3171,38.632,270.0408,13.1272,25.0355,121.5289,19.55,52.5649,32.641,19.1422,239.3847,17.8566,67.1404,11.9115
2750,43.0781,143.0036,78.2986,26.1201,15.2649,74.1121,76.8429,3.0568,25.2501,9.8147,156.7687,29.5863,56.4309,134.2417,66.1363,12.7473,29.5484,38.0528,249.3262,24.1292,4.7493,16.2603
2765.625,20.9402,181.0331,162.3413,14.0426,19.6888,113.4159,207.5431,58.5827,17.1066,24.645,99.9825,24.1442,30.2417,84.9944,38.1686,32.1282,21.0895,119.2262,227.0108,28.301,39.8055,17.5914
2781.25,56.1728,103.0166,138.1708,30.0374,42.1938,129.4496,167.9405,45.182,31.0641,37.5622,251.2268,17.045,50.6822,24.844,47.0068,42.1852,56.6911,52.1923,260.3153,23.8918,53.241,18.9738
2796.875,16.8418,182.0571,148.166,49.7183,4.3592,192.8906,202.0183,16.3699,31.1198,34.7802,203.2651,28.0346,26.867,134.9706,18.4707,45.6276,52.294,72.5422,236.3198,26.2969,18.6853,17.4544
2812.5,34.9994,98.3339,135.1791,26.382,27.4327,105.3898,311.655,37.2463,4.9133,56.8958,248.6556,35.105,70.4806,106.6992,29.4544,71.6637,28.0151,44.5178,74.7441,24.8551,20.8005,13.7125
2828.125,55.0823,142.6146,50.3537,44.7777,28.784,60.3834,57.6515,45.9804,36.96,32.3524,296.5683,14.4108,59.1544,170.3849,26.8646,97.5133,27.2969,150.6713,41.965,11.0011,69.0411,16.1268
2843.75,35.8571,213.7947,59.699,31.5953,14.9544,131.9259,278.4867,8.3926,17.6361,38.1061,212.0721,13.1528,28.8609,141.9485,19.5136,58.0265,48.7442,62.5358,111.4667,5.8908,58.3513,17.237
2859.375,45.1492,73.577,26.554,32.1139,27.4778,102.1957,232.9662,52.5397,26.6989,62.9724,222.6214,48.8169,77.4565,91.0491,61.0624,79.8204,22.8873,34.3112,83.8706,5.2167,11.8244,19.3314
2875,12.2265,62.5499,42.2228,51.8853,23.2925,50.4405,216.4138,31.8786,29.0862,10.8467,136.207,38.1932,79.5594,57.4156,8.7289,55.4687,53.2189,76.3167,198.2615,13.035,17.942,18.2207
2890.625,10.7748,95.2136,36.7298,22.7878,27.2382,130.0943,154.8556,93.3067,24.2378,33.8104,51.0318,10.4416,69.2577,51.6558,19.0251,46.3394,14.9234,19.1972,364.0914,28.5142,67.025,26.921
2906.25,52.0297,47.9801,43.0645,20.005,13.881,213.3462,132.6163,80.0636,30.025,16.6214,59.5677,23.5251,18.9929,60.2363,104.3144,84.4487,64.3241,111.5112,171.9866,40.0206,43.7662,21.1522
2921.875,26.024,38.7002,61.1157,23.8805,37.0215,137.1471,194.0437,146.2876,22.6921,8.1205,44.9671,48.044,40.5304,96.8111,65.0517,60.4642,52.3743,24.229,195.0877,42.8119,28.3752,24.4167
2937.5,77.6559,109.0906,30.2596,67.9648,15.6594,76.7438,245.4238,136.981,41.0148,31.5361,89.4343,41.4065,53.785,110.2265,89.4513,124.0227,36.6279,33.5607,305.8218,30.1651,70.5487,27.1317
2953.125,57.7335,54.2994,17.3629,61.0508,22.6135,147.0901,367.3406,193.5307,28.2291,72.005,214.3761,18.1918,73.7068,10.5375,35.6212,113.1544,24.5844,93.5617,244.3741,36.1954,27.1654,33.7234
2968.75,98.5997,42.9365,102.852,25.4753,26.3507,170.3996,210.6911,45.8851,27.2233,40.1403,336.1665,20.2389,49.4201,74.1921,53.8595,34.7052,61.2727,83.7665,47.1072,31.7943,61.1587,32.2784
2984.375,15.8308,90.883,49.408,29.0652,27.8,115.9455,105.585,20.2595,35.1534,51.7374,433.5357,75.584,31.6889,97.84,40.0182,59.1068,25.1375,107.582,307.4136,33.2077,29.7687,35.3643
3000,22.4882,21.5457,36.8923,68.8756,26.653,220.7499,121.4614,47.7498,47.7133,45.6805,214.9208,53.3747,75.7431,136.7815,47.0228,37.5373,45.788,74.8992,351.0232,59.5662,68.1342,33.4202
3015.625,69.3381,96.9995,129.5264,89.1652,26.9775,136.3975,124.5568,48.266,36.9501,34.0726,230.2188,25.7929,59.2111,132.761,125.9064,56.1107,12.1304,63.3204,231.3225,59.524,45.7883,39.6595
3031.25,15.692,185.4642,82.8395,32.4301,20.7767,100.8671,126.4464,71.7694,37.546,76.8284,116.7584,25.188,43.9408,134.0869,12.0632,24.7529,43.2156,71.4677,195.1398,63.9742,71.6461,35.3374
3046.875,76.5747,136.2784,114.674,105.2079,32.9984,119.7165,131.3943,4.4117,59.888,31.5156,48.8077,69.651,96.4163,163.0985,45.5803,77.07,55.842,65.0156,107.0497,43.9065,56.9873,44.2013
3062.5,35.2951,163.962,15.0135,65.8418,13.6262,78.26,181.9927,36.9605,43.2194,10.1531,130.4889,58.1217,68.9025,92.0367,30.3747,80.9822,71.8837,113.8309,93.0836,62.2277,52.1842,38.4866
3078.125,58.5692,148.889,48.0318,75.3727,45.5046,56.5424,145.5769,32.7054,40.8844,82.6233,132.8068,40.8647,39.0646,129.4167,52.2371,22.0814,31.7588,97.8115,109.9343,47.9412,73.5103,42.7859
3093.75,27.7395,43.8638,124.7381,118.9901,27.4925,169.9633,140.8291,44.8792,53.6794,57.3637,271.7312,45.8737,39.9554,23.8565,22.7983,108.7475,45.5305,136.0925,79.0145,63.8228,85.3207,43.1104
3109.375,16.3895,112.8383,94.1679,34.2733,24.3558,198.5348,40.5958,22.7348,48.8824,57.0731,239.9057,46.7473,70.3858,87.2949,39.222,43.3816,35.3331,140.379,122.4268,73.0695,36.0417,45.5288
3125,67.8292,110.8391,91.45,95.8541,33.239,149.9374,95.602,67.6864,52.3631,92.1007,42.6946,56.1637,70.0791,76.6937,54.8253,76.4221,31.435,76.6375,83.7971,62.0406,87.0382,42.6076
3140.625,24.0239,174.1412,115.7105,44.0547,30.8433,35.1168,107.1788,12.4012,42.1656,45.0681,153.0892,73.7733,33.6727,147.6177,45.5752,82.3676,57.5742,183.8637,38.2007,63.3486,64.2947,46.2564
3156.25,59.8956,214.4386,95.0721,46.311,27.5601,120.83,66.5577,62.3279,55.496,88.1347,247.2358,40.0112,44.1025,59.3752,74.2844,26.8033,8.9032,107.1371,126.6267,51.3099,62.4669,41.3968
3171.875,29.1786,142.027,192.2849,140.3321,34.5165,103.0419,51.6047,27.3982,47.6934,77.7089,302.2585,26.9166,129.2761,168.5432,66.4525,77.4348,43.5077,90.9674,224.1273,45.557,55.498,41.3576
3187.5,24.5455,55.275,105.5606,95.3353,34.0877,84.0805,158.1373,75.6261,53.0416,15.5914,291.5471,111.3147,55.6824,14.9146,74.3664,54.4881,23.1031,136.9704,111.8608,45.5211,69.3678,41.8508
3203.125,58.6956,121.0033,105.4269,197.7832,26.4661,201.8204,306.4264,11.6625,38.664,52.3839,493.8821,98.0231,87.115,106.205,67.513,52.5749,50.6408,169.5248,118.1681,53.1728,52.3794,39.2571
3218.75,25.8285,113.8796,135.1606,102.6667,40.2689,229.0967,110.0461,93.5536,54.906,47.7743,420.0238,22.7732,158.7118,90.9109,35.6233,35.9956,41.0276,93.3451,72.7453,49.0919,60.3602,43.1135
3234.375,39.2789,60.956,102.3014,118.2717,34.1488,161.0693,235.9363,39.7026,42.7517,26.4196,215.6531,66.5977,73.5499,144.4143,38.2847,43.4436,86.0139,198.8942,121.0083,51.812,48.7559,41.4408
3250,61.7631,16.9707,38.5124,113.8343,35.2811,82.7515,304.5133,83.0414,47.4949,45.2766,6.6768,98.8926,131.4999,55.5035,43.6804,39.0443,14.7644,120.0151,178.3233,46.2955,48.4167,42.7024
3265.625,17.6732,186.3014,173.036,89.1357,38.8387,67.1258,235.2458,58.9186,44.558,56.0497,115.4637,79.5148,133.1583,165.3329,61.3762,74.0635,67.5963,107.3333,119.7192,41.2719,58.2646,32.301
3281.25,71.5375,254.4779,98.1105,105.1292,41.4717,70.3521,325.6719,65.1837,37.4829,62.6408,163.0718,12.1983,50.9898,105.1007,113.6424,44.713,39.2174,103.1707,201.7284,33.1174,23.6729,36.9144
3296.875,26.6021,136.5173,88.9893,19.0179,43.3796,14.1688,225.4565,49.56,50.2636,66.5028,287.6399,61.4856,87.6622,94.193,55.6759,19.8121,71.015,70.3063,293.9953,31.7563,62.8115,40.3604
3312.5,78.249,67.2107,95.3006,73.1773,35.3591,38.2048,106.5753,8.998,37.924,30.454,219.0038,81.961,27.2025,57.9444,63.6535,48.6512,43.6842,58.1145,208.337,28.3815,48.325,37.8735
3328.125,57.2539,105.1838,161.3167,64.8474,44.7686,52.1143,414.5153,105.1169,44.2555,78.015,171.4825,58.7137,100.0529,100.5246,23.7741,93.211,39.2055,157.423,321.8899,28.2237,14.5669,37.0018
3343.75,58.5345,292.4866,114.5497,15.4169,48.4143,13.0694,401.4604,31.8769,44.5837,41.4435,77.7222,40.1024,25.7225,74.2587,65.0275,67.3732,43.782,88.4205,169.059,34.5024,51.2915,35.6717
3359.375,72.3111,343.2355,113.0278,41.3284,49.5567,85.0001,179.9393,94.353,46.997,41.3052,174.1533,31.4449,77.8507,101.6127,108.3095,17.1724,59.7097,115.3214,224.2123,34.8376,48.6081,37.7499
3375,18.8257,196.2287,167.9013,84.028,44.2793,57.1897,134.0205,64.0876,38.4599,123.8009,226.3812,112.185,82.7322,76.4176,51.8943,83.0213,62.1641,152.718,226.5737,30.2083,13.5413,36.9393
3390.625,83.5437,142.7661,82.0496,23.417,44.3431,121.82,140.7634,60.0948,42.6493,18.0271,132.7802,133.6227,71.1996,86.4711,67.2401,85.3886,98.7632,69.8654,110.5754,16.4889,37.9794,37.3988
3406.25,23.5347,246.0743,109.5799,88.1804,66.3674,73.0156,335.1036,117.156,55.5427,106.7787,56.1619,56.7882,30.3778,147.9906,50.7045,58.1608,133.9779,136.715,228.4747,28.3412,48.6309,41.4993
3421.875,39.8284,212.5859,36.0286,64.0964,42.3176,73.3041,366.522,33.3177,33.7837,50.8428,70.6544,92.7062,69.5179,102.681,30.284,148.7367,98.8416,104.0867,160.0788,35.758,16.3649,39.9532
3437.5,95.6384,105.2195,40.5348,26.6076,46.6058,133.8088,199.9589,55.9197,44.4198,25.1266,342.7943,128.5232,78.1836,118.2558,105.6936,114.2757,110.5812,188.9277,49.3565,35.6506,58.9527,36.0094
3453.125,60.0233,186.4145,84.8947,111.0692,55.2449,124.8379,101.1934,59.0961,51.8493,108.2321,355.8006,81.5492,34.9548,74.7902,27.0831,116.3328,74.5395,140.2182,120.5634,39.0685,58.6319,40.3039
3468.75,38.4955,112.2687,128.4316,37.6244,56.7082,75.798,99.6009,65.7141,44.8821,50.6847,224.7066,15.0945,49.0836,21.8309,62.3294,146.5779,113.5392,174.2688,177.8422,25.8794,26.3414,40.4121
3484.375,87.6649,174.9225,50.5223,38.5828,47.3685,87.8168,96.244,66.7383,55.8742,51.9412,211.315,65.6663,64.5451,80.7247,30.5266,54.1673,36.117,124.516,63.1787,17.9513,40.1717,46.2858
3500,47.8731,80.5304,109.435,48.1766,56.5466,114.8644,88.4214,37.0916,37.3648,76.0995,118.5746,82.3707,57.7388,134.2575,53.4613,113.797,114.867,31.6602,82.4576,16.8452,39.5068,36.0911
3515.625,100.6644,215.3202,77.9119,67.0374,50.1185,47.0396,138.6517,96.3513,50.9361,48.6557,99.8396,57.9081,60.0608,114.7304,72.3972,78.8823,43.7696,101.1178,320.0894,34.8414,38.1926,46.006
3531.25,8.1009,64.2871,64.4595,48.9551,48.6357,33.0663,185.7361,27.9083,37.5804,52.6244,258.7809,22.2673,44.4958,84.8108,72.0096,28.9657,115.1181,111.3782,168.8045,39.2567,34.4252,42.2848
3546.875,121.8527,198.3812,60.8314,33.1286,52.0824,98.9122,297.8786,117.3448,46.2379,91.5384,275.2054,40.2997,22.5098,26.0344,64.2002,37.8347,38.7364,20.6325,176.7835,42.3918,49.7365,37.2727
3562.5,15.6088,292.3933,8.5996,49.4056,51.1002,59.2475,295.798,47.4589,40.3824,23.6511,228.1898,19.6933,58.8844,54.99,79.8927,44.4202,97.1763,26.9211,555.7482,39.3111,27.91,42.7805
3578.125,66.5988,66.853,135.0523,41.0468,42.6952,175.2595,315.1797,34.1954,39.2534,80.1207,70.0122,107.2506,41.8401,62.6121,70.5359,42.6041,40.4723,88.1359,333.0852,32.9841,36.3646,34.4115
3593.75,63.3435,147.5578,18.4726,38.8448,60.6184,176.9125,377.7438,78.2228,42.2867,37.4757,162.9535,85.4115,63.7107,86.0868,74.5967,57.6874,84.3069,140.662,154.1462,31.1518,42.1104,45.8456
3609.375,5.2338,71.6829,59.9468,78.9785,23.9254,102.6116,209.3147,51.5026,29.996,28.0524,173.2062,19.1651,16.957,85.775,49.2097,45.7519,41.0541,50.596,125.922,36.6293,36.6638,40.4398
3625,95.5189,58.4118,79.299,65.9547,54.6983,78.483,136.0287,48.0057,33.3904,55.0559,25.9044,52.4173,22.2844,63.3836,51.1045,47.7043,17.4985,107.0647,173.6306,28.506,34.1796,37.8667
3640.625,21.9952,146.9686,27.8538,140.9564,39.9456,79.0845,165.7338,45.6429,32.6855,49.7022,93.3432,53.9621,15.6097,38.6825,28.3141,89.0526,60.5848,90.2574,148.1218,45.5336,35.957,38.4982
3656.25,76.2847,163.5769,64.0183,85.1055,31.9929,71.5606,122.5448,88.5862,25.2376,21.7983,60.625,47.7649,25.7478,61.1403,19.8615,24.8041,36.8447,47.0845,24.4811,39.7054,23.5678,40.9262
3671.875,73.1327,103.7292,47.754,81.3594,46.178,74.8601,92.1939,29.5822,21.4759,59.5463,40.3348,6.9629,42.8417,82.0548,31.9873,50.636,78.1571,34.6523,100.979,47.6681,30.4315,39.3602
3687.5,8.0113,128.5588,39.4119,147.9018,30.7739,114.4649,130.4357,110.1548,28.7924,33.9257,161.7743,29.0456,29.3325,151.4885,51.4734,8.906,23.9025,84.8579,128.0938,42.7489,43.3556,37.7529
3703.125,91.1623,77.2611,45.7949,135.295,31.9661,91.4988,29.1319,20.3679,22.6936,28.4587,248.6906,10.3251,44.8778,126.6884,36.0058,59.6212,72.3994,17.5858,146.7292,56.9536,15.1949,39.0228
3718.75,49.5965,119.1368,23.7681,83.0602,42.6437,132.9748,133.2031,70.3299,29.7736,42.8322,164.3391,49.1439,38.1748,94.5669,66.3542,48.3813,27.7744,20.3216,236.5371,46.6481,45.3151,40.5686
3734.375,78.5536,87.3208,18.8038,74.7487,29.1618,89.7466,96.3109,20.0026,22.2105,37.1664,163.1771,65.5559,70.4226,75.9513,55.1295,18.474,71.8568,55.8343,52.5842,57.7694,36.5594,38.4981
3750,73.3913,127.6227,91.1952,74.3609,26.9873,77.8617,203.1889,43.2417,37.1267,21.8737,82.7068,75.0752,69.5555,87.1666,17.9972,46.182,12.3226,66.7598,93.0529,41.8321,45.9409,43.6071
3765.625,28.2982,105.1717,46.0928,125.5875,48.6086,38.7287,203.9382,31.9488,30.5333,53.7174,259.3243,54.0816,42.7943,20.3295,61.7313,61.115,75.9305,36.0828,45.9826,50.2322,34.584,43.6482
3781.25,54.3663,41.8965,76.9505,39.7707,33.3464,105.8008,173.9106,65.7004,34.4843,23.4693,306.2337,105.7992,9.432,77.421,40.148,24.5195,28.7076,59.7463,175.0512,53.7153,46.4371,45.757
3796.875,35.1913,248.1689,168.1331,113.9303,42.9727,24.9675,295.6541,29.0707,45.97,48.6579,297.5226,110.2723,38.5522,47.8159,48.7643,101.987,8.8859,71.6541,325.1237,51.0677,62.2862,42.4928
3812.5,26.319,213.7497,93.893,17.9727,47.4659,38.3955,154.6559,49.4653,40.9805,46.1786,259.3453,91.8404,40.1052,42.5832,52.8807,34.5864,78.227,14.6346,362.8037,63.571,49.7622,47.6062
3828.125,100.2756,207.2667,189.6834,103.11,41.6039,122.2318,123.0434,33.0044,53.9789,50.2725,293.1631,28.5012,75.832,60.5599,62.0365,74.3497,16.9202,125.9601,4.5362,56.9249,51.7326,47.653
3843.75,16.2646,131.1968,9.126,47.8836,48.5959,105.6536,71.1362,64.0813,49.5622,49.1851,145.8366,99.4007,88.6325,64.4688,106.7574,56.589,85.2205,34.0325,250.5447,59.962,80.2484,54.9381
3859.375,82.0043,89.0188,31.3007,18.3935,42.6671,59.9492,150.9717,39.9526,64.1256,49.5255,159.5266,114.7445,18.6646,115.2024,19.5209,65.5893,33.1276,41.6193,305.6284,53.5901,55.8471,51.9742
3875,64.0096,35.6977,114.5766,112.4775,50.5371,55.6947,92.5419,82.4698,59.3875,29.7424,110.9123,56.4194,88.8171,68.4225,88.8657,46.2801,69.9625,146.1298,138.6162,55.0771,63.8653,55.4907
3890.625,78.7937,270.9005,29.6487,69.9226,60.793,176.7174,115.0932,53.8938,67.1045,89.8152,180.2435,54.4236,48.861,107.724,43.6177,96.2539,50.7597,115.9876,258.4446,66.2966,85.8484,54.7017
3906.25,75.0602,206.396,42.1686,78.1421,54.6995,84.9209,81.8788,58.7591,64.7923,48.9507,133.0368,42.8514,134.2915,112.9441,116.1454,52.3321,70.2267,55.5396,202.4542,68.8496,59.1698,52.5974
3921.875,45.924,43.9006,118.4508,45.2291,56.1068,87.6165,150.5529,67.7116,71.9579,53.6997,28.6371,111.5647,117.3158,107.8413,36.7546,104.2761,85.794,123.315,157.0935,56.1223,79.364,62.5833
3937.5,66.308,117.9949,47.5006,70.6692,61.5792,88.3043,38.2696,44.3466,73.6078,73.5734,135.6498,119.1917,37.4885,84.7773,47.365,97.684,5.5234,90.2073,181.8513,60.9888,70.2048,56.9746
3953.125,67.0571,126.5928,124.6451,113.5159,50.7135,101.834,179.5036,73.2468,77.4475,53.7324,116.9308,33.5298,111.525,75.2862,67.9247,67.2742,89.4875,123.2274,196.16,59.9879,86.5167,65.3967
3968.75,64.3871,85.2093,76.7694,68.4748,77.3143,80.6926,153.5397,75.1938,70.6935,64.6204,62.488,88.6329,78.5267,112.3478,74.2186,113.9157,34.2168,24.218,184.1011,49.6166,72.9369,61.1317
3984.375,68.6646,31.5961,41.0072,95.5827,50.8302,104.1,72.3077,27.8506,75.231,60.9002,197.3645,120.5863,89.3678,58.4259,60.8602,49.6542,100.2373,100.2229,157.0448,62.1432,73.9414,57.3132
4000,35.2708,66.6504,138.3063,67.4734,59.7472,84.9012,206.5188,99.9032,78.0739,67.282,110.2961,86.7205,77.2367,74.8341,64.5993,107.5096,56.4869,137.8466,149.2678,66.3122,83.7702,66.2694
4015.625,79.8967,145.514,29.0701,74.8326,76.0387,87.7693,77.9294,46.6504,73.8023,48.1498,110.274,38.2405,51.1686,67.924,27.8552,42.504,74.5685,42.2362,204.1286,64.4472,79.3124,61.0172
4031.25,64.7045,94.7132,138.8849,114.9709,47.2093,149.255,100.4277,97.7342,73.1714,75.8605,105.4448,81.314,100.5083,120.0968,83.4166,88.0195,37.69,113.4064,115.5138,72.3413,64.5978,60.1642
4046.875,31.6925,145.1781,82.7226,53.6601,64.7936,80.9683,75.3643,55.5179,73.8854,39.5815,241.7537,106.2706,30.5517,25.4409,27.1366,75.2602,74.3283,25.6424,82.8039,71.0608,79.2793,58.2833
4062.5,82.0827,138.1312,59.633,81.6679,54.4879,81.834,112.6149,60.0131,65.4194,65.4073,100.3857,54.9396,77.303,115.6536,58.61,78.2219,46.7581,87.1779,38.2888,53.0268,71.0949,64.3861
4078.125,33.9164,127.3158,109.4432,37.6352,56.3458,53.1877,97.7991,82.5073,76.6744,67.7586,39.1993,71.9149,54.2475,65.9634,63.0803,51.3168,58.3976,49.7931,177.9015,69.201,72.4162,59.335
4093.75,89.0849,112.4498,20.0566,104.6031,60.2072,53.4712,92.7386,30.876,60.7136,52.7769,177.9849,82.7534,104.0984,52.0507,32.6465,83.8965,65.1706,87.3639,110.3343,53.421,70.0414,54.2485
4109.375,49.1329,104.0463,77.1616,35.9478,44.3424,46.0576,65.7292,69.5242,60.961,50.9603,167.6106,38.5136,115.8553,99.0256,59.9374,63.0067,64.4929,62.8791,206.7296,50.8684,52.8186,54.6064
4125,57.4605,85.4145,67.5159,74.0252,54.6805,63.7538,153.1584,50.3749,64.5249,43.6251,54.2643,74.6713,13.1252,43.8862,58.0762,46.5227,61.5008,28.001,239.6792,66.2931,88.2072,53.938
4140.625,77.9052,196.331,37.9728,93.2484,49.5205,108.9929,29.1457,34.2788,47.7404,63.2539,140.6803,73.4128,79.8483,105.1619,75.2663,89.2311,71.1522,125.5623,147.8626,55.0345,51.7677,51.846
4156.25,4.0696,144.5588,50.1728,90.6827,38.0594,80.4569,124.3907,78.1412,57.5985,39.6359,95.9488,43.3707,53.1392,55.6022,4.5014,21.6544,44.1432,61.8006,256.1178,64.389,44.1298,47.117
4171.875,89.9723,235.9753,122.9601,74.1272,44.925,65.1082,190.2707,15.6012,42.4724,44.2118,181.3718,59.2966,97.2345,81.7104,105.422,79.78,13.0064,62.8911,188.0027,53.1251,65.4485,43.4725
4187.5,24.5452,187.6838,43.6533,64.0253,34.0211,75.5933,128.0819,41.3612,49.1631,44.4053,283.6541,35.7278,47.3938,43.3974,41.4159,66.9883,66.6475,97.9684,98.5913,50.6745,59.5341,42.9847
4203.125,43.8174,182.1846,81.0405,40.5596,47.5215,129.6101,46.9608,60.4328,36.1474,28.7763,366.3383,35.1607,18.8038,152.8611,61.0655,27.7436,28.9775,99.5543,54.6799,42.1228,19.695,39.9654
4218.75,64.2091,165.479,91.1405,95.2178,30.0474,12.9401,92.0946,14.7584,40.5751,46.3869,333.8867,92.2653,49.3212,137.3613,44.0258,62.2439,83.1131,87.8767,129.1663,34.0045,50.9899,36.0237
4234.375,15.3849,43.2923,91.4877,34.3275,19.2036,72.9334,143.0338,41.0691,27.7602,20.2286,198.3824,63.2944,87.4463,147.8614,64.5084,35.6874,40.694,18.0482,111.1042,39.4117,46.34,32.1472
4250,48.7633,84.1684,95.4435,62.3438,46.939,84.5089,167.0246,29.0521,27.2849,39.5722,76.66,30.854,5.7129,96.4455,64.6492,14.5254,45.7739,22.1533,183.7588,44.3534,28.9485,31.4338
4265.625,30.3394,46.2869,46.8013,15.1876,21.2784,95.9403,171.5099,17.8005,20.7884,28.8745,170.8643,72.3184,28.8563,70.8121,30.6415,41.7932,22.9404,27.0397,118.302,40.7813,15.2489,25.6079
4281.25,64.1077,237.8901,30.0209,85.5225,17.0876,113.6492,150.7582,20.2491,21.6974,21.125,145.8915,71.8791,29.0087,41.1948,8.8657,39.3603,50.7916,74.7249,195.8255,28.5318,36.5647,24.4921
4296.875,82.4795,193.6094,51.1493,82.5698,31.8579,152.4458,136.5002,49.9453,15.1373,22.9231,205.7634,61.7344,10.6753,38.5768,34.7989,26.65,13.9059,17.0481,104.9951,15.4168,31.9665,23.3625
4312.5,61.4629,122.4222,30.1014,106.0479,21.0865,98.1589,56.7912,30.0413,14.1942,25.4585,118.3384,56.5316,40.8552,10.8656,26.6331,27.0804,24.1202,44.4671,63.1705,14.3608,9.5435,18.2268
4328.125,84.5171,39.2302,47.5219,143.8211,15.811,82.525,118.878,57.1306,12.4975,26.7616,89.0988,71.0418,24.5898,25.5873,23.5676,41.8241,45.8992,41.3732,98.1268,18.8601,20.7592,20.4589
4343.75,50.843,19.5705,63.0432,109.8696,24.2274,75.3621,120.0132,67.3954,8.3693,16.2018,28.9298,34.5384,39.044,17.0646,39.0037,50.1004,31.909,56.2723,33.0776,22.0346,21.6334,18.0157
4359.375,38.3681,89.8584,55.5347,76.788,8.705,68.9991,200.5056,103.4373,5.1228,8.3124,105.3845,47.073,17.9567,36.8805,72.6088,25.3108,71.1935,18.8966,134.9337,20.7549,9.3348,14.6414
4375,27.0877,101.1867,65.0648,42.7352,37.3989,45.1516,124.7532,43.5127,11.6802,29.6964,63.2294,25.5937,11.3453,61.9455,18.5707,16.4814,39.7576,67.5797,197.4243,15.861,1.0517,20.7013
4390.625,35.2945,69.8307,19.6456,19.5006,15.9356,58.929,95.0627,66.4064,5.2773,22.559,84.2822,6.0014,1.9092,51.6358,20.33,22.8508,81.4056,79.6177,168.5959,9.5344,10.3038,16.0589
4406.25,44.8786,158.9866,36.3902,34.4878,23.2544,65.685,99.0686,48.6562,5.9579,20.7792,177.569,40.887,34.1761,62.5784,11.2028,38.1994,43.9259,67.4433,41.9421,18.9082,14.7542,17.9872
4421.875,29.5937,150.9435,76.8625,42.0432,26.5317,72.0453,125.9199,70.5405,11.9802,49.22,172.4399,74.7289,29.2189,62.538,22.7311,37.1821,63.2531,39.9765,139.1015,26.3776,22.2258,18.5638
4437.5,67.9565,139.1869,47.4568,41.0963,9.4984,114.7611,257.0684,63.6578,15.5521,25.9422,185.9056,82.1805,18.1539,19.1764,67.0344,41.9124,25.6287,45.5061,180.7864,27.5469,15.6855,20.5624
4453.125,45.129,183.9635,47.0141,17.8239,19.2457,54.4388,138.8638,58.0615,7.1768,34.7018,152.7822,77.1443,29.9713,38.488,84.6024,58.921,38.7031,53.631,120.1682,35.8859,13.1335,20.8553
4468.75,42.5307,173.3828,52.9413,11.3833,13.5058,30.8605,206.0154,9.8118,8.4275,56.0474,130.7092,64.8502,17.3959,13.192,50.2887,83.8373,18.6751,34.4696,244.0721,23.6815,23.92,19.0484
4484.375,45.1795,226.1923,59.9946,26.3311,18.9804,14.4235,308.3306,22.5455,7.2514,28.4768,108.5485,65.6059,35.5839,57.0393,56.5252,68.3628,40.9172,53.7412,237.7113,25.9877,18.3257,24.0406
4500,27.0602,59.0689,29.8322,29.6874,20.2302,28.5449,288.1836,31.4027,14.0909,55.0985,155.3273,76.6177,39.6742,69.9161,80.2943,71.332,49.4618,43.9607,34.2395,25.5574,14.8259,21.7466
4515.625,64.7307,96.8978,12.4532,35.0761,21.9164,77.4921,216.8353,13.1524,9.5265,43.5659,223.3954,61.3347,22.6319,66.8433,51.5556,48.0114,56.8996,66.1167,119.4403,31.5198,28.9342,20.4253
4531.25,9.9789,34.4194,36.7159,18.464,12.1897,55.5586,229.4421,31.727,16.1413,11.2626,157.1011,77.0425,23.3423,53.2789,36.9138,21.4164,60.4629,70.8446,184.9267,30.3538,34.6302,21.4565
4546.875,23.9058,230.7944,38.8417,9.0603,22.3409,78.3269,149.4574,19.465,8.5909,42.1182,196.9585,63.0889,32.757,20.7141,38.044,19.1259,32.6202,124.9569,119.426,32.0704,35.3958,16.8079
4562.5,40.3553,111.5288,30.8561,40.9286,22.64,38.6709,91.3131,58.0571,23.1438,49.3254,142.6094,30.7285,29.3001,66.4747,29.1632,22.4732,63.5513,91.4517,35.1956,18.3062,25.9618,24.5542
4578.125,22.441,52.554,77.4412,21.3768,20.0192,14.0376,166.4092,53.2526,19.3789,37.5167,108.9964,22.5139,48.3044,91.4612,47.3787,33.784,21.7201,125.0404,92.361,25.3313,16.4721,21.0937
4593.75,42.5564,161.1513,96.8111,70.2351,26.9973,88.2439,368.4194,56.2492,18.5779,76.9396,160.7465,27.8155,40.809,136.2742,31.2814,10.2195,71.3914,111.3768,22.5315,27.9307,15.522,20.5542
4609.375,53.4877,242.9568,85.9535,13.5756,32.1818,104.3406,246.9348,58.5445,23.9825,18.4463,175.1513,51.4281,27.0755,61.3287,48.0103,53.4521,45.2537,43.6192,71.2105,24.017,20.0659,20.9991
4625,42.9492,206.7807,71.933,47.0913,16.6336,31.356,98.7797,8.0156,24.2058,19.1358,150.6545,51.2297,28.7884,24.1566,66.7674,54.072,88.7809,60.6411,50.2131,25.374,24.7867,22.1879
4640.625,66.0416,156.5443,27.9076,57.2322,38.8807,98.0862,46.7586,42.561,29.5122,70.2187,53.1402,25.9428,56.9469,17.2051,39.9781,21.1072,64.2447,109.5428,100.9885,26.8764,16.5206,27.7305
4656.25,12.5869,158.2668,134.0027,34.7645,28.9024,8.3035,175.6429,46.2056,23.1372,39.5116,76.0905,62.7353,25.9806,76.5519,39.6274,87.6694,65.5293,54.7136,141.1865,21.7591,29.1639,28.5702
4671.875,60.5347,169.1135,175.1107,64.6898,35.8216,30.6381,271.1069,19.7996,42.4039,71.0744,165.1664,79.9136,84.5905,8.7781,27.4902,69.613,53.791,105.1649,342.6174,31.4822,38.0072,31.5574
4687.5,39.2605,64.5855,183.8815,24.6052,35.2644,27.816,136.7843,66.3632,33.7438,42.3239,143.7352,62.9777,84.402,62.3773,75.1793,49.1158,69.2914,60.878,261.8632,30.1508,19.4801,36.2288
4703.125,39.4752,70.6628,79.967,62.7047,38.6607,61.1543,210.8509,12.4845,36.1411,28.2351,192.5913,21.3961,13.3329,46.3321,40.6006,82.0534,44.6244,68.731,146.0915,42.3504,49.5022,37.2637
4718.75,63.4294,131.8476,51.0179,10.0292,43.9923,43.9527,54.6823,112.7189,42.1559,53.4798,159.7287,62.6648,121.6567,69.5366,34.5189,39.989,59.5427,4.0478,88.2165,40.5421,42.3109,38.2984
4734.375,15.6565,98.3321,86.679,92.0023,37.2575,54.4645,58.7492,45.2085,33.8404,48.5492,60.3217,70.4332,68.7845,23.3519,72.619,34.854,34.0744,76.1162,64.306,42.1293,25.6334,41.9881
4750,72.8825,77.2572,33.5982,55.6652,46.3323,83.8287,70.4649,87.0337,48.4574,30.0955,84.6545,41.5713,79.5639,21.7059,100.5988,37.9206,47.8983,88,190.8815,37.4548,62.1329,46.2811
4765.625,33.064,127.2602,13.7257,128.8715,39.9427,141.2539,250.065,38.7718,41.7705,71.2655,107.3437,27.0476,93.2562,49.8739,38.3845,37.6112,47.3311,113.3331,129.0981,52.6494,46.146,49.1776
4781.25,54.8235,23.5903,120.8899,112.1058,49.939,91.6827,121.9753,55.2441,41.1889,28.0548,194.9308,41.29,69.1393,68.0424,95.6249,65.2719,57.4546,154.4216,125.1137,59.676,43.1879,51.2673
4796.875,46.841,22.4214,26.2362,61.8307,47.5658,95.74,195.1058,78.7221,47.9807,36.2323,294.7737,47.0567,103.2392,22.8378,19.4734,65.519,44.8105,119.3533,32.7517,66.5632,58.5897,50.4487
4812.5,37.0553,44.9919,78.1846,84.1671,44.7685,114.3068,98.5477,31.2626,45.9621,77.6102,278.1571,70.525,35.2052,95.6368,49.8183,17.2273,69.3733,74.974,138.7161,67.0848,45.4371,56.2724
4828.125,61.4481,39.3479,125.3111,17.3107,48.9475,93.0739,212.2142,53.3294,47.316,36.7809,345.7987,53.2002,19.4704,47.1735,36.3348,62.894,31.4728,202.7342,119.6748,64.7831,52.774,57.6955
4843.75,43.5072,24.4185,82.3021,98.3023,49.7039,53.6478,85.4567,52.0937,39.1328,52.8299,114.9621,16.9638,55.9128,107.5298,44.6378,30.0135,56.892,49.8051,95.9541,60.9745,65.6681,58.8553
4859.375,54.2065,90.2171,146.0432,65.9111,49.5673,156.3075,55.5531,52.0002,50.2679,104.3583,148.8931,58.7975,56.0528,55.4498,51.8841,67.6654,49.8234,92.0576,82.7499,63.3103,49.4209,54.7779
4875,68.4701,54.6827,36.635,21.2383,41.27,191.4614,23.6516,48.8583,46.7611,9.7491,149.2564,86.5936,73.9381,68.9037,30.9192,64.7023,56.3774,102.5597,103.665,61.6721,49.835,57.7912
4890.625,24.495,53.8529,96.747,70.021,54.3925,50.1784,116.5718,57.2451,40.0167,82.8835,212.8627,53.6093,51.9324,40.8553,60.7835,19.6344,58.2789,38.7869,55.8012,68.4586,64.673,58.9432
4906.25,83.3623,197.0499,40.774,23.5615,41.9996,74.2967,92.5582,61.7406,37.8379,59.4931,89.4753,18.9943,58.7854,78.5635,70.8456,79.0654,78.0902,108.654,194.8215,71.6893,41.5887,54.5103
4921.875,29.4732,185.1742,33.5072,58.5922,39.0127,97.8177,19.083,27.845,45.457,14.4752,23.2184,69.3195,30.0024,31.791,30.2131,32.8713,28.7357,76.8094,255.3917,69.5319,56.4983,55.4137
4937.5,60.2965,80.0768,91.6188,52.6545,51.4815,54.8395,5.0652,44.5334,44.0497,70.7888,124.194,63.0951,45.4619,55.8777,11.0341,73.4401,47.2808,22.2551,265.2095,62.5327,45.9328,51.915
4953.125,42.7834,103.4756,31.1503,48.2131,37.5692,45.7862,161.9674,58.3438,27.1163,57.26,57.2889,36.6442,39.609,8.6327,75.1488,67.6821,49.8323,78.8861,85.4538,55.8031,51.4133,50.3256
4968.75,35.5759,123.9629,33.1066,77.1234,38.1851,120.7915,43.4393,57.8527,35.7784,29.9639,124.8545,6.1177,68.9334,86.8097,10.779,38.3124,46.4916,33.1859,124.5224,62.3139,39.7125,50.6933
4984.375,89.9338,45.2623,54.8845,23.9269,30.5757,104.2724,41.6811,59.5721,37.9929,35.9541,156.7626,52.9048,17.9676,27.0528,45.3987,97.104,60.729,53.5926,114.3193,52.265,50.7132,44.0712
5000,45.8695,94.6422,39.6983,30.5594,41.4817,38.9198,66.3445,77.7826,27.4008,61.6062,111.6247,51.6728,42.0605,106.9555,55.4136,47.1725,28.6838,22.4256,162.8881,45.3563,29.398,41.5777
5015.625,47.2464,35.6112,50.0144,19.5311,26.4492,110.906,69.0874,84.8681,26.2006,18.6909,220.5771,29.6394,56.9024,62.6348,53.3181,67.4303,40.9955,32.752,145.4401,45.9481,30.2469,36.5078
5031.25,57.0868,109.4179,40.5749,28.9844,26.6543,153.3851,34.1553,104.3862,29.8084,62.2742,143.8517,22.5952,73.2557,115.8568,35.3033,85.9723,8.4366,86.8086,203.452,33.2718,39.7984,33.5751
5046.875,39.0735,72.2342,40.1861,16.4966,24.3681,60.2097,154.3852,84.508,21.129,28.4719,135.5389,24.8227,5.1858,99.4441,18.7732,38.5108,42.0971,74.0498,74.9789,31.3207,32.7542,28.6239
5062.5,20.4138,53.7294,22.4435,17.6407,25.9925,19.0138,76.5203,60.4161,23.7826,22.7545,105.3134,33.2365,46.4864,92.6233,47.4613,37.2964,7.6955,58.3143,101.6797,35.799,7.294,21.2792
5078.125,19.1942,70.6235,38.7396,31.0534,15.0342,146.2758,72.3202,53.0238,12.9237,49.0716,110.9869,17.4207,10.3769,103.9384,30.0301,37.7171,44.9354,12.9689,110.2316,25.397,58.0329,22.5047
5093.75,33.3487,61.6457,37.3114,19.7862,16.0322,95.9456,126.9027,56.1669,15.3792,24.1025,49.3949,4.4244,39.7963,150.4948,19.381,11.8473,25.0883,20.9414,30.115,12.9755,36.2476,15.7025
5109.375,28.2528,26.9778,15.1754,37.6277,16.7197,59.1693,167.0767,47.5476,15.8057,14.3931,64.6468,17.9507,19.7057,101.036,37.2039,24.0122,14.5077,52.3375,50.372,6.109,10.4558,10.6282
5125,20.8793,24.258,58.5747,6.713,4.4788,44.6602,211.7378,28.4588,6.6259,30.3067,96.0556,21.0916,11.0103,67.8467,23.8021,9.7063,20.0003,65.554,53.531,3.1738,10.5399,7.5057
5140.625,1.5928,39.5463,19.6289,24.9835,9.0222,76.3346,195.2177,34.0533,20.9726,20.2366,151.7669,11.6087,34.9517,34.7266,47.9547,17.8876,10.7181,89.1767,41.9567,1.0834,20.0758,5.4397
5156.25,16.6642,45.1025,44.212,29.911,10.4686,100.8213,103.5721,13.999,5.8136,10.2302,98.4696,11.8824,8.4643,19.6357,31.6446,19.9944,16.3664,55.6624,119.2718,4.7092,21.0731,6.1878
5171.875,24.8592,56.9993,36.4646,32.2362,10.7987,91.9809,49.7837,24.3379,12.0246,20.1388,168.6003,10.5103,35.2783,29.7365,33.4416,19.3398,12.8892,38.0678,187.3189,17.2911,10.8261,10.9911
5187.5,29.6246,65.3062,87.7163,36.8836,3.4088,111.2589,65.5151,20.1975,15.2971,19.8079,172.7738,11.6115,6.1974,72.6827,29.1851,21.5237,19.4445,57.6293,119.5442,24.8361,37.3298,9.395
5203.125,27.8172,113.2013,68.6042,28.4739,9.011,54.5219,149.9812,23.127,13.363,21.1879,55.5703,25.4621,26.1022,46.5936,38.9005,44.1189,26.6994,6.9237,58.3733,26.0229,10.9385,14.4522
5218.75,20.3619,29.0777,45.8592,19.9766,11.1748,100.3781,84.4543,26.7904,15.8631,14.3398,15.0035,19.8202,24.3154,28.6532,13.6498,23.981,23.4798,61.7275,110.4936,34.0918,14.1363,17.8134
5234.375,23.7143,24.5743,71.5645,36.3618,6.2212,68.7634,152.0544,4.6213,22.013,13.8275,51.6847,3.5871,25.483,68.5739,18.103,48.271,30.2795,49.9019,128.8401,25.5575,24.9937,21.8529
5250,12.22,99.5977,28.2303,15.2092,19.7725,53.5863,68.8702,18.3169,10.3312,30.1543,139.269,16.452,6.6747,67.9365,13.1996,42.4261,27.8806,37.9634,72.7635,24.0746,51.3222,21.8055
5265.625,23.9794,49.2182,37.7047,31.1626,14.6899,34.9541,81.8908,47.8474,15.3192,11.3547,78.7011,32.1004,53.5733,70.3416,11.1609,33.0782,42.3416,38.4724,135.9679,32.7917,17.8749,25.5707
5281.25,12.5827,74.1681,9.106,6.2012,10.9912,22.9972,12.7015,44.1353,17.5947,21.6157,82.8863,17.4503,53.3236,43.64,23.68,43.4889,20.2691,16.4183,75.6191,36.3099,47.0719,23.8054
5296.875,18.7069,22.4845,33.9603,41.2597,13.4558,52.2111,75.4666,10.1715,21.8419,19.0506,94.2263,6.2281,7.6976,55.0776,11.1721,12.9781,18.5922,48.83,86.1672,40.0705,22.6231,24.6981
5312.5,20.0756,37.7983,30.4873,32.6424,17.5407,62.9019,76.4152,6.5756,11.2803,19.8826,117.1361,20.6918,11.0192,74.4194,41.6969,41.0984,7.5772,69.6757,59.0351,48.1219,25.3521,27.7449
5328.125,11.4611,121.6834,88.1918,18.4412,20.3051,88.5095,91.5881,24.6897,19.6181,20.6089,32.5839,20.4143,41.7944,52.9645,35.3602,10.7477,13.2479,54.0805,59.9026,33.1068,23.9749,23.119
5343.75,19.0671,58.7885,47.9345,17.978,9.1784,97.1643,72.4242,28.9181,21.9039,8.6766,52.1586,22.7371,44.8121,39.2438,29.3123,38.2201,11.1037,61.8454,54.73,29.8044,44.9554,24.5177
5359.375,12.6899,38.4619,46.4054,45.363,21.2357,89.3586,55.8275,23.1246,9.9762,25.0921,112.2646,11.2563,39.7058,36.4749,26.4976,16.7316,21.8073,46.0094,58.7511,26.0116,8.4283,23.2392
5375,12.1611,5.0506,82.9856,23.0964,11.9028,118.7791,161.8874,16.4932,22.2559,8.5083,114.3313,17.2557,37.5743,12.7919,24.5971,15.6443,22.8055,42.8624,81.6621,23.6474,42.4704,23.2476
5390.625,18.5255,76.851,39.4622,36.0456,17.3186,76.7326,114.7614,51.7168,11.6081,34.1354,64.4928,15.8084,20.4473,58.5145,45.6785,19.1684,14.906,68.2699,118.7193,27.5069,30.9549,18.0299
5406.25,20.1343,27.2459,67.6479,29.912,7.9599,40.3905,59.3053,17.2177,20.9648,12.6005,110.8376,18.1945,35.9017,39.3369,17.0388,2.2473,17.1729,40.173,139.5142,23.4524,22.3826,13.2981
5421.875,12.5922,70.4353,51.7085,32.9082,12.5503,73.4136,129.1659,13.4099,17.6589,25.2339,121.5413,12.2555,30.7463,61.7023,18.7863,36.0593,16.5449,54.9901,87.9333,19.3311,48.2294,16.4869
5437.5,0.5274,118.107,39.3769,48.5819,11.1505,84.7908,136.9266,11.7171,18.2658,23.6876,104.2851,17.2379,40.8637,27.3384,15.7774,44.2342,12.655,70.6227,98.2822,9.0944,8.2289,10.3293
5453.125,7.8267,15.4895,44.2165,47.5101,0.8995,75.4947,100.3896,4.9026,14.2225,18.9645,127.7927,9.9587,38.2381,41.9915,8.1663,39.5332,5.3828,47.3337,117.1707,7.3787,13.6304,5.1954
5468.75,17.9571,56.2017,36.2928,62.02,7.8624,54.9037,116.1021,25.7732,17.0414,25.8819,89.6909,15.038,3.0488,37.354,16.0238,53.694,18.5266,53.8584,64.3022,5.9731,18.6893,3.1077
5484.375,13.8286,78.8527,39.2344,19.8877,1.3863,99.3566,94.1913,13.4215,8.1367,12.6694,32.1599,19.0827,13.8799,49.829,17.2313,33.4315,13.4847,19.7081,187.3992,7.8793,8.4389,0.7878
5500,18.5334,38.1039,26.6987,27.6057,5.3094,94.006,129.8562,12.0072,9.5126,23.6533,91.4327,5.456,28.7689,37.662,8.3733,22.6808,7.1089,23.4571,139.0521,7.7545,11.9194,6.9383
5515.625,14.2642,42.2291,31.5132,15.9344,5.6758,98.6993,162.9204,17.7163,21.0298,17.9599,51.7025,14.4433,12.7326,30.6298,19.6981,27.89,15.4824,16.0516,168.0699,17.7275,18.7521,8.7701
5531.25,16.4978,21.8285,28.4923,10.7269,9.8437,106.4936,103.2523,52.804,9.9298,8.8559,95.9429,23.17,9.4287,45.9075,44.9023,6.6135,12.9028,45.1155,119.6122,14.6834,15.7649,16.2273
5546.875,19.3035,90.1395,30.0458,3.7714,12.2214,116.2583,83.535,31.2877,14.592,26.3204,87.9783,8.5169,25.0034,20.3047,35.2529,29.7478,30.9308,34.2897,52.6024,24.4414,17.1561,17.4953
5562.5,17.9677,47.5934,86.9495,27.6699,13.4519,54.1438,96.5816,43.9597,15.0517,13.6037,58.5115,11.8973,36.8475,58.2425,32.6229,20.7763,21.0095,45.7912,86.2291,32.0543,44.7874,21.0252
5578.125,28.3979,51.9336,80.8562,62.1017,20.9461,67.2423,109.0546,21.4187,21.8469,28.1621,23.9503,14.5578,21.0569,53.0815,9.8611,15.175,16.9503,48.0601,17.4676,37.5815,1.9491,25.4345
5593.75,7.6699,90.8052,95.0328,41.5035,19.4555,69.8878,113.4544,17.1985,9.4979,22.548,21.5634,26.6282,20.8888,98.5671,38.603,45.6759,24.3031,49.2152,60.4865,44.3243,37.1809,30.1762
5609.375,41.5974,78.2978,28.8902,40.7839,30.109,82.7765,31.4913,40.7874,20.3586,33.2908,12.7623,22.4334,27.0161,94.5367,24.4184,30.4821,14.5059,59.5534,55.5859,44.9046,39.4753,35.7516
5625,18.7341,45.3137,64.6621,41.18,28.1155,50.4145,175.3909,26.0914,17.5057,32.7021,53.9537,11.9206,14.0614,121.4774,22.2707,23.919,34.3243,36.9133,126.0677,47.0662,13.5619,33.9718
5640.625,41.989,41.0955,23.8049,30.6983,27.9693,71.4567,215.1268,21.6864,18.1634,32.0675,60.3439,22.1969,29.3848,86.2017,50.797,25.5048,36.3995,31.6421,84.1847,33.9796,43.3475,37.8229
5656.25,27.3777,83.4499,60.447,14.6961,31.1042,92.2812,188.802,37.1283,20.6772,34.515,116.3522,31.3978,38.5313,121.9973,33.7291,30.7256,27.2681,46.2425,97.8402,47.3179,37.7289,46.0802
5671.875,51.9954,29.9266,44.6316,48.6775,41.0846,62.8486,44.3161,38.1269,20.6876,42.0768,135.6025,19.8128,25.0042,80.521,36.7249,57.6742,50.1572,28.3713,148.5241,54.1623,20.6208,40.1069
5687.5,28.8119,43.295,55.2095,41.4678,34.2288,26.1499,53.0796,38.9613,22.891,20.8592,120.9228,18.7837,35.9069,92.7087,11.5777,27.6334,30.7989,37.1775,136.4914,54.7361,41.0644,46.9714
5703.125,46.5324,48.4303,50.5472,26.9178,40.3859,76.596,196.7768,42.8177,20.7302,52.8526,112.4671,28.9087,22.8463,58.1543,73.2146,72.8524,45.4385,18.7697,168.4653,56.8213,46.961,44.1106
5718.75,39.646,83.1685,19.9919,28.8632,41.3732,47.4923,189.2735,42.6349,19.6928,30.9738,63.6952,22.5619,13.8927,95.3226,24.6508,44.5035,31.6215,33.1445,70.0033,59.8707,9.9906,48.4214
5734.375,49.1559,96.0032,24.4434,31.0312,38.512,17.6544,210.837,30.0119,27.5944,36.0338,80.8815,33.6767,30.8968,57.1495,49.6882,42.241,53.6456,29.6731,253.0347,49.2261,59.7738,45.4013
5750,21.9206,66.3063,76.4332,23.4486,42.5755,78.5064,118.7517,59.3587,20.3371,41.6985,136.8615,16.4402,8.4463,107.0332,49.581,51.081,44.1479,17.7748,313.0715,43.3184,35.2495,43.8959
5765.625,69.0516,92.6752,29.3854,34.4593,43.3114,52.0443,43.2716,25.23,19.7769,51.0544,153.4112,20.1669,41.9525,80.588,29.8174,11.8615,40.0025,59.8478,222.4909,49.3631,9.7187,48.4979
5781.25,17.2389,35.1545,69.5626,34.2066,41.8509,46.7232,177.8707,51.2041,26.1278,44.6374,211.6454,34.6652,36.8234,126.6566,65.2781,18.043,39.7747,62.3321,73.3345,43.4993,35.0199,43.5064
5796.875,61.6806,164.5016,66.1498,18.8005,39.8773,70.2849,205.2578,53.8999,20.8391,50.4097,223.6413,27.8744,11.4905,74.4456,28.0507,20.9007,39.5066,51.3505,72.013,51.0886,33.449,42.5112
5812.5,24.0665,140.845,28.6819,43.7126,46.0548,108.8508,237.334,26.8448,19.4768,52.7177,109.5431,10.076,27.3165,63.3764,15.6526,43.5762,28.4821,62.809,82.1653,42.1679,12.5007,41.8249
5828.125,40.8095,160.1222,78.3585,23.9993,34.2952,49.9871,162.2297,75.6179,20.7602,43.3392,116.9441,31.9539,18.1343,24.808,51.2765,21.5847,48.7645,26.4313,106.9442,45.031,24.4798,39.0673
5843.75,42.121,73.1385,72.1039,23.7586,35.0052,88.8188,165.6807,11.2672,19.5653,42.9963,182.6356,1.771,17.0386,88.7313,23.478,38.161,48.3521,36.4752,158.0693,29.1081,12.9022,35.609
5859.375,30.6058,68.1353,83.4825,12.0991,32.6249,136.0847,159.2278,44.4875,15.5182,38.1157,63.6946,30.4866,38.4783,40.4152,32.0234,47.835,41.6336,45.0775,74.374,32.626,23.2283,34.8235
5875,22.7903,83.5629,49.2329,4.933,34.5372,107.8398,63.152,31.8422,13.3614,33.1516,123.521,32.6323,4.0967,41.8731,55.346,18.0018,44.2303,6.9955,205.4593,23.5443,6.8153,28.0276
5890.625,45.2962,89.6587,70.3842,56.8865,29.4167,82.8377,81.2058,54.5779,16.4273,29.0143,181.3047,11.6884,53.8942,38.9395,24.731,42.9373,31.0088,13.0018,279.9312,25.2839,19.7647,26.3993
5906.25,26.7583,173.242,67.4307,37.6568,20.8285,58.4835,106.1962,36.5362,13.1485,26.6982,120.6655,21.8711,39.1829,67.1541,48.2761,18.9005,18.5886,32.0544,134.677,25.9216,9.9232,23.1607
5921.875,50.6566,72.954,61.8113,17.7732,25.2388,55.3923,118.136,19.3252,10.1005,21.7391,129.2487,23.8502,22.7825,44.076,12.1174,12.3075,19.5471,61.326,59.2876,22.3399,7.9851,21.0758
5937.5,23.1103,75.1175,38.4008,44.4428,13.8287,80.2093,84.6431,23.8029,7.1824,20.0859,189.625,17.9466,25.9109,68.3152,23.4088,17.5975,27.5731,15.3346,66.9246,22.99,15.3553,16.0147
5953.125,7.338,116.7245,59.5356,29.6551,19.7414,88.8228,209.9684,8.321,7.7321,21.232,100.4905,10.3526,42.5212,67.3322,30.9798,8.1863,11.0088,21.239,174.2965,26.4887,26.6156,16.5758
5968.75,25.3885,64.2858,75.0574,14.983,14.0221,139.2291,176.7101,35.964,8.3099,15.8972,26.0556,11.6665,43.4962,74.6718,14.3939,12.7017,18.4357,18.4225,79.667,24.0276,6.9171,12.9347
5984.375,23.3964,140.6381,67.9878,35.1366,6.8744,56.8791,196.6363,28.6939,10.3248,8.4617,4.2762,16.1081,13.3567,65.6448,28.5791,9.6821,7.4554,43.3328,9.2772,19.7576,22.469,15.0767
6000,11.9302,29.53,46.0842,20.9767,2.0991,116.5982,205.2271,22.1427,10.1048,13.4993,4.8467,14.8231,13.8866,79.9086,4.2315,24.1792,15.4141,29.0497,35.3201,26.1576,20.8816,12.8961
6015.625,26.5063,129.5972,30.6595,31.1921,10.3456,70.7384,153.8801,28.3133,9.8887,35.8745,14.6994,25.3931,14.5689,64.7051,26.5566,25.6821,21.6037,15.9893,111.7933,21.0227,15.0011,20.5826
6031.25,20.6344,119.1235,21.0509,64.9259,14.4172,121.5173,33.846,32.0639,10.1185,8.9033,55.912,13.9864,10.4742,38.845,45.8225,8.7887,15.6811,11.8721,111.9099,26.8684,19.017,14.5978
6046.875,45.0875,118.5035,29.1296,38.9197,13.6076,65.6761,114.2038,37.3095,10.3119,40.4024,85.4579,3.0972,22.0394,42.317,37.9321,12.664,25.6032,67.0605,17.7296,31.5107,27.0924,26.0734
6062.5,8.7817,126.3397,33.6724,7.6726,19.2952,69.4207,191.5931,39.5012,8.4598,19.0928,88.7838,16.2169,44.7478,45.4256,35.6461,21.4079,20.9835,27.43,123.0629,34.529,20.9409,25.0501
6078.125,30.6401,75.2162,8.7522,16.6703,14.5709,25.6074,159.1534,27.9193,12.0953,29.5089,69.0063,24.8964,29.1884,33.9922,14.2189,14.1161,50.4404,34.045,78.0733,42.9422,12.1921,27.9479
6093.75,28.4844,197.9803,24.5952,23.1134,26.9871,68.5419,94.6435,42.3431,19.6001,24.5034,107.2332,21.3416,43.8609,51.0977,26.2471,47.3387,25.4262,38.4916,34.2785,42.3694,38.587,31.1401
6109.375,32.1751,235.7227,47.9792,13.5355,33.4783,158.5693,123.8824,2.3776,24.3129,39.6715,74.5224,31.2935,57.186,87.893,48.7568,25.6345,35.489,51.6842,157.1871,37.1822,26.902,31.986
6125,40.182,149.4906,31.7094,36.3105,30.4626,115.3776,122.3157,32.7992,6.8439,38.8103,86.0714,19.4521,49.4768,74.6058,23.2564,42.18,30.0478,69.0272,94.8571,40.5505,11.6384,35.8128
6140.625,11.6787,54.5327,62.646,28.6752,28.7802,167.015,45.5753,62.055,31.809,17.7411,89.1091,40.0672,22.9407,82.4876,23.3331,31.8791,31.1091,55.9674,125.0196,30.2738,35.3075,34.7732
6156.25,53.2878,150.9546,24.8153,86.7159,37.7651,145.8205,35.1603,16.0414,14.8119,46.2907,179.3386,45.8492,54.7894,47.1378,36.1727,16.5087,41.8643,100.0492,141.7928,33.1424,21.2405,39.2311
6171.875,34.5587,86.341,41.0457,53.2789,40.3631,151.0446,119.7414,64.0611,26.4536,32.9905,75.5814,41.4359,81.1434,41.5276,72.1284,12.7358,32.8724,78.9614,39.3146,42.4309,12.9523,39.8489
6187.5,46.7749,53.5714,13.9525,43.8742,38.048,52.4009,226.1483,32.8,17.2852,42.5078,34.7701,22.5846,33.8431,58.4998,47.0571,33.0025,52.9838,67.3534,92.1446,41.1639,24.3213,39.2142
6203.125,19.7361,101.4071,84.8567,61.2737,36.783,130.5003,82.4169,45.7497,19.2034,29.0684,68.5941,47.494,141.8626,36.8784,17.961,18.6581,26.4695,49.6207,177.7231,43.5308,20.4526,40.4554
6218.75,54.4571,45.2718,36.0599,6.3052,42.5396,50.8,37.2688,45.6048,32.6156,39.5216,91.184,42.9109,97.4824,67.1636,65.3528,33.1734,67.0603,38.2956,60.157,39.045,21.478,39.9517
6234.375,25.7488,108.8838,76.9962,3.1177,37.6173,5.5369,108.7846,44.158,18.3267,44.8325,127.2732,28.1395,40.4881,85.0217,29.6636,9.9826,38.3474,58.4164,116.8878,36.5891,23.301,36.5864
6250,49.7717,133.38,107.3717,59.7241,45.3415,71.8308,158.0653,57.1591,16.139,14.3339,132.5673,8.878,10.4001,54.4046,51.4512,49.1782,34.7786,15.468,136.3123,36.8977,8.5756,40.8529
6265.625,40.0135,84.532,80.7108,43.2271,39.5708,42.984,132.2502,30.4292,13.2804,52.4202,219.4454,19.5478,24.2971,75.6411,33.8064,43.7613,29.4596,67.9777,52.2457,37.6429,17.4779,38.1819
6281.25,44.562,51.2356,77.0264,51.9447,33.1142,45.13,70.38,49.8137,24.2659,50.7309,164.5605,64.822,20.886,67.8953,45.645,38.0387,45.3851,60.7122,38.5289,39.3741,23.2198,34.6497
6296.875,19.5513,74.2238,24.7745,56.7955,36.5274,100.0109,77.435,30.1287,28.277,30.0222,97.8277,50.8613,16.5186,66.6041,16.2019,49.5105,56.8272,54.7487,144.4438,36.1943,21.287,33.2413
6312.5,55.2995,88.9009,49.4092,17.5615,38.6024,83.0015,57.236,33.9779,8.5651,57.6888,82.619,28.7528,28.3436,59.6265,26.0746,15.154,32.3555,52.9553,147.5401,30.6833,13.1468,34.6138
6328.125,24.53,38.0265,81.5282,16.4204,34.2497,47.8933,129.9863,25.3727,7.0671,33.0907,30.1702,22.6534,6.1604,101.6272,55.1027,23.1853,43.9119,53.7623,192.2124,31.3547,27.8467,29.7458
6343.75,37.2304,111.4131,64.6061,23.9849,26.714,87.8581,57.279,36.6994,19.6791,29.9633,63.4095,41.2411,47.0204,44.4667,25.9353,28.9835,35.7134,42.2709,69.664,30.0989,17.5432,32.5539
6359.375,26.9981,161.2207,77.6895,25.6836,29.5495,64.9456,56.9958,39.6179,29.9157,44.0389,124.1008,39.1567,13.2114,53.7495,54.8686,29.4278,50.9084,31.2775,85.7145,31.7512,18.0563,24.4127
6375,21.3286,206.1205,38.9914,38.8972,21.4802,38.3109,79.5066,13.0857,9.034,30.5697,125.2362,21.4735,26.9457,20.7381,15.3961,33.0375,3.0829,42.7716,31.9539,31.4486,15.1145,27.1348
6390.625,18.0977,88.8319,48.2682,12.4204,27.6139,32.2965,134.9879,22.2862,7.9813,30.8207,22.5134,6.4386,14.6642,37.7663,18.7979,28.925,41.453,40.5662,123.9819,31.7855,30.2005,24.5969
6406.25,35.2505,178.5143,32.1864,44.9668,19.7122,51.2954,79.2107,31.4399,24.133,27.7987,86.5619,29.4231,22.6399,20.4606,31.0718,14.6083,23.591,41.6674,67.3648,30.1921,16.957,25.298
6421.875,11.2232,186.0881,17.1688,45.3393,13.7278,54.0692,41.897,31.091,19.3878,8.0442,82.4001,54.0714,44.4728,47.459,27.7369,2.9821,10.7425,40.799,75.5982,29.459,16.2841,21.7971
6437.5,33.965,161.9093,24.8291,41.3429,17.1168,83.4739,40.4078,23.3052,14.2776,21.0121,69.2017,20.6327,25.9455,39.6138,66.0436,41.5885,19.1677,44.8758,92.7025,31.5244,27.5172,21.2189
6453.125,12.797,299.0692,82.1476,37.1079,24.266,80.3391,41.0178,10.4125,18.0285,38.7329,133.7339,18.9634,33.3402,104.5585,6.9775,21.4384,20.617,70.241,79.5009,30.0058,24.1931,23.6765
6468.75,4.9107,267.1496,60.3616,31.3565,12.1453,120.5662,121.6186,26.4965,13.3852,25.4677,105.2314,3.4841,97.9733,75.3666,46.2329,27.2016,29.7705,12.0059,54.0926,29.1244,22.8653,24.2227
6484.375,37.6274,153.7153,58.6905,17.3671,23.432,50.882,101.9105,41.0541,16.1269,32.9396,107.4671,18.2914,81.3238,37.0636,9.7376,27.1065,9.9513,19.7429,27.8731,28.3083,25.6202,24.6425
6500,14.099,133.6778,53.9742,36.3038,20.0484,95.1248,76.1171,23.7057,34.0523,30.3979,69.4841,39.7574,60.7013,25.4058,51.5091,25.3162,57.6563,10.5684,15.9615,28.4836,15.2757,24.9019
6515.625,15.3753,93.0376,32.9686,53.086,30.2988,40.3728,128.0042,42.1914,20.0886,18.4766,117.1293,37.1489,93.7756,81.1774,77.4896,21.9352,29.4112,119.7229,114.584,26.0237,39.8337,29.6545
6531.25,36.3075,47.5186,66.2847,56.0329,22.147,48.0917,84.9709,38.1275,20.2872,61.7197,189.4068,8.3213,83.9785,57.5881,66.4047,23.2417,66.0125,102.4677,175.7877,30.8288,13.6278,28.3954
6546.875,31.8203,103.9921,61.9226,60.9554,34.003,52.8667,109.7522,5.9556,17.2257,39.1663,233.624,23.2448,50.8003,77.8143,87.2647,27.1824,25.4257,56.0995,120.216,32.1293,22.8286,30.6917
6562.5,27.4775,222.4399,39.1552,26.7158,34.1733,72.1615,73.9047,52.7391,31.6691,23.5365,350.747,29.0038,88.6304,54.544,84.2427,20.8964,72.5992,30.3492,72.2468,35.1179,30.7203,32.5101
6578.125,31.6136,161.1425,113.7369,39.3453,28.7222,78.1298,93.5113,30.5013,20.6499,22.0576,207.2901,22.9923,12.3099,56.8021,65.4768,33.934,30.8701,58.4889,140.1423,36.828,19.098,32.9145
6593.75,57.76,226.408,94.7558,60.7056,44.2019,51.3176,111.7307,64.0392,35.6512,76.8554,137.206,46.6501,64.8404,80.979,32.3783,51.7773,46.2093,68.6727,119.4095,30.3551,16.7156,34.8342
6609.375,43.8896,214.0942,75.5648,39.7903,36.6409,72.7058,112.982,26.0621,23.6007,22.0096,102.3332,13.2125,11.3701,36.2756,47.1707,29.3351,58.9117,103.7823,68.1462,32.0672,27.2907,33.8249
6625,60.1174,53.8694,33.9254,67.7229,38.4712,135.3244,40.3094,50.5813,30.0238,40.2031,114.2653,26.4244,26.3605,59.5587,51.2767,41.6918,21.6117,154.1913,90.3053,20.8699,18.5025,35.937
6640.625,64.3279,49.0165,12.0581,18.203,42.1382,110.9351,41.9655,64.9273,37.4573,75.4992,189.9064,38.3547,51.6377,87.9894,51.1713,52.2421,68.906,109.7536,47.5207,28.9182,23.6427,35.5292
6656.25,39.1168,129.2988,40.7448,77.7526,43.4791,118.0383,54.0735,9.1976,32.7778,10.4505,107.1841,28.1908,7.7735,66.9452,34.3174,6.3885,5.413,108.3091,44.7942,34.8698,16.5505,39.5727
6671.875,74.0768,62.0534,31.5337,77.631,38.6536,98.0094,74.7746,65.8229,24.1126,39.7712,28.2869,23.0298,4.4676,82.8802,49.23,41.965,82.2853,68.1165,71.4247,34.4072,20.2942,35.1701
6687.5,31.4822,73.4264,25.5007,66.4615,42.0353,164.2516,92.9326,56.9981,29.7279,66.7098,136.6894,28.6926,55.5322,92.5312,96.401,27.4576,4.2069,72.7114,71.199,39.1136,12.9915,33.7087
6703.125,47.7593,86.8779,73.5473,82.6268,46.3162,133.2648,23.586,37.1653,31.0694,39.7322,133.9448,19.9954,17.677,91.8348,16.391,23.8623,87.2184,106.4777,41.6701,26.8062,26.049,36.5836
6718.75,36.4184,174.4268,104.1584,25.7667,35.6393,109.6182,53.3986,45.5438,33.1558,26.9203,117.3768,29.626,22.4735,61.429,50.2565,24.5065,36.2531,1.1224,45.3181,26.9352,16.4815,32.3108
6734.375,38.4799,150.0368,96.5328,41.0207,34.5384,149.6341,63.9565,20.4903,32.7141,53.8217,85.5802,41.5261,45.2066,79.4637,17.3294,17.1521,53.8295,93.694,69.5544,22.6435,20.3132,34.3777
6750,46.0154,36.9405,80.6932,54.0924,44.0769,65.8192,64.86,69.3268,6.7427,37.0888,21.3505,11.2974,9.8815,98.7488,67.5235,33.6591,16.0745,27.8857,141.0541,23.5607,17.7485,30.0716
6765.625,36.8553,134.7627,49.1983,31.2445,27.6597,127.359,78.0944,16.6549,37.0007,16.1894,32.9969,38.4352,37.5901,86.6323,26.4503,28.4423,67.0849,75.767,92.7438,25.1737,14.8735,27.1646
6781.25,16.0375,111.4204,71.9825,48.0233,32.8339,90.0696,45.631,40.9523,19.6722,57.3729,48.5532,25.4313,19.0533,37.7448,70.5162,19.6651,14.6346,95.4772,64.9621,26.0727,7.3049,26.5067
6796.875,52.6094,75.5303,33.5073,37.201,33.2607,53.7483,23.8956,32.9185,33.6781,29.76,127.8031,21.6199,31.3616,61.8199,38.4249,33.0963,42.4978,51.6117,51.055,21.3805,21.2223,24.4266
6812.5,51.0875,48.9819,23.4323,57.9445,24.3536,67.2636,68.5465,26.6307,19.6293,19.2417,96.921,7.0847,5.5376,13.89,66.8868,18.55,25.8638,34.6209,88.3478,15.8631,8.4482,22.6332
6828.125,55.8256,51.8188,58.9539,47.3659,24.4593,72.1858,47.5726,37.703,18.7682,48.4868,66.1098,25.4958,14.7048,29.6467,32.6106,11.9158,34.4961,124.4319,91.3446,14.5441,20.6855,18.2636
6843.75,28.7259,55.5955,59.1107,24.2437,22.3644,184.9004,40.296,21.1501,25.5652,20.122,29.8856,20.8519,4.4398,24.776,54.6224,25.7852,17.4775,15.0712,62.1156,9.9136,15.6002,15.5588
6859.375,69.9908,68.7885,70.9994,39.3071,12.5453,101.0157,40.226,18.7718,6.0811,18.0736,39.4669,22.5793,21.447,34.6094,22.6676,15.1417,35.2336,64.3772,35.5965,12.2593,20.9568,12.9785
6875,37.4165,61.6937,48.9851,14.0587,17.7791,45.6416,69.4711,26.7391,28.3121,17.6128,41.1351,5.4985,25.7953,102.1541,25.1861,24.0465,41.7519,72.2768,63.1922,6.3403,16.3346,12.1665
6890.625,23.4456,28.6307,38.1316,52.2046,8.9282,130.1591,20.2114,20.0865,14.3363,17.3711,62.3393,19.6521,10.6865,71.9591,46.6071,35.8006,42.3933,65.5447,56.8883,6.073,12.6617,7.7156
6906.25,30.4777,58.7236,15.8292,25.2349,5.5407,45.9166,54.347,25.3733,4.546,1.9972,71.8189,7.209,25.8097,38.212,18.1005,19.8653,26.1259,103.3523,21.0431,7.4158,9.4344,7.5589
6921.875,34.9824,131.1484,10.5148,18.5217,9.5174,130.6928,54.9721,26.2443,9.3991,23.1926,31.6633,20.7509,13.4375,48.1516,38.1576,34.2083,15.291,61.3457,77.6877,6.1931,10.2159,6.4144
6937.5,26.7089,89.4333,16.2351,17.4068,4.5158,63.6229,89.5057,26.1702,21.5428,10.4791,31.1653,7.6969,22.715,30.1318,15.8794,13.046,4.3864,34.4164,102.8637,12.5589,13.5398,9.9163
6953.125,15.5838,54.4664,50.8089,20.4767,8.0441,119.4139,108.1053,26.3414,5.8207,21.8314,40.7785,5.8203,20.9347,27.9195,21.92,15.9876,15.9269,75.4392,31.7038,7.6962,8.9507,9.5868
6968.75,17.1999,80.028,37.2819,19.5154,11.7317,31.6291,58.2482,4.1183,8.0236,2.6703,26.9319,3.2191,21.0701,25.2716,21.2739,18.8194,40.9989,46.6626,120.9062,18.2715,7.3255,12.7714
6984.375,8.9951,89.4249,38.6655,33.7386,11.7986,40.4072,29.9289,12.1017,6.4013,23.2812,20.6913,7.8862,12.293,39.6881,12.9058,9.7935,19.1,29.1993,55.8587,22.9407,18.6711,13.322
7000,19.2009,41.4833,20.1157,38.8125,16.8566,42.1208,38.5894,24.4077,16.3939,9.4711,0.9883,18.0416,10.0688,54.4153,5.0866,12.8665,31.933,23.9871,41.5567,24.5147,14.3235,17.2097
7015.625,16.3804,74.1631,31.1031,35.6458,13.666,16.2912,46.3768,23.0268,9.9057,32.6717,32.7601,14.9338,13.8311,21.8366,13.9157,16.2672,21.416,18.7973,126.9443,23.6202,21.1025,18.4426
7031.25,16.8182,39.6772,17.7401,23.6088,22.8156,34.5711,30.1264,29.4216,5.5683,12.1942,69.0332,16.1596,4.2486,28.585,25.8213,9.3624,46.0754,28.2499,97.8113,21.9797,13.7264,21.5022
7046.875,42.8909,67.5444,7.4539,2.5905,21.1105,72.9263,38.2909,29.6642,8.0296,18.1743,87.0823,5.9017,21.2621,53.406,31.7621,7.2378,53.0289,56.3433,73.2137,20.084,19.2169,22.5416
7062.5,9.8187,61.4725,15.0115,10.3487,24.5835,59.925,27.7815,18.7753,6.8109,30.8063,72.8047,6.0907,18.2337,45.2672,32.1121,10.5473,47.5166,58.3738,84.9378,31.0257,14.5542,24.0676
7078.125,31.5313,62.6787,19.245,6.4643,22.2804,45.9224,40.0878,32.8534,15.0597,18.6004,68.2791,11.7185,17.0717,55.4192,49.1608,6.7956,22.71,16.9871,88.3903,29.1509,10.8306,24.9035
7093.75,29.7268,72.6188,37.3174,12.5491,25.3261,61.4294,16.6605,35.997,8.272,25.4527,70.5602,22.8369,15.7802,58.8358,40.9058,4.0765,40.0343,40.7118,125.2738,35.1983,12.7514,26.8642
7109.375,25.663,32.3777,26.4848,10.5284,25.2303,47.6781,34.2076,16.6639,11.5857,29.8398,50.7213,18.7891,9.0747,62.6392,40.8,6.3985,35.8957,70.2417,53.0379,27.6161,26.4333,22.6837
7125,30.8015,23.7532,24.7405,4.1287,25.8892,51.3648,42.23,28.6068,31.1098,26.4087,55.2284,26.5958,23.7776,43.6261,49.2482,11.0773,17.3937,68.0709,37.8531,23.1369,11.8616,29.0208
7140.625,26.2251,35.1754,12.0382,31.3887,28.5259,37.7261,41.1105,20.7889,18.0383,27.6256,80.2186,17.0831,22.2445,17.3699,53.6487,2.1926,47.8139,17.1425,145.063,28.7479,24.4815,26.7888
7156.25,16.3393,56.9305,19.491,30.6771,18.2408,9.1533,39.5715,45.0357,4.316,25.946,66.5502,23.5768,11.0503,7.8647,29.8829,9.1812,23.8531,23.9205,89.2176,30.0298,21.9895,25.1055
7171.875,24.8183,53.7585,22.7449,12.4379,29.5998,66.8189,52.6857,21.5185,7.2233,34.1774,67.7734,18.661,26.6393,8.3607,30.3133,15.046,34.4242,57.3739,74.1187,28.3707,5.5653,25.2472
7187.5,31.8043,78.5302,12.4543,38.3745,24.4457,29.9759,36.2965,25.3648,10.1678,20.7551,50.0569,19.2159,20.4177,46.4571,30.8659,9.9534,22.7337,74.7852,88.3419,34.1152,15.3555,23.6366
7203.125,18.932,51.7093,9.516,24.5304,18.8254,33.174,60.0766,23.8189,20.63,19.3133,67.8071,9.5377,9.2483,59.2594,14.2372,22.1598,34.0849,25.8656,63.2695,28.009,15.4709,23.9573
7218.75,25.0639,65.8932,24.2116,16.4102,23.9872,68.5686,9.1287,23.4472,18.0454,22.6082,51.5727,19.3234,11.9956,82.4348,45.1918,7.4174,64.7821,35.9243,71.7308,19.6163,8.4382,22.5652
7234.375,18.4427,56.1665,2.9291,30.043,15.0128,66.7742,10.0147,20.3919,14.0942,19.3736,26.1219,38.9361,31.0527,51.3112,5.0069,20.0928,26.2489,26.8142,48.5146,15.9807,14.8283,16.1673
7250,14.508,93.052,17.5746,39.6322,16.2883,51.2981,23.2072,21.1595,12.2269,8.9989,30.0669,15.3136,1.8873,92.8182,11.3535,12.9788,26.8884,31.6972,14.969,18.3372,16.3527,19.394
7265.625,23.9197,69.415,24.857,70.6427,21.8777,68.7322,56.5528,21.079,5.44,24.6334,64.17,12.0526,15.1492,81.1376,12.597,15.7123,15.1438,5.7674,33.169,14.7584,6.1134,15.3122
7281.25,2.0783,25.1063,3.6384,38.7536,17.211,15.4204,25.2683,21.8832,13.2991,17.6792,55.5423,27.3714,10.8734,22.1511,26.7016,20.3836,14.4954,18.0654,33.6257,8.0468,15.4915,13.4846
7296.875,26.3028,72.4838,15.6234,47.8897,7.8917,18.1809,35.9127,9.8096,6.0814,3.0388,43.1714,9.5998,21.0403,47.2903,12.5093,7.1932,34.0459,18.4412,44.5717,13.2858,6.0315,11.944
7312.5,17.9483,9.7385,9.24,30.681,15.0166,26.0991,3.2936,18.1927,16.0565,14.9151,31.6362,11.4175,27.3466,52.1852,8.5267,8.741,16.585,30.0348,46.7604,5.1416,9.3299,10.6999
7328.125,15.1998,37.7507,16.8837,33.4956,12.6103,15.0684,35.1087,7.3441,6.6218,20.2151,26.429,7.3891,9.0203,37.2627,29.0099,13.4516,31.1844,26.5018,18.9146,6.9443,6.6325,11.1877
7343.75,21.26,26.2148,37.4444,37.33,16.8261,6.6197,74.6361,26.4713,31.7478,12.7242,9.6706,17.2683,35.4767,45.4734,20.3589,10.4427,20.6076,29.7839,44.3839,9.9226,6.9371,8.0314
7359.375,19.2285,59.228,21.5557,8.4511,16.2223,25.1563,45.847,30.2772,17.3215,21.2908,27.3428,20.9932,7.7825,8.4924,27.877,12.8296,23.3205,16.6864,65.4302,6.2682,5.309,9.7358
7375,12.147,49.3625,16.3304,5.273,13.7226,19.0988,27.5839,11.578,8.3479,13.377,26.8025,8.3206,21.9474,36.9276,14.7159,14.0398,24.426,7.871,44.117,6.411,7.0695,12.2557
7390.625,25.3078,60.0587,44.1665,27.6006,17.3329,13.6461,20.3228,11.1632,24.2931,12.7333,28.2514,25.867,28.6918,57.9719,18.9089,9.8256,27.4291,38.9161,46.4134,12.8491,6.9647,12.4681
7406.25,20.4931,28.725,7.262,13.4126,23.3015,33.318,23.8065,25.3019,21.216,21.8177,41.821,3.7659,14.8483,55.4127,29.8271,12.5514,18.3596,9.9731,69.4109,8.3625,3.546,15.2884
7421.875,17.3471,57.3326,27.425,27.766,24.1073,11.3529,27.6039,22.083,8.1849,33.6239,9.1903,24.0937,29.7546,64.1724,19.7654,18.5231,16.9903,40.9654,14.6772,14.4202,5.5178,15.4034
7437.5,27.7472,12.9283,8.6625,26.5141,21.8918,11.9916,34.0269,32.8942,19.8856,10.9978,3.8904,12.0483,10.6563,65.7006,21.9336,11.3738,29.8381,34.7028,26.3329,17.2195,5.152,21.7303
7453.125,26.1756,28.2049,42.6328,5.6255,26.9967,40.0279,57.8795,21.9924,11.3384,32.6222,50.1185,10.2079,19.3316,27.5702,24.148,17.2364,17.6924,34.5566,26.4049,26.0523,7.7642,21.4087
7468.75,35.0829,13.6182,17.6885,28.1869,29.2471,33.1363,40.8262,30.8942,14.6784,27.678,33.4838,19.4449,19.0524,44.0084,26.6056,10.4242,39.9993,30.1634,38.0247,28.136,5.5769,25.3397
7484.375,27.184,45.6045,29.7788,12.7718,28.5875,51.1823,21.5644,30.6183,17.2715,28.309,24.8032,16.3473,5.0497,5.6896,14.6992,14.403,27.9484,12.8012,40.8256,27.7065,3.2479,25.6927
7500,21.3664,18.1863,11.7074,14.2008,30.0809,41.0985,5.9081,39.4933,15.558,35.8099,45.908,9.9235,21.5224,1.5782,31.1536,13.9483,39.9089,10.6298,30.0175,24.7565,16.0538,27.9368
7515.625,39.2964,33.2521,26.8521,37.8143,32.1131,7.4541,26.3544,21.9584,10.5779,29.5301,6.3169,10.9634,20.6364,37.5143,30.0019,11.9926,21.1994,41.9404,51.392,22.5311,8.4667,30.7666
7531.25,37.6226,27.6691,5.687,18.5266,36.5438,48.5392,12.6935,37.5629,10.6708,30.2672,24.9558,12.9543,12.3784,24.6992,34.3657,16.0795,34.5662,23.9776,29.7851,25.9221,8.9769,29.9632
7546.875,47.3746,53.895,26.7283,35.9903,33.582,12.8698,15.9007,37.3512,20.9352,37.9713,29.5681,26.0397,33.2943,41.0991,16.0912,13.1666,33.824,24.8502,37.9437,34.5013,9.1434,32.0321
7562.5,29.1837,25.194,4.3985,13.0939,31.6809,26.1056,21.6782,35.1199,15.9124,39.0342,28.5859,10.7711,14.7631,24.3916,46.1326,16.8884,44.2744,28.0871,69.1942,36.9675,12.5337,33.2053
7578.125,48.4959,32.6629,29.2519,26.995,40.374,32.7334,71.4875,33.6715,5.5298,22.3855,45.0824,14.5778,17.9421,5.918,23.5095,15.5782,24.8369,8.1136,5.0546,34.7701,12.5758,34.022
7593.75,42.2618,8.8085,3.5299,19.2184,31.5265,17.1117,1.6476,36.338,20.334,44.0464,22.9312,18.9094,34.3543,19.5154,20.3807,13.6111,51.5493,14.2632,46.7039,30.1334,9.8169,33.1446
7609.375,27.7494,25.8302,24.1067,9.5204,38.5445,35.6032,11.0973,34.0952,17.463,33.3604,24.32,19.2401,11.5228,22.6033,40.7745,20.828,36.4028,12.2801,68.8937,29.4627,16.2606,35.0164
7625,54.1616,33.566,8.4902,36.3805,35.6733,51.4359,40.0787,42.3125,11.9056,40.8181,45.61,10.8344,23.6623,7.7264,8.8238,9.4754,26.8733,34.9402,12.6576,30.4655,17.6361,35.8979
7640.625,34.7669,22.6401,27.2445,8.845,34.9285,36.0579,11.1973,30.7963,18.221,35.0922,12.0919,28.667,23.8144,17.7383,44.2398,20.6128,43.6006,19.9723,56.9262,33.8791,12.8528,32.8934
7656.25,16.9366,36.4656,11.7263,29.4195,29.1502,17.2178,17.939,37.0207,25.8132,36.4706,22.0581,11.3876,18.344,28.4516,8.0827,19.4013,35.5492,35.3133,64.2188,36.0977,16.4221,33.373
7671.875,43.5611,14.8358,31.5557,33.2846,33.7151,46.6923,32.4109,34.227,17.222,29.6757,30.9636,29.4561,17.7051,15.0723,44.1295,13.3053,40.6525,18.0091,9.6512,35.5749,17.1921,32.346
7687.5,33.0641,28.5595,13.0462,12.2186,36.2869,24.4302,31.0214,44.4391,17.7491,37.4127,37.7175,25.0582,14.0453,28.3796,19.609,24.4474,22.5085,39.6333,70.6683,27.4925,21.2548,32.4837
7703.125,29.4395,49.0043,33.5124,35.9231,27.8286,47.6369,28.8672,29.0758,16.5361,29.5652,50.0447,18.1621,25.8824,13.9875,42.0143,19.9827,35.75,12.7583,60.3129,27.6496,18.7928,29.2056
7718.75,32.7523,7.2519,27.0702,29.6581,29.4808,33.4994,7.5498,29.5895,25.3952,30.1163,24.221,18.1931,20.9253,36.5653,12.2506,18.6836,29.6511,39.9639,18.622,30.7003,18.6808,30.1905
7734.375,29.4347,33.415,24.3913,18.9302,27.4424,33.0652,34.9614,23.5018,21.586,25.3382,16.193,22.1942,15.7864,15.285,25.1054,29.2475,27.7294,34.5121,51.8108,32.3595,25.5741,28.4897
7750,25.7289,25.8301,16.8331,35.6453,28.8824,43.4561,23.0649,36.7974,20.8331,28.3517,40.6576,31.1239,27.9193,17.5278,28.5134,16.9739,23.3165,21.3607,39.8829,29.7624,24.8105,26.8205
7765.625,26.5942,14.8091,30.1521,1.5069,24.5028,23.4243,12.4758,23.6516,21.9613,25.5634,30.7253,25.1418,19.905,26.1494,27.4989,21.9125,26.1643,15.2835,31.7598,28.6508,19.5566,23.9846
7781.25,22.4192,31.7113,10.8038,46.6391,22.6535,16.7759,42.4586,22.1306,24.1477,23.285,21.5079,18.2304,27.1436,28.1115,17.3115,30.4974,31.9164,26.6277,57.2042,26.7124,26.2763,24.1323
7796.875,22.6642,15.2635,39.2119,32.9313,21.1619,50.1208,43.9151,24.4659,28.9661,18.7057,50.3533,25.5614,20.0358,15.9308,31.3131,16.5656,19.4276,32.0369,24.245,28.6557,27.0414,22.2255
7812.5,22.7159,22.6575,24.7226,20.0931,22.6785,32.6625,23.9761,23.5818,22.4329,24.0808,51.8736,33.6316,26.2526,30.2171,22.8138,27.6878,17.9247,31.8633,55.26,24.9882,27.0027,20.8817
7828.125,18.4564,42.13,20.8442,42.5734,18.4381,27.5107,17.0148,20.8637,22.0447,16.9414,35.3293,28.92,33.9303,29.844,30.3833,32.5565,26.147,23.5055,58.7181,20.3364,24.435,16.6511
7843.75,11.9169,20.4977,44.1793,10.9277,15.2259,57.1226,32.9577,13.2016,30.5358,18.7796,38.711,18.9844,19.9059,33.0487,18.1271,19.6777,12.067,44.2491,27.0731,17.6143,28.3587,17.9837
7859.375,22.494,38.2936,25.2995,42.5537,16.575,11.3465,29.8345,18.7978,29.1012,13.061,33.3956,30.8058,30.2978,31.8153,15.7215,32.9593,12.6979,47.2202,40.0678,14.5104,31.5952,16.3729
7875,13.2687,28.3344,24.8911,28.0941,14.6186,37.5768,33.4435,17.3544,25.37,13.2626,35.3296,30.3511,30.4302,20.0545,23.2754,34.1018,15.3065,19.4786,32.3406,21.138,26.4741,13.8726
7890.625,8.8432,17.6063,29.4678,26.5444,12.3048,39.4713,14.2636,14.6616,26.1871,15.2252,41.378,29.7555,25.1123,36.7497,20.6355,18.0592,15.2839,15.5468,22.9354,21.7791,27.6217,12.1282
7906.25,15.3104,23.2797,31.0189,50.6539,12.0353,33.2752,55.1632,9.9677,30.0957,9.3869,21.4697,29.6154,32.9918,24.8703,21.814,35.4022,18.0398,29.7004,44.6332,20.7919,31.7554,12.054
7921.875,8.5263,21.3029,33.3674,12.0623,9.3531,46.2237,39.3763,14.6954,31.7435,10.374,48.702,17.6119,23.3766,30.0586,12.6605,29.5393,2.2249,52.6689,37.9092,16.4793,31.0893,10.8031
7937.5,11.7192,39.5172,38.2227,46.1652,10.0646,42.5781,17.5956,7.2684,25.304,7.8193,40.4876,40.5877,36.4815,29.3107,25.7238,21.7981,20.3768,15.942,39.3732,7.8909,28.8736,9.7562
7953.125,8.3464,34.1716,12.6221,27.5661,8.5238,13.1752,24.6012,13.6844,27.0549,8.6246,14.9318,23.61,30.8992,36.3863,10.7212,37.7809,12.0903,45.8301,47.5149,10.1385,29.7274,8.211
7968.75,6.0189,20.4911,48.3508,28.4474,7.651,61.5312,44.5228,1.0082,32.8102,8.4717,41.3522,28.2855,27.4001,24.3722,22.4017,28.8029,4.96,36.9313,37.598,12.7822,32.3301,8.8985
7984.375,9.8871,25.5236,22.5883,47.205,8.5969,29.2841,28.8602,14.7337,30.0563,9.1464,42.9643,34.8239,34.1948,37.9169,15.9014,25.0337,9.9233,41.3196,29.7938,21.0997,32.757,10.3197
