Frequency(Hz),REC1.wav,REC2.wav,REC3.wav,REC4.wav,REC5.wav,REC6.wav,REC7.wav,REC8.wav,REC9.wav,REC10.wav,REC11.wav,REC12.wav,REC13.wav
0,0,0,0,0,0,0,0,0,0,0,0,0,0
15.625,,,,,,,,,,,,,
31.25,43.1373,9.971,6.6856,20.1704,24.3285,53.9322,39.8155,15.8521,47.988,32.4137,53.2663,40.7802,39.0471
46.875,40.9558,16.8278,22.1472,18.3205,1.3112,17.2084,29.5651,10.9602,26.5641,35.9832,22.1641,27.5732,37.2955
62.5,20.7331,4.5926,16.8142,18.1554,25.507,39.5661,28.0763,14.6367,29.0656,26.9605,24.8088,36.3471,27.4932
78.125,33.8049,14.8904,22.8554,11.3162,5.3079,23.4812,25.0685,3.1115,27.9633,36.9298,30.5052,31.1334,19.5712
93.75,26.9192,35.7135,26.3998,10.7924,10.0649,26.632,29.5828,18.2914,23.6804,19.6849,13.2737,14.0601,30.9938
109.375,20.5898,12.0365,10.9925,20.633,23.1925,22.9837,38.8979,18.8191,13.5213,26.4842,32.2299,29.2241,25.9508
125,21.0694,20.2712,8.7462,26.9195,5.1485,21.1756,19.8064,16.0486,34.4039,11.6105,15.708,12.3768,10.1499
140.625,19.5782,16.7505,8.9003,15.2621,33.5215,18.5249,19.5829,12.444,11.7328,30.3883,21.747,30.802,28.2058
156.25,25.9434,13.2753,18.6555,14.163,8.5454,9.6298,17.4821,20.0576,10.7119,5.4669,10.0598,12.8524,9.1449
171.875,15.7388,31.535,12.3693,8.8363,16.3782,27.4405,20.0028,18.0372,22.0593,22.0465,20.2008,19.1716,17.8513
187.5,12.6267,5.4997,20.6739,8.276,19.5336,8.3206,13.1398,10.5095,3.5842,12.6658,14.2112,7.3605,15.5849
203.125,15.2314,24.2226,13.8074,23.4883,16.869,18.6355,12.9853,21.3652,25.7181,6.4755,11.4245,14.8274,26.4363
218.75,23.6655,18.551,19.021,20.7928,17.8808,16.5398,14.0668,18.8686,15.0561,20.3454,21.9769,6.3452,12.0075
234.375,7.0477,8.9845,15.6342,21.2091,29.0599,11.9297,15.4572,22.3291,30.2431,30.6417,10.8296,29.977,31.0754
250,38.3274,34.8838,27.1848,23.2559,13.82,20.2853,25.1117,19.2406,23.6834,17.8481,35.2525,29.7802,15.1444
265.625,11.0703,28.8857,7.1938,21.1993,23.5098,34.1997,39.071,17.1324,17.9574,32.4929,22.0686,26.1354,24.5943
281.25,28.92,9.7742,33.1798,31.4206,23.4129,34.9125,29.8468,26.7292,53.3027,28.7111,28.8575,39.5006,25.3763
296.875,41.8515,28.1268,12.9648,30.832,30.8788,49.6836,28.234,34.0989,29.1097,38.2439,45.3859,19.0356,45.4387
312.5,42.0046,32.4522,25.7693,9.5163,30.4093,39.0004,31.0024,19.7671,36.2309,45.0674,18.7774,50.5867,36.0684
328.125,27.0255,18.1083,57.7425,60.1677,45.2607,37.5537,50.8704,21.9223,37.1991,46.0421,69.9306,30.6352,47.7005
343.75,90.9554,63.004,39.2118,17.21,6.6157,36.0034,91.1268,23.8454,94.5323,45.0845,5.3177,40.8392,18.8414
359.375,82.0698,84.0236,81.8986,56.6184,42.7859,171.385,59.9003,100.0505,40.6199,101.7031,77.3513,76.1857,116.2792
375,148.8256,114.6771,46.2798,60.7383,27.5756,82.2826,55.7706,46.6878,95.8168,89.211,62.1426,24.4709,19.506
390.625,33.4429,33.746,75.7597,93.7989,89.6094,101.8731,262.2531,99.8671,76.5901,69.5089,58.4098,67.1708,58.1183
406.25,102.1906,88.2551,65.0979,69.6346,7.1122,164.9823,65.2457,11.8925,135.2453,26.6858,109.5241,42.8213,84.4311
421.875,47.6255,72.2323,77.1988,45.1782,78.878,30.8693,93.7744,64.2907,147.7471,45.4544,62.5345,43.8319,35.2713
437.5,151.6393,84.755,45.9018,54.4343,27.5975,154.8698,127.028,148.5996,195.186,166.3935,33.7039,144.8723,123.3819
453.125,30.641,73.918,40.1007,68.8959,22.6056,23.1342,61.919,26.195,101.9062,48.8043,86.8087,26.709,36.5981
468.75,85.3848,33.3485,37.4254,19.6602,79.9143,56.0257,106.0859,24.2411,104.0776,64.9973,37.5356,57.1767,56.528
484.375,39.8943,26.9798,46.08,65.0559,25.7967,71.5156,33.4491,44.5513,68.5,47.498,56.163,69.1972,49.3838
500,80.638,17.3804,6.479,40.4021,22.3736,44.7631,66.4952,30.1623,27.7057,62.8121,68.8996,35.4192,47.685
515.625,20.5641,70.5802,67.8146,76.6251,38.0454,42.9741,54.9943,17.8295,76.9807,59.5104,45.7487,52.3124,60.52
531.25,51.4868,19.3777,15.0599,16.5567,55.6727,64.1861,61.6644,38.8287,38.77,44.5548,37.3891,51.9831,45.4876
546.875,66.8454,21.1762,25.3507,29.4661,11.4034,42.5755,38.8883,28.8728,49.425,37.8139,58.3051,50.9574,29.5245
562.5,30.087,37.8855,56.0128,53.2454,51.9905,36.9645,53.3448,36.3275,54.3041,64.8503,36.4272,30.5937,56.5325
578.125,52.2636,26.5008,34.3615,12.3752,9.1887,46.6302,26.4896,22.3905,36.9438,46.1853,33.8068,45.0797,52.8813
593.75,51.714,33.9053,26.5914,10.0862,52.1047,23.5924,46.1975,35.1658,36.7103,7.798,37.2441,47.7512,27.8442
609.375,14.618,36.0746,26.2787,43.0307,26.2533,51.2485,31.9771,16.4295,18.6781,42.8051,48.8161,55.269,28.5362
625,31.5351,4.7588,35.3614,23.8239,23.7843,8.66,63.6983,29.4286,49.955,20.595,24.6697,15.0882,27.3574
640.625,53.6215,47.3995,35.6969,23.678,46.6022,31.6962,23.854,14.2832,14.4596,35.6597,35.0642,26.62,43.8963
656.25,8.769,8.464,12.128,32.3334,9.8248,30.1938,29.1694,32.6668,53.565,38.9678,23.34,24.2606,12.0622
671.875,45.5753,19.6131,18.0792,18.3827,45.5092,16.5694,29.1045,15.1426,29.4207,17.8562,15.4142,15.1979,7.9989
687.5,45.2881,28.1584,6.906,29.1713,18.0363,6.8899,18.5706,35.0755,35.3182,31.0178,28.6559,48.0349,51.1941
703.125,76.121,26.0698,38.9405,21.7678,39.7952,4.8484,18.8918,20.3041,22.1045,39.1073,15.5548,2.3099,35.1617
718.75,13.4149,30.7924,6.6241,28.6293,23.102,38.2851,33.1928,19.1809,49.5267,19.3148,37.717,35.1366,40.1579
734.375,1.8755,29.0498,25.9518,20.8576,46.9467,14.4285,67.2057,22.0173,18.3072,25.5546,8.0197,37.1765,43.2336
750,17.3927,26.7848,40.0159,46.9371,22.8305,49.0363,16.5679,30.1863,18.8391,12.7273,26.2853,18.9207,27.3562
765.625,7.8364,25.0149,18.762,20.0514,17.0133,29.6282,11.2474,8.3054,24.0954,9.9654,10.955,21.9325,8.3189
781.25,47.1067,16.8728,27.3034,4.7242,45.3823,73.4854,41.9154,21.457,36.5766,43.1188,19.7681,24.2045,37.6604
796.875,17.24,26.7897,51.9893,6.6238,16.1107,55.5695,24.3706,26.9687,19.2792,49.8956,29.5909,23.1401,17.1828
812.5,37.7745,28.1422,18.8821,17.3235,20.6239,46.959,24.9822,12.8632,20.646,32.9115,38.2643,43.4608,25.7103
828.125,36.141,13.8829,25.4142,35.4851,26.4555,37.0817,23.5354,25.107,38.4289,37.6352,18.775,6.6021,50.6148
843.75,44.8759,32.9972,17.6367,17.1249,29.9515,39.3393,21.9613,11.9685,36.1144,26.0736,58.0074,49.1168,57.0752
859.375,14.5802,19.1471,31.3009,22.2712,30.4582,47.7498,42.737,27.0724,37.2548,30.791,19.0179,40.7477,28.5089
875,42.1556,30.2143,16.1826,24.1848,9.0502,30.7838,26.4106,27.4215,34.9006,49.6724,45.6186,35.3456,40.6118
890.625,54.7583,18.5586,38.6322,35.061,43.8635,40.7421,42.2724,42.7209,41.7125,29.9548,51.3581,52.6853,33.9163
906.25,22.3847,47.223,19.8436,28.7067,35.3028,39.8597,55.0196,19.8637,32.3219,46.4802,40.8206,30.7678,41.2043
921.875,53.5881,40.6437,42.7842,34.5283,14.5884,54.9144,37.6335,44.3161,38.0189,33.3398,42.7123,53.9343,45.2173
937.5,45.1693,25.1083,26.5297,48.0299,53.3478,37.6547,47.1117,26.8539,45.3165,51.7337,50.7401,44.0863,56.7851
953.125,37.2217,48.6618,45.0283,29.0927,22.8547,63.7657,42.8131,41.8049,59.8375,46.822,42.0107,46.2838,37.4532
968.75,43.0636,30.7376,33.5452,51.3672,40.6926,51.1335,48.2555,36.9012,32.5582,51.2266,62.4306,58.1622,57.6882
984.375,54.4838,50.6292,42.4279,45.8524,61.9729,38.8633,50.6197,47.6931,62.7228,42.6652,46.0455,30.3866,40.1883
1000,56.6233,34.8633,43.3255,55.3843,54.8717,57.3723,50.2016,53.0709,45.8201,55.3603,52.5893,62.868,44.2908
1015.625,35.6735,47.8198,43.5983,51.1845,39.0403,41.1187,50.6001,31.0138,53.2342,48.0984,46.4154,46.5253,55.2506
1031.25,66.4232,52.5153,53.6637,42.7835,63.772,70.6998,54.518,61.7532,48.3248,55.0952,63.1003,58.4655,56.3773
1046.875,43.2019,58.2744,47.6869,56.0484,40.936,44.7258,59.5508,55.7162,55.5927,64.0182,51.5447,48.8355,57.5038
1062.5,61.6106,54.888,64.5945,48.6313,69.0824,56.9367,53.5486,45.8591,68.109,48.7597,50.8024,75.8043,60.0314
1078.125,69.6296,48.6395,58.5069,72.7188,64.0493,67.8512,60.3645,64.462,52.7971,75.4779,65.4926,49.8064,67.9206
1093.75,46.1944,72.0243,52.4903,62.8165,75.9985,52.8326,61.459,57.7009,58.1762,58.0275,69.9875,56.4071,69.3903
1109.375,76.8823,59.2435,70.8011,45.0197,56.5973,74.5991,75.1592,64.0885,61.8166,69.9797,61.3305,67.9295,59.4836
1125,52.87,59.9124,68.5755,75.4739,64.9744,78.706,60.9395,69.718,73.3758,59.5907,68.2426,73.8299,84.2953
1140.625,86.0929,63.8523,61.7975,83.7766,71.8741,57.252,78.9608,78.8916,69.8385,78.1605,75.3123,82.4826,60.8203
1156.25,66.2215,84.7862,78.7233,85.1257,70.5993,91.8386,64.091,52.9401,74.9738,70.4103,65.3753,58.8696,80.5459
1171.875,99.1241,91.0923,61.0341,77.8308,68.0026,58.8844,75.072,75.7125,77.5184,80.949,81.532,86.6925,45.4597
1187.5,61.4045,44.5461,94.6087,60.7301,99.8662,84.7848,85.5119,67.9109,73.183,72.6539,83.9845,80.6158,119.416
1203.125,89.2219,85.8783,62.6814,77.4077,61.6644,81.9746,84.5075,81.7417,81.7754,94.935,72.0188,66.4083,70.3328
1218.75,79.0296,71.2924,73.6412,75.5359,74.0057,82.635,85.4815,70.9609,89.7068,83.6382,85.0152,90.2476,87.7286
1234.375,84.8298,111.844,84.099,101.8205,106.3777,92.87,80.9628,93.3637,71.1681,68.4132,93.0139,98.8242,80.8292
1250,92.3495,78.1147,85.0365,57.294,39.3262,97.0062,77.2303,70.6768,97.683,100.444,74.3845,61.9267,61.0504
1265.625,81.1702,64.9094,64.8851,92.325,109.0965,92.1643,98.0999,82.2349,80.225,81.4113,92.2405,105.1494,122.4591
1281.25,86.9019,73.1459,87.401,72.0242,84.5788,79.3775,82.4957,74.4943,86.666,91.9314,85.2677,76.0534,56.7012
1296.875,93.5325,72.2326,73.2089,103.9728,62.1619,97.6817,88.6485,78.3001,93.1624,78.3022,90.5062,93.2466,111.1495
1312.5,73.6096,86.3028,80.2882,73.0615,124.0552,67.0885,87.8683,79.8581,92.056,93.2447,81.2087,86.3202,60.6537
1328.125,89.5513,67.7922,79.3326,46.1806,65.6288,87.3069,82.9638,80.5719,77.7942,83.429,90.6238,81.5387,116.5259
1343.75,105.3717,95.1138,71.4595,94.844,59.0405,98.4025,79.8326,78.4411,64.9373,76.147,81.8784,84.6917,73.0394
1359.375,66.0747,66.3506,70.5678,74.6647,77.6622,78.3172,81.2883,72.3438,100.7614,89.6568,81.5524,81.519,85.0918
1375,84.9882,59.4554,64.4996,75.5135,79.2946,104.7611,80.0926,59.851,64.8215,77.211,83.3215,74.149,69.1675
1390.625,54.4046,71.5352,72.8821,47.3257,60.7439,37.0701,74.7,72.1528,92.9915,66.27,70.6344,83.0195,66.1041
1406.25,83.0845,50.531,58.0827,81.1315,72.2343,107.0959,71.3479,66.6395,67.0186,75.317,78.7405,63.3724,91.8916
1421.875,68.4605,61.668,53.7241,59.4369,51.429,76.0154,62.7615,65.9735,62.5214,66.7273,59.3184,76.8559,73.0721
1437.5,66.9674,83.5593,67.1697,41.7525,69.3194,51.4147,73.0178,30.5706,70.9929,65.7305,66.9366,56.1332,66.1794
1453.125,54.5417,29.3594,34.5303,43.0092,30.4494,66.5699,53.6291,58.599,58.2281,48.6653,50.5306,56.393,54.7206
1468.75,56.0926,50.0521,57.4492,55.354,63.0486,51.6167,42.1685,43.2968,51.3791,60.2959,61.9752,56.2086,45.8455
1484.375,44.4762,35.7422,39.9697,40.9333,30.9348,55.9281,58.4307,52.9252,45.0043,46.4371,43.1934,57.1044,63.8398
1500,39.2269,43.7636,37.6491,42.0594,57.2554,43.3035,44.1496,36.5689,50.0868,51.8365,44.3923,33.7568,46.9383
1515.625,33.2942,30.6904,35.0852,21.8025,45.7237,49.4627,32.0252,23.1484,26.56,25.1465,35.0027,42.8382,24.6264
1531.25,33.4713,29.1057,28.5253,39.1723,13.9495,20.8796,29.5219,41.6776,29.7278,32.8169,32.6636,17.9307,30.0412
1546.875,32.2664,37.7074,23.3579,14.201,31.9505,34.0923,23.4013,7.0662,38.2352,24.3673,30.06,33.5991,38.8275
1562.5,8.6608,9.9561,20.2088,25.6978,28.3513,18.8214,23.5623,34.9277,10.0462,11.0186,10.9613,12.4943,31.7638
1578.125,12.6313,12.4164,23.2205,29.8794,30.7749,19.0809,11.913,11.0216,12.6179,16.4998,8.7097,10.1947,33.9931
1593.75,4.8086,17.2783,9.9204,16.2805,23.4337,13.1665,16.6838,28.1062,20.0479,5.6913,9.8903,8.4448,7.7383
1609.375,13.2098,20.8475,7.665,1.228,18.3348,16.1226,12.9211,4.0557,6.3584,5.9121,9.3841,6.0992,27.7486
1625,22.2713,12.9412,17.3567,14.6521,28.3319,16.3236,6.1592,24.675,10.7438,9.1717,10.2569,7.4784,8.1037
1640.625,10.1757,28.3883,11.4936,19.5842,43.3149,18.2228,13.0275,8.672,16.3902,14.3444,9.1358,14.3477,9.2685
1656.25,27.4323,9.2914,18.1096,34.9323,10.1031,27.1967,11.6585,18.9155,18.536,23.5591,28.5982,20.1461,33.5203
1671.875,18.242,25.4247,13.8801,8.2901,26.1998,18.3173,33.545,27.9373,27.1719,21.2504,19.2297,21.5304,26.9076
1687.5,32.2446,20.7008,26.7957,17.2632,7.7368,24.5571,28.1245,24.1319,22.7901,29.7347,39.3271,30.3128,31.6772
1703.125,40.4318,34.4076,20.5107,37.0757,45.4188,41.8086,31.4472,6.0886,36.245,35.5772,26.8086,30.678,41.0981
1718.75,21.7148,22.9147,24.4607,24.0135,27.1172,21.0896,35.5197,34.0923,28.578,35.1481,35.0508,37.2162,44.995
1734.375,51.4184,20.9415,24.6617,36.9225,21.8445,42.207,42.8725,32.9421,51.3517,37.9102,39.2994,39.5154,46.5347
1750,40.0926,42.9901,32.5107,39.0911,45.7735,46.45,40.5252,20.7269,31.7704,38.328,43.5918,45.4378,44.0784
1765.625,38.4498,20.982,32.1905,27.6896,23.1014,54.1595,45.4589,49.5491,43.076,52.5251,40.9904,43.5693,53.8561
1781.25,60.6738,39.7863,31.4952,20.2015,42.757,26.423,46.0226,22.7943,49.0449,37.7261,44.724,44.8516,47.8003
1796.875,38.825,29.8416,34.9761,40.3399,17.3142,60.0566,42.2544,41.905,52.4891,44.2166,51.5173,47.5125,37.6024
1812.5,51.0886,36.1452,36.0305,47.3759,59.4822,55.8115,52.0624,31.4889,35.5369,59.4292,40.8462,48.3545,54.1876
1828.125,50.3847,35.2885,32.1102,25.751,36.9407,44.7124,45.4636,40.74,58.3259,42.2585,56.5943,51.3704,57.4762
1843.75,46.7686,33.2152,36.1435,43.4417,17.3488,50.6721,50.2492,26.9888,42.4438,53.2189,38.8219,45.4099,35.6779
1859.375,45.5447,34.0904,38.4099,34.0017,35.4948,51.0916,42.525,32.8398,56.3574,45.7801,58.2942,43.2341,50.7542
1875,48.1818,38.4607,44.0165,24.025,34.2817,42.0769,52.6838,44.7344,38.4066,42.0562,42.8553,45.5664,50.2153
1890.625,46.901,29.9872,27.8093,43.8937,32.2417,49.0552,29.3879,19.0938,42.44,40.3096,36.1446,50.9078,45.546
1906.25,37.0841,33.5275,25.481,32.9647,32.8707,46.6009,54.1662,45.6143,47.9676,44.9517,46.5925,35.0419,37.6552
1921.875,34.1553,31.3919,43.0695,28.4783,38.5764,36.1533,47.8139,18.626,42.3584,45.2325,44.6415,42.4217,49.4288
1937.5,45.8211,39.0015,25.7284,32.0747,34.3797,39.3991,25.0968,41.5734,29.153,38.5138,35.6655,34.1413,34.24
1953.125,23.9044,21.4828,31.0951,20.4559,34.9279,24.5022,40.3467,32.0439,40.2916,34.5963,34.789,34.944,29.914
1968.75,40.2115,30.4299,29.3683,34.6426,31.9364,42.2346,29.8819,16.2433,26.726,24.1276,33.8719,38.0521,40.984
1984.375,21.4137,31.7984,25.2952,24.2523,33.1973,23.1171,27.3869,28.9048,28.8204,33.4042,26.9548,24.7484,25.0004
2000,21.5777,16.0013,24.5239,31.152,21.1899,34.8401,22.0349,38.41,28.4489,29.9499,26.6201,24.8424,27.4389
2015.625,30.6184,21.8929,26.0563,27.2324,31.7052,12.3024,30.8259,20.8335,22.5397,21.8469,16.5358,26.8139,16.7636
2031.25,36.0213,32.9175,28.4111,27.0029,24.1497,33.3289,16.7182,20.7555,13.5389,20.2132,21.1706,7.2892,21.2358
2046.875,17.2623,14.9991,11.0906,19.9203,18.4008,7.0953,14.0001,18.5278,20.6675,11.206,11.1635,26.6782,26.691
2062.5,13.9999,13.8559,25.6748,4.4156,19.7949,15.3889,17.6908,26.584,11.3916,9.4154,13.7783,5.6269,4.7195
2078.125,14.1691,30.8595,19.2057,33.6908,20.8281,11.0211,4.3846,12.5083,8.2832,9.626,1.9614,6.1707,1.3664
2093.75,15.8472,14.1788,18.1104,13.8928,21.4852,7.9389,2.8418,23.5119,6.3039,5.387,10.193,5.4113,7.361
2109.375,10.9316,32.307,16.8468,11.9383,18.3433,20.6381,2.615,15.5808,10.3755,14.6666,2.4553,3.011,19.5721
2125,1.0143,7.0544,9.9776,16.4152,20.6919,19.6933,9.3866,21.2778,1.8511,20.5426,4.0657,9.2001,19.5981
2140.625,17.5435,12.4373,21.125,11.8519,14.8682,4.9085,6.2952,14.8671,6.3405,14.1091,11.4365,3.4813,17.2916
2156.25,14.6454,22.6713,14.5807,26.1388,15.762,11.2706,19.5701,12.8695,12.1151,9.2207,9.2974,10.9258,19.4888
2171.875,18.0791,8.0891,9.9208,18.0101,15.7568,19.9997,9.7125,16.8535,16.0731,14.3708,16.2505,9.2576,4.8374
2187.5,15.4353,27.6332,18.7535,2.3612,16.0688,8.0799,12.5187,13.939,14.1274,13.4516,15.6583,20.8177,26.8221
2203.125,22.004,11.8109,18.783,15.8959,11.4904,28.5854,20.079,18.9918,14.3166,25.7311,8.9554,16.2331,15.516
2218.75,21.1017,11.1874,15.7913,22.961,18.8179,9.7448,18.9952,25.4911,12.5704,13.1513,24.8389,12.1451,12.9814
2234.375,11.9394,15.4395,10.877,9.3143,12.9766,29.5642,14.3677,4.7033,23.3967,18.778,19.7094,26.4979,25.9272
2250,17.1293,5.5546,11.1441,12.0838,7.4948,10.3973,22.7871,11.1497,24.9761,27.6637,13.3421,11.5725,13.18
2265.625,24.9353,16.3316,15.8579,8.6681,15.623,24.9694,19.3164,16.4777,21.322,14.258,29.3738,28.1224,20.7096
2281.25,16.5926,16.7514,16.252,21.3428,17.4961,28.3301,17.4983,24.3213,21.938,22.777,15.0595,18.0496,24.3866
2296.875,22.2765,9.1215,12.7334,21.0431,11.1507,14.6465,29.5405,4.8895,22.2381,21.162,24.8888,17.7952,20.3175
2312.5,21.8903,18.9271,9.3121,4.6667,8.924,27.7177,12.584,14.7614,17.3063,19.738,19.4361,21.3847,16.0118
2328.125,8.0717,12.8052,18.5945,23.1761,14.7614,11.4429,21.0949,17.7276,20.0601,17.1744,13.3464,20.8508,31.0851
2343.75,24.487,9.6493,8.4777,6.6256,22.112,21.8704,18.1929,19.4253,15.7681,19.9406,16.8683,16.9071,19.1941
2359.375,11.1149,17.8535,10.7954,25.3084,14.5709,10.5424,19.0788,9.6973,19.9531,14.5523,20.7208,18.3962,17.9687
2375,24.0986,13.4346,14.6341,14.0489,13.6778,19.3201,14.4507,11.7578,18.564,22.3201,15.6733,11.3512,20.9481
2390.625,14.3592,16.4591,8.6786,6.8685,20.8902,22.2277,3.8108,14.9884,7.9718,6.5489,13.9223,19.4788,5.5147
2406.25,13.2495,11.1559,18.31,11.6325,6.8535,8.5618,22.1654,10.8683,12.0415,12.756,13.762,7.4643,9.861
2421.875,16.1016,8.0595,13.4894,18.1589,20.3683,19.9493,8.095,16.2227,19.3639,22.3939,5.3084,16.3121,20.5789
2437.5,9.5186,12.4324,14.66,8.4497,12.1283,7.5528,17.086,14.0733,5.5021,8.6141,18.1075,7.3396,20.7589
2453.125,16.078,16.9891,11.8753,19.7278,16.7586,11.1023,6.063,19.844,13.7229,8.4588,11.2392,13.8261,6.529
2468.75,17.7588,14.162,13.2336,8.9731,10.2086,9.7317,12.7351,7.6503,11.4898,19.004,13.6128,8.1215,27.8375
2484.375,7.0597,21.6076,18.6965,23.284,17.8309,20.2894,14.7985,25.6665,5.9915,7.1547,7.4545,13.3042,32.0487
2500,14.5842,2.4671,9.172,21.0827,15.7775,10.6501,13.8505,11.6789,21.579,23.2443,20.9114,14.3066,6.6991
2515.625,18.6745,18.4553,17.1511,12.4232,25.1798,15.9685,13.9054,11.7805,5.5072,10.7401,9.6982,14.7802,23.416
2531.25,12.8093,15.6587,12.9054,7.7169,4.9633,30.5901,19.167,17.3158,19.2174,14.0721,19.1059,22.7282,16.8319
2546.875,21.4573,9.268,14.5969,21.8592,13.7617,9.2394,26.7537,19.8024,26.1583,24.8884,17.3575,19.5926,35.3631
2562.5,13.8559,22.0627,21.4199,23.6936,24.8912,22.8098,14.3457,20.1404,15.2703,17.5884,24.8957,28.484,16.7084
2578.125,18.6108,16.6533,10.1707,18.9061,9.7714,35.2573,30.2492,22.6227,23.7951,27.0064,26.4062,14.1285,41.4311
2593.75,32.2051,21.6173,17.2635,14.4978,14.7376,12.6972,32.4769,14.811,23.4279,18.6286,19.8602,26.4941,22.3204
2609.375,18.8218,12.5841,17.4256,21.5986,22.5484,26.2784,12.3599,23.4843,32.2473,35.8612,27.0962,24.8291,25.5385
2625,25.6958,22.4622,19.2422,20.3062,15.5414,33.0679,31.9774,15.4385,20.3795,18.0494,31.7821,30.0048,33.8693
2640.625,25.4348,13.9492,11.9129,4.2619,11.8748,28.6795,26.5659,24.9577,29.9456,30.0441,22.7032,30.5247,26.9707
2656.25,20.9444,25.3145,29.1593,37.3824,20.5943,30.5258,27.3099,10.344,30.6906,25.9714,35.3854,28.2522,31.0553
2671.875,38.1918,16.876,14.4428,3.6712,21.3851,32.9024,35.7458,28.0022,28.7715,21.8604,27.019,23.8498,28.4109
2687.5,23.737,17.1435,15.3685,26.4235,15.6925,34.4885,19.7611,18.9369,26.8371,36.5887,25.1188,38.2224,27.8653
2703.125,26.4691,28.5095,25.4336,13.6069,19.3145,30.73,39.3196,17.8373,17.7529,33.4924,28.8383,28.5376,33.0518
2718.75,23.1077,12.8466,19.6448,19.2879,11.405,31.0624,19.4037,29.1118,39.6947,18.4486,32.5446,29.5046,19.7067
2734.375,26.397,23.4404,22.5047,31.2168,31.2116,27.4986,27.8444,22.1565,23.7781,30.9468,20.4444,20.8602,27.2938
2750,30.5468,12.3434,23.7957,22.0615,10.0938,21.3594,32.2829,10.3281,22.532,26.5955,30.6194,31.7066,42.5554
2765.625,20.6283,24.941,15.7812,15.0484,19.0241,35.2299,19.3422,34.6842,26.1142,24.0093,23.4907,23.5019,14.4759
2781.25,20.639,17.6134,25.1999,25.8979,29.4596,33.562,23.9092,16.0308,28.4864,21.5263,27.5466,21.8777,43.3254
2796.875,17.7869,27.6108,24.5816,15.7168,12.3479,13.1261,24.3026,24.1952,11.7139,20.7487,20.7139,24.6356,11.062
2812.5,29.6532,20.0532,20.4556,23.6126,37.2181,18.9646,26.6487,18.339,31.5582,31.537,18.3328,25.6164,17.682
2828.125,22.5157,29.0089,20.8158,27.0081,7.8491,32.4076,17.7695,20.2184,18.714,18.0658,26.316,26.2221,33.5707
2843.75,24.4274,17.778,21.7415,15.0078,27.7441,16.882,25.4,24.3405,26.1996,23.6794,24.4444,16.8522,28.6823
2859.375,15.3128,21.5985,22.6105,29.8587,19.7696,22.6648,17.3762,26.6978,19.5004,19.9737,24.3764,21.8225,13.7307
2875,17.4908,25.5676,17.6195,22.6729,26.6114,27.2207,22.6089,16.7676,22.391,24.6849,23.0917,23.3615,29.6559
2890.625,38.0906,23.9151,32.3125,29.1817,21.0201,27.1446,27.5366,19.6392,23.7833,23.988,23.9926,23.3944,23.737
2906.25,19.4771,19.6604,14.0735,22.9692,23.971,24.1025,29.7898,29.4616,26.8267,29.6782,25.683,24.8081,33.9171
2921.875,32.3764,24.027,30.6213,20.8392,32.2278,37.6264,26.9698,24.5755,31.813,19.5959,34.4112,28.5331,22.0038
2937.5,26.0261,27.0905,22.9564,23.6716,26.5256,27.6301,26.4919,21.9584,34.553,37.7142,27.1097,30.9856,21.7973
2953.125,41.7343,27.0509,21.2388,19.6709,23.1622,35.373,37.0243,37.4964,26.4268,39.892,32.5463,38.0138,54.989
2968.75,31.3242,23.0482,29.2188,40.0425,28.3573,43.8078,34.4724,12.1596,40.4742,28.8923,35.7794,37.521,30.9459
2984.375,39.4585,24.315,30.4619,21.8994,33.1842,28.0929,44.736,21.8549,39.9737,40.2593,39.0704,37.0835,37.7056
3000,38.4398,31.6289,23.4783,25.6348,22.3239,53.1469,36.6453,38.8847,35.8278,43.3271,37.8561,41.3209,47.6463
3015.625,44.548,18.4173,25.155,35.7457,29.2687,28.1328,49.7647,28.9537,43.3119,37.0422,46.7583,42.6066,35.1194
3031.25,44.1912,43.1276,28.5597,20.2831,27.5162,51.2043,37.7816,28.6121,41.1865,52.195,45.4076,43.8593,42.7221
3046.875,46.06,22.9398,27.1074,29.8237,26.142,44.3472,51.538,28.3164,51.2783,39.4962,43.4615,48.0828,52.3771
3062.5,47.0416,35.8496,29.5071,32.1411,28.4081,49.8714,46.3454,35.1405,46.6283,54.4621,51.5917,48.8738,41.1865
3078.125,46.5355,30.3316,28.0457,34.0541,30.1611,60.2847,46.5367,27.0281,50.4467,46.7157,43.6277,41.6594,48.3452
3093.75,51.5462,21.4558,30.6104,17.5396,34.7808,37.6246,55.8194,30.2099,46.8429,47.1786,58.9438,60.3513,54.7098
3109.375,57.4013,33.4057,32.2818,35.8753,33.9766,53.607,46.9137,33.0407,54.9478,53.7553,45.8724,49.6519,59.5198
3125,46.0096,27.1605,32.1847,20.8855,26.3489,56.9647,53.2958,35.023,44.7429,47.789,54.5466,44.4576,41.8461
3140.625,51.3498,40.2139,30.1912,49.3507,32.9408,51.105,45.9565,29.7747,54.7772,58.5696,49.9858,53.6946,51.1685
3156.25,48.0229,28.1098,33.2713,31.7519,34.3484,50.8615,62.372,36.1659,50.7501,47.5512,51.1604,49.4017,50.3677
3171.875,53.7299,31.8076,30.9932,29.3354,35.7771,48.0382,41.6164,26.506,55.7913,46.5539,46.2218,52.7016,59.4249
3187.5,46.2154,32.9391,37.5968,39.012,33.8044,52.9433,51.329,36.6188,45.3296,54.6268,51.1454,51.4249,51.0907
3203.125,46.4259,36.0147,31.6739,36.9261,31.3668,41.994,50.9119,40.3077,47.968,53.5717,47.9335,44.5939,45.1435
3218.75,56.0752,33.1779,38.9127,35.1805,38.0117,53.2123,43.4814,17.9345,51.504,46.6376,46.8682,47.772,58.5266
3234.375,42.8528,43.4371,31.9417,35.0417,39.3642,54.6745,50.1788,44.5622,51.5411,38.2648,45.1906,48.1625,38.7963
3250,57.004,32.4516,40.0496,30.5838,31.0225,24.2942,46.1718,37.1838,31.2906,48.6777,48.5233,43.7848,43.1504
3265.625,38.8736,32.3364,38.7055,34.0482,56.0873,58.768,42.4121,36.6799,51.5094,52.9256,44.7227,45.5163,35.9774
3281.25,44.5573,45.8498,34.5499,53.8511,28.1699,49.4443,44.0966,38.7719,50.579,34.0455,40.9026,41.233,49.8734
3296.875,35.1845,37.1738,38.3895,32.309,50.2423,24.4506,47.3024,44.1345,31.7131,45.2919,45.4555,45.5026,48.3591
3312.5,44.3895,50.5387,45.3797,47.2538,33.7573,47.0532,27.4765,40.4637,51.5553,41.7205,42.0144,45.2575,45.0002
3328.125,48.994,34.4414,43.3704,34.3669,49.254,56.091,56.6074,44.6025,36.2735,45.3942,38.2511,36.8887,35.7557
3343.75,40.6198,46.6497,38.0724,45.6319,35.6802,31.9494,37.3702,39.9161,48.4404,40.9455,44.9573,39.2924,37.7314
3359.375,39.195,48.5788,48.7941,47.3339,53.9462,44.2223,40.8624,57.206,33.6515,37.063,40.0876,43.8097,55.7694
3375,41.4699,44.9815,43.1846,57.2506,48.2129,45.8161,46.512,36.6442,50.2658,44.5023,42.9838,40.8876,39.0152
3390.625,41.9229,49.9503,50.5872,49.662,45.5391,35.6887,42.8223,45.0597,37.1855,43.2641,42.1618,46.1463,37.6484
3406.25,48.4507,45.7328,49.3576,47.0668,47.5398,51.1353,44.9498,52.5313,45.7103,47.7076,46.4937,40.21,44.7399
3421.875,44.4163,50.0021,52.0263,41.9696,43.6974,36.4636,42.6376,50.8817,44.7315,38.4815,42.2793,47.3032,46.7436
3437.5,39.8082,52.466,47.4304,59.9491,54.8856,53.1635,42.8937,58.078,44.4792,44.8996,46.314,45.131,53.7664
3453.125,41.1655,46.0629,48.8028,38.364,46.3539,41.4831,47.9706,38.8413,47.1798,47.5636,45.7383,45.1902,35.409
3468.75,43.1406,47.294,55.5947,60.8198,54.7163,48.4709,47.5869,57.4838,40.1465,41.432,42.8655,45.0756,46.2807
3484.375,46.877,57.9024,51.6628,56.2453,41.7737,38.6376,41.43,46.5573,42.8877,48.293,50.8416,46.2017,49.3783
3500,48.4871,55.0787,47.3922,50.8207,51.7828,58.0076,41.5674,56.1273,52.1782,45.0682,41.4887,45.5667,45.571
3515.625,34.6454,38.3383,50.3811,41.1824,53.6551,36.0556,55.4923,49.8314,40.7594,42.4549,49.4488,46.0499,44.9635
3531.25,41.1806,55.8134,48.596,57.1598,43.0465,51.8761,41.4504,43.6617,43.8447,42.6883,42.4393,40.9786,43.0698
3546.875,39.7852,43.4072,50.8177,37.1986,48.2437,41.0797,36.4416,56.2529,36.9813,44.9405,42.4661,50.9634,42.0692
3562.5,42.6035,55.7383,45.1982,50.4418,39.3788,39.7871,45.8628,47.0554,48.4025,39.8529,39.2182,35.8446,46.041
3578.125,38.4776,37.7958,47.7886,48.2815,49.4628,39.3704,37.3109,49.713,32.3793,42.8625,42.544,39.2074,39.3775
3593.75,37.7276,37.5702,40.6095,47.2679,42.4734,43.0445,37.8136,38.1558,37.0457,37.0836,35.587,36.9123,41.1845
3609.375,26.8759,49.6135,44.001,29.3117,40.0017,30.664,38.9804,42.208,37.0415,29.6818,32.6786,31.8078,37.7916
3625,27.3949,33.7178,40.7509,50.2517,42.3536,47.3679,28.5489,44.4813,31.574,37.4028,37.5815,38.022,22.7502
3640.625,37.5316,44.54,42.804,44.2888,34.687,23.292,33.368,43.76,30.5542,28.199,27.0351,27.9128,44.8818
3656.25,24.561,37.7701,34.1251,34.1307,45.0414,24.0354,23.1963,33.695,24.0008,30.5502,30.1171,29.3122,33.3599
3671.875,25.3109,39.2623,37.0309,37.4209,36.3891,27.3608,28.1021,32.486,26.873,25.0389,27.5781,29.6801,25.7343
3687.5,16.3634,31.3127,32.6578,26.9415,28.8308,28.68,33.1788,34.5799,27.1568,23.6926,20.9426,24.2912,10.2343
3703.125,27.6269,30.637,37.5977,44.3427,34.6983,25.6173,14.9379,38.7425,29.7027,26.9347,26.2152,23.4136,36.6482
3718.75,24.984,29.7794,28.4402,28.5875,37.7631,23.6614,33.337,34.315,19.7038,25.8906,28.4941,30.3805,22.8468
3734.375,27.5941,38.4982,38.0082,31.121,19.3466,34.8878,29.5345,29.5828,27.4232,26.6007,27.2494,27.8963,31.7616
3750,31.0546,40.8293,34.202,40.3005,38.0944,22.1994,25.4523,41.6151,31.7397,33.0876,30.5164,28.7454,30.4592
3765.625,34.9543,36.1209,33.8428,36.2219,40.5726,49.9663,43.7358,40.2791,37.6139,31.426,34.2986,32.764,39.0151
3781.25,41.5118,33.5017,40.7197,45.9044,39.904,31.3583,31.5259,28.8961,38.2609,43.8225,37.2263,40.9284,37.8848
3796.875,45.8253,37.3818,39.0171,31.3692,40.8494,47.151,43.4633,44.3622,37.7432,36.7539,40.0745,40.7076,41.1584
3812.5,40.0224,42.2312,41.4246,44.1047,34.8897,49.1166,46.3811,41.8464,46.9875,50.5124,51.5424,46.1129,51.4833
3828.125,46.9237,49.6354,43.6925,44.4058,56.458,42.2588,50.9533,41.8412,51.5309,49.5926,46.829,57.0548,44.9416
3843.75,62.2646,50.5526,49.8891,52.7432,47.9491,65.2528,52.8266,44.7124,54.6094,53.6586,56.6367,51.2845,55.3761
3859.375,56.1489,42.0934,49.5417,41.2105,38.8568,48.3847,64.0537,52.7137,60.8924,61.4411,61.7858,57.7499,56.5325
3875,68.1155,54.3877,47.6769,53.3434,54.9746,67.0351,61.9807,64.3757,58.0163,60.1394,59.8848,61.334,71.7341
3890.625,59.2626,52.7978,56.676,55.2672,48.1534,66.5795,66.6879,41.2869,67.1862,70.984,66.1258,64.284,52.8894
3906.25,69.804,62.4581,57.864,49.7632,58.3159,72.8837,68.6748,60.7693,66.0024,63.9877,68.4911,69.6557,83.4232
3921.875,64.3195,49.3605,56.6042,62.3621,50.9979,61.6011,65.1226,54.9288,71.0289,69.3208,70.8104,73.2832,65.5852
3937.5,75.313,60.2755,59.5224,57.7691,71.7769,85.4105,78.9448,66.5301,71.3344,72.5507,79.2482,73.8416,80.591
3953.125,74.4836,59.8294,58.802,58.7234,50.2922,68.5397,73.685,53.2792,77.5023,78.3895,73.2712,75.8036,74.8399
3968.75,72.871,61.512,57.7082,63.4465,61.5761,72.0845,71.8552,64.8711,73.7713,71.0908,71.2381,74.8281,66.4722
3984.375,76.6464,62.6345,62.5214,55.0157,65.4663,83.3937,77.0155,59.4192,79.3647,76.0692,79.6033,75.0387,85.0558
4000,69.9047,55.1751,63.1344,60.9829,57.4326,66.9485,78.1448,59.3928,73.0731,76.5688,76.9695,79.9131,72.4124
4015.625,75.6446,63.5242,54.5094,62.9955,62.0942,83.7735,79.4559,65.1371,70.7413,73.7428,73.7732,69.5503,77.4385
4031.25,73.3372,55.8409,67.0889,56.4734,47.3267,76.5706,72.9236,65.2765,80.2577,80.5744,75.8071,78.3369,74.2264
4046.875,74.117,64.5267,54.3536,62.1451,66.4628,73.0872,72.498,54.9288,72.0142,68.8994,74.6596,72.0891,77.3531
4062.5,68.4686,53.7149,59.7736,56.3373,40.0491,65.47,66.4958,56.1431,66.6632,68.4079,68.8729,74.5916,66.2342
4078.125,66.1642,53.4377,56.7013,57.7077,60.5324,74.957,68.4592,57.416,69.5229,73.953,70.1469,70.2183,73.3086
4093.75,63.8612,54.0112,52.501,50.9186,53.8067,70.3394,69.6529,57.6161,64.992,63.6246,65.8559,61.9428,55.6408
4109.375,63.5795,55.4098,53.1227,56.9896,50.3977,59.5133,62.343,44.5319,67.0127,64.3255,61.1617,64.9749,70.1606
4125,54.4949,47.9372,47.3578,42.7699,45.4038,53.5489,61.2783,55.8304,56.0996,60.096,61.4368,57.7097,56.9541
4140.625,62.1133,41.9243,49.858,53.4559,55.4323,65.2259,49.7833,50.0306,56.9624,52.6967,55.362,54.9415,59.9381
4156.25,41.5094,41.8957,40.1432,46.436,49.5102,46.8641,57.4307,43.4123,54.0514,56.573,50.0816,50.4351,56.4785
4171.875,50.3655,48.2172,44.1995,38.2748,36.4557,55.3659,45.9909,39.3732,44.8843,39.2675,53.0982,50.2404,49.8667
4187.5,46.5087,41.3351,40.3233,35.0761,37.7526,35.04,45.1267,40.5721,45.5298,49.6446,40.7651,44.2512,43.8178
4203.125,37.7988,29.7233,34.3654,36.7837,33.1624,48.5255,36.9319,34.7504,37.9011,39.1501,37.0373,37.1842,35.3362
4218.75,38.4311,30.7631,31.9424,35.4384,36.0968,32.1821,32.848,32.0946,39.4578,35.7354,37.2069,37.2503,38.8758
4234.375,28.3545,40.0893,35.8461,37.1181,32.0394,26.5765,36.3391,36.366,29.1718,29.7705,31.4163,33.1756,30.9057
4250,31.6188,28.1203,23.3264,26.7554,30.1429,35.1672,22.2294,30.3079,25.6787,25.0473,23.7934,22.4703,19.947
4265.625,22.5327,23.6659,30.4038,26.1146,29.1668,15.8755,25.5745,20.693,24.1661,24.5506,28.1828,25.1977,36.2352
4281.25,16.7671,24.5718,23.1973,28.4175,22.6242,22.9033,22.7286,23.9841,17.0693,18.0259,15.9747,18.6955,8.0001
4296.875,23.2627,23.2557,20.7468,24.2968,25.5356,13.6543,14.222,23.0805,16.9647,18.5894,16.5911,14.6926,13.066
4312.5,8.1418,16.6351,22.2385,12.4174,19.6164,23.8197,12.0536,24.0296,14.7054,11.6996,12.7323,16.4922,23.431
4328.125,20.957,27.7795,18.0706,20.7793,20.7085,0.7192,13.2035,16.1521,12.2462,10.2828,9.1181,13.0263,13.5143
4343.75,11.9602,19.162,16.9418,26.7414,19.5524,10.1002,11.7756,23.3944,7.1902,15.1225,9.2337,6.807,5.4698
4359.375,4.272,13.3496,21.2751,7.0284,19.552,6.8282,10.9051,13.0055,5.1586,8.4713,10.1549,4.4434,12.777
4375,7.3,19.47,17.5884,28.2876,18.0637,15.8428,6.9548,21.4835,14.7819,3.1582,3.3104,8.7143,11.1087
4390.625,8.3519,17.8136,15.1395,12.063,26.3861,16.1422,4.8282,21.4231,1.3741,13.7311,5.5366,2.5819,10.0258
4406.25,10.0092,28.7762,18.8711,19.2753,12.5612,3.5517,4.8478,13.8766,12.1039,1.9247,8.4337,8.4706,16.964
4421.875,12.4707,7.4605,18.3803,25.3276,22.9171,0.765,8.8152,20.8472,3.9893,8.6625,6.7915,3.3732,10.0644
4437.5,9.3435,22.3595,15.9181,12.9121,13.2163,12.656,13.6234,15.9132,9.3277,7.2097,9.5899,6.1882,8.6991
4453.125,4.4356,15.9371,15.4021,8.5059,14.3451,4.6086,3.9647,16.4142,8.6424,5.5731,10.8252,8.8909,6.4515
4468.75,9.6144,10.5377,17.5293,25.9978,19.6506,7.3425,5.243,17.3555,7.5906,8.7816,7.4173,6.9634,9.2192
4484.375,17.5932,20.5601,18.189,14.0774,18.2874,14.3375,11.8697,17.0355,14.1053,8.3399,7.2173,11.0578,6.1287
4500,12.5808,15.3472,16.3956,15.5741,14.9867,6.6603,10.8646,17.383,7.0179,7.6225,9.6651,7.2922,20.485
4515.625,10.3259,23.6042,20.6445,25.2305,19.3657,7.1819,8.0648,16.8739,16.5944,10.4739,6.6975,11.9477,6.1484
4531.25,7.7069,17.6328,17.741,22.1048,21.7864,15.2282,14.3502,22.159,8.1354,15.2126,12.9612,10.4166,8.382
4546.875,17.7431,17.0401,18.4491,17.5238,22.1999,13.8236,10.5041,14.3376,12.6561,10.4796,11.5364,11.96,11.9185
4562.5,18.9726,22.9438,20.6707,22.6664,20.2576,18.9956,10.9685,24.8037,21.9416,12.7757,15.0434,16.0731,18.907
4578.125,21.5248,22.5976,25.7816,24.3757,24.7814,19.0881,22.2386,12.5078,13.2868,18.0176,15.5394,18.2325,11.4567
4593.75,19.2803,22.1822,19.808,20.4162,17.0573,10.3329,19.2058,31.7335,21.4538,25.0555,23.6278,18.6578,15.3978
4609.375,20.9708,27.6863,28.1734,35.4374,36.1949,34.7144,19.6575,22.8738,17.388,18.5938,17.1153,21.1277,29.1167
4625,23.0063,25.0934,26.1006,20.3232,22.5839,9.2929,30.4436,33.0151,30.0289,17.6876,26.1306,22.8288,33.0295
4640.625,29.9707,28.6921,24.5467,24.9318,33.067,33.0923,22.0205,19.5854,26.0395,33.3171,28.8437,25.9769,14.8291
4656.25,34.5715,37.1203,35.5283,33.2937,30.4195,33.8837,31.5792,38.3474,32.0544,27.8103,26.5451,32.3354,32.1923
4671.875,28.0867,28.6919,36.801,29.461,31.7727,28.1207,33.663,38.8567,30.4286,36.3757,33.5169,29.3657,21.7918
4687.5,36.4797,40.2301,34.0564,42.8705,38.9587,33.3906,32.5073,31.4375,31.4079,32.027,35.0066,35.5827,40.9873
4703.125,31.4238,40.8438,36.9963,43.2896,37.7968,38.9865,41.8633,38.1985,46.31,33.7203,35.0052,36.54,41.1542
4718.75,44.0757,31.2745,42.1637,31.5642,39.0312,36.0473,32.5889,46.0906,29.5517,47.229,40.6271,42.3979,44.5858
4734.375,36.3989,48.1802,40.9077,48.0726,35.9772,43.7659,43.9711,35.9036,46.1492,39.6068,40.9401,42.2894,38.2505
4750,45.3964,39.3458,42.9559,38.5438,49.7122,45.1884,44.037,47.6249,42.0759,38.1141,43.9183,40.8501,43.8735
4765.625,41.7235,48.7153,48.3735,48.0842,39.9409,43.6778,46.2909,46.3482,43.8534,47.1576,42.8804,44.5683,53.9498
4781.25,35.4019,46.1364,43.3113,42.5919,47.2521,44.1683,42.6602,40.4114,41.6905,47.8278,46.3249,44.9822,39.2888
4796.875,52.3324,46.6451,47.2242,55.9527,47.8521,47.2858,50.9217,49.1789,50.0925,43.3222,46.9497,46.6651,45.9638
4812.5,38.7337,45.4536,48.7413,36.6257,47.0657,52.1558,41.4091,52.0027,42.3517,44.1404,47.6838,50.7448,40.5453
4828.125,49.486,43.4954,47.3113,55.6916,47.9207,37.6264,46.4467,46.2869,47.0071,48.5735,49.1323,41.1944,49.5448
4843.75,45.8431,52.1387,51.0833,45.5677,44.78,51.9716,53.3982,46.8106,42.5092,41.8964,44.3776,50.8898,45.5606
4859.375,44.402,51.7544,46.7419,49.2073,47.5111,47.3886,40.7727,49.5224,48.7005,49.3675,49.7381,47.2524,48.7272
4875,46.297,48.2049,48.1745,56.1583,46.9141,48.7308,50.0579,49.7352,47.215,51.2779,44.0006,46.2194,47.2518
4890.625,39.5318,43.9011,45.9652,34.113,39.9222,42.1275,45.9978,55.7637,41.4384,39.7399,46.647,42.9333,45.1867
4906.25,43.1305,52.7486,45.2474,56.8932,51.25,44.7405,38.9628,39.6659,41.7679,43.5041,40.1036,43.2774,43.3598
4921.875,35.9053,35.9415,45.1364,46.1043,38.4757,35.3483,43.1954,44.4228,41.249,39.719,43.2911,43.2007,40.2405
4937.5,41.2878,49.6039,44.2536,38.8819,48.275,49.832,38.7625,43.2713,44.3181,42.91,41.6298,39.3608,44.2565
4953.125,37.2087,34.7119,40.3797,39.3168,32.2866,41.276,42.4673,49.9983,31.5126,39.3737,36.5454,40.5541,35.7677
4968.75,32.8438,42.5936,40.7343,38.6939,40.3977,29.5045,36.9372,35.0926,37.9281,30.1419,35.098,34.8464,45.8968
4984.375,32.2911,36.078,35.6004,35.1223,36.7505,35.5208,30.5792,37.0791,28.5898,37.7803,35.2227,30.0583,30.2583
5000,27.1426,29.1359,37.4119,43.8443,35.9363,35.036,29.5676,40.2856,38.5025,25.0408,29.0387,35.3979,19.7691
5015.625,28.6628,35.5294,30.3307,26.5044,28.209,26.4803,32.0112,28.2794,21.8517,30.5742,30.7893,27.2086,36.3077
5031.25,22.697,26.1247,23.8082,22.694,20.0055,19.0981,23.9799,27.3741,25.3964,24.2056,23.2981,25.58,29.6687
5046.875,19.4843,26.8425,32.0209,22.4119,33.5407,28.6281,24.1448,28.5901,22.342,23.3215,22.3544,22.9,12.1282
5062.5,16.9871,16.2166,17.1555,29.687,14.2291,21.1171,18.8361,23.8805,20.5393,17.9948,23.7909,20.7019,22.2237
5078.125,20.3119,23.2022,20.6622,18.3551,20.2721,24.8871,19.2768,14.0459,13.6731,20.2148,17.2555,17.9189,18.8674
5093.75,18.0034,19.9209,15.4766,14.4069,13.7648,11.5103,13.1128,23.6088,17.1787,16.175,13.0168,15.0557,18.1862
5109.375,7.1183,9.178,12.2451,12.0341,13.9194,11.3562,14.0813,13.0861,12.2238,9.2097,15.576,9.8991,13.3939
5125,16.2077,6.4952,9.7833,13.0278,15.245,11.1303,8.925,3.7061,12.869,16.402,7.6041,13.7578,6.5936
5140.625,15.7219,12.5701,11.1134,4.0489,9.3397,13.0283,15.8918,10.7343,10.1994,8.6181,14.0944,11.9094,18.448
5156.25,11.4375,5.1089,2.5568,6.3908,5.9373,16.9877,11.1552,4.6516,11.6931,11.4308,11.6874,7.1763,8.2779
5171.875,10.4072,3.0125,7.4988,7.4779,1.9282,6.0616,10.7234,3.7167,12.6817,12.6465,10.5017,12.0897,10.8224
5187.5,10.7537,6.8105,2.3761,2.7802,10.9328,12.2053,10.2758,8.0845,11.016,9.9403,13.9602,13.3417,21.5938
5203.125,15.6521,3.9287,9.047,6.8343,4.984,22.4724,16.0152,8.4477,15.0374,13.8344,11.5893,14.0297,9.4232
5218.75,15.9865,11.703,8.6218,16.2196,15.1331,3.9961,12.5776,11.8861,12.7073,15.782,13.9707,15.667,9.8954
5234.375,14.57,9.9201,13.1067,5.8795,10.0694,16.3296,13.1175,10.2548,12.177,13.2325,16.5319,13.674,14.0342
5250,14.0114,11.4607,13.9746,12.3426,11.3128,16.0591,17.7827,17.9751,21.744,17.718,13.4905,16.2756,25.4741
5265.625,14.2967,15.7284,12.1562,15.0416,9.8204,25.9032,16.3595,11.0324,14.7915,16.6693,21.2176,16.5235,13.4115
5281.25,18.8886,8.473,16.3775,19.2048,18.6459,11.0584,17.3328,14.8978,15.0901,19.7518,16.327,15.1707,20.0574
5296.875,15.1769,25.0286,18.9136,19.8587,12.4403,23.8543,17.3846,19.6033,16.0347,14.9842,16.5545,18.5243,11.5317
5312.5,18.7364,9.3599,14.879,8.4745,15.3695,14.9307,21.1121,14.7425,25.1294,13.1345,19.4668,18.9626,23.729
5328.125,12.7025,20.2031,19.466,16.4405,15.7831,11.7737,15.3164,17.7926,10.8963,22.7454,16.0844,13.4263,22.6264
5343.75,20.2913,16.4128,16.0462,23.8697,16.8418,28.0798,16.8246,20.3493,18.1758,19.2975,17.1782,24.3674,16.1134
5359.375,14.2656,17.7837,15.751,9.5389,10.4721,14.4914,21.6978,16.8149,19.3048,13.6842,18.6462,14.9946,12.2514
5375,17.453,12.0639,14.1064,20.4443,16.171,17.4486,15.6215,18.0231,15.7459,20.074,16.5402,19.3918,18.037
5390.625,17.6897,12.3535,16.889,10.9708,11.5318,13.1305,11.9288,7.9647,18.3272,14.1119,14.2182,11.9345,17.5261
5406.25,12.9003,10.5432,13.993,17.0539,11.4703,22.0414,18.2383,17.5168,7.4162,15.4306,15.0486,17.0275,17.4397
5421.875,14.2912,12.6334,7.1389,4.1818,6.649,9.7621,13.6308,9.2578,18.2429,12.6316,14.7754,14.4327,8.3888
5437.5,15.0372,12.3649,9.9359,11.8983,11.761,16.1049,15.069,15.9455,14.2098,13.3457,12.1921,12.9542,22.9893
5453.125,12.3151,1.0557,6.5063,8.2574,2.4465,14.7684,12.5406,3.6637,12.2523,12.3992,15.9835,12.5069,15.8644
5468.75,14.4468,4.5136,6.3762,5.5253,4.2561,6.6874,12.882,4.4358,10.8913,16.3467,10.059,12.5989,3.8063
5484.375,9.7706,4.2373,5.4886,4.6615,5.3599,10.8516,13.7643,4.2404,13.0434,10.624,14.3113,13.7647,10.0725
5500,13.7841,4.1546,5.7021,3.4425,7.4834,14.2101,7.9921,3.13,12.4826,12.4968,9.3599,11.3412,22.7941
5515.625,14.892,7.4616,8.0613,8.4069,11.4536,12.7214,12.5649,8.2542,14.735,12.1514,15.2741,10.8133,8.1215
5531.25,14.4822,12.2708,9.8833,10.5999,12.1889,8.3752,14.6255,10.7869,11.5529,12.2009,11.5327,11.8234,16.2875
5546.875,12.1411,11.402,14.5374,7.5312,8.2575,16.8002,13.9389,12.4229,13.8806,13.4745,15.0585,14.3621,17.4866
5562.5,9.8097,14.1436,14.5579,20.364,18.3404,16.7174,15.7674,17.6977,16.5172,17.8487,14.0719,14.3867,9.3509
5578.125,21.9837,17.0518,19.945,20.1087,20.5373,16.7376,13.4744,22.4051,14.8833,15.4982,14.9404,17.0729,13.8322
5593.75,14.4778,28.8392,24.2658,23.2572,24.9823,13.4147,20.3391,19.0449,17.1727,15.5735,17.9591,14.9168,25.1262
5609.375,17.767,26.307,24.7862,28.6613,23.0675,15.5899,15.059,30.1924,16.5115,22.8137,17.5475,20.0311,13.8455
5625,18.1595,27.5457,27.9627,26.1818,26.6795,23.6396,20.4069,25.3046,21.6896,15.3977,19.9433,16.8952,20.8252
5640.625,15.4649,31.1862,33.0288,31.4279,33.3378,26.2979,21.226,35.1674,18.7176,22.1958,19.5321,24.2727,23.5025
5656.25,22.6788,35.3244,32.9439,35.5658,33.6956,16.3994,19.3041,32.4573,19.3204,18.2651,22.6894,19.0864,24.6224
5671.875,21.0756,31.6957,37.8798,31.5148,30.5458,23.8861,21.9173,42.2244,23.9101,25.3284,25.1453,23.5239,16.6955
5687.5,19.5306,38.8023,36.3341,43.7013,43.9333,20.8567,25.7563,37.3557,23.4249,21.0187,20.2558,21.0263,24.0147
5703.125,22.0491,42.0078,41.4018,34.1368,36.6558,24.9831,24.4083,35.8855,19.2128,22.0183,23.4553,24.6977,24.3073
5718.75,20.7727,42.9178,41.9724,46.2683,41.653,29.7292,22.1809,43.5849,23.2012,24.7669,22.8649,23.8346,26.5668
5734.375,21.5878,41.0856,39.3852,39.2279,36.2241,12.7145,20.0677,45.2507,22.6169,22.7157,24.6385,27.3429,21.8012
5750,20.6241,41.4498,45.5513,43.2768,41.5313,31.0768,28.519,43.379,22.9367,20.5807,24.0347,20.1044,26.984
5765.625,23.3194,38.602,39.7462,48.3601,42.225,20.2728,22.2843,36.993,20.3866,23.7134,22.9422,23.9554,19.1739
5781.25,18.4254,41.8161,44.3805,35.1322,37.7136,25.0098,21.8267,45.1771,21.9212,22.8721,22.2071,24.5454,21.2179
5796.875,18.1633,40.8882,40.3311,40.8796,43.3791,23.2463,20.7822,42.8294,23.7262,17.8518,22.5011,20.4296,30.9148
5812.5,20.7022,38.8069,38.6919,41.3419,38.8272,20.6388,21.578,37.4799,17.0414,23.7594,22.7941,21.6459,12.8202
5828.125,16.4729,43.3818,41.502,38.9737,32.2812,18.3873,19.275,38.5878,19.5841,17.5871,16.1355,21.3858,22.9272
5843.75,18.2754,29.8952,32.3343,36.4148,37.6787,25.6612,19.3979,42.9712,17.1371,21.3805,23.4176,18.1613,21.052
5859.375,9.6062,34.6814,37.0369,33.8002,30.9433,11.8443,15.2555,30.7315,16.8838,15.7541,12.7225,16.9415,16.682
5875,19.7212,27.9324,30.8442,26.201,27.2282,19.1151,15.5668,30.2743,15.7366,16.5241,19.5022,15.7615,23.1453
5890.625,10.118,33.1692,23.7154,32.8819,32.3502,13.146,16.4491,30.0141,7.8935,14.3681,10.577,11.2046,9.6382
5906.25,11.1141,24.4965,28.2002,24.1555,17.1762,12.9597,12.414,25.255,14.745,12.5935,13.5849,14.0355,13.7444
5921.875,10.4424,16.2717,23.009,22.9839,23.4078,12.0258,6.8334,24.0962,13.0731,11.8813,7.9358,8.1405,10.3729
5937.5,11.1182,20.8623,15.4037,17.5356,16.3939,10.5935,13.4871,12.7463,4.046,9.0241,10.0506,11.6391,12.2133
5953.125,4.3001,12.9161,15.5798,9.5488,13.0194,4.9691,4.5787,15.1865,8.0782,9.1471,7.4877,6.8932,2.0895
5968.75,10.3073,13.4822,10.7591,16.4405,10.4895,9.6376,4.3082,15.4806,5.6215,7.872,4.9679,4.1888,10.7742
5984.375,7.5417,8.4184,9.5259,9.6239,9.0806,5.9413,8.6108,2.9284,4.93,5.526,7.3527,11.3115,0.48
6000,3.7279,12.4889,5.9389,13.0252,9.2302,2.2692,4.6422,13.968,5.2664,3.6287,5.1125,6.1583,10.7083
6015.625,11.0088,6.3275,12.4693,2.6064,10.1859,8.5136,2.7084,7.6997,6.2061,6.3888,7.3258,6.675,2.3769
6031.25,5.829,6.9847,6.3495,13.5216,12.9148,11.2194,12.176,9.1508,11.0945,9.7035,7.8488,7.4907,7.9623
6046.875,11.8138,20.6514,20.3909,13.8248,13.7781,8.8209,10.1384,17.2534,5.464,10.7961,8.4388,11.1414,10.8324
6062.5,11.1228,16.0912,16.3847,20.5842,16.4624,14.0086,12.5656,19.4253,14.8612,11.3858,12.9859,11.2608,13.8587
6078.125,11.9034,21.6133,23.7979,23.3823,15.8447,10.8743,12.6279,19.775,11.3475,11.9559,10.2058,15.0673,12.4814
6093.75,11.8372,27.4285,23.1791,21.6833,25.1505,19.0967,18.4917,26.9766,14.0135,12.9153,17.4873,12.7953,15.1158
6109.375,16.9628,24.2381,32.8593,30.9999,33.266,17.1608,11.964,27.7542,16.3081,17.9767,16.8725,15.2469,17.8188
6125,7.8638,33.3719,27.4197,31.4934,29.8602,13.9624,18.9931,33.0935,14.1932,13.6521,16.3849,17.4946,18.9061
6140.625,23.6216,34.5529,33.1278,35.2006,33.7488,16.6133,18.553,35.8793,15.244,19.3721,14.908,18.2521,13.4206
6156.25,13.568,33.4796,38.5415,31.1768,32.0424,14.4951,15.5246,33.7153,21.6521,18.1535,20.8403,16.841,25.0568
6171.875,15.8061,40.1685,36.4854,39.112,39.4361,27.7515,19.2295,38.6621,15.387,20.8707,21.7654,20.7156,17.7551
6187.5,17.8258,34.2933,38.5726,41.9257,32.8588,16.7339,19.6595,41.1049,21.2382,17.2306,17.3255,18.2303,21.8725
6203.125,14.8656,43.1126,39.887,32.2034,42.5472,17.9536,20.0972,39.1596,16.0693,17.9414,20.6432,20.1684,22.5918
6218.75,16.8994,38.1658,39.8766,48.4604,38.0683,20.0182,16.6801,38.5579,18.7197,20.7215,18.6015,21.4923,12.474
6234.375,19.0747,41.4199,41.0828,40.0814,32.725,20.6024,23.9259,44.1814,19.3624,18.1134,21.7674,18.164,19.5022
6250,20.2145,37.2998,38.7355,31.3381,39.6199,14.5857,14.8156,38.4357,18.8669,17.2831,19.3044,20.7597,26.0134
6265.625,10.4155,39.6863,40.5205,41.9915,42.5139,23.9072,19.2378,39.9435,14.5342,19.5527,20.4533,17.7969,18.3106
6281.25,18.4097,35.4575,38.8573,39.9428,36.8088,18.6351,18.3292,41.3488,20.4003,18.2719,16.7537,17.0463,14.6532
6296.875,15.9165,40.0596,33.8203,33.4476,30.2227,21.5586,16.5785,32.1648,16.7982,17.4969,17.9501,18.6882,23.148
6312.5,17.8461,27.6647,34.6353,33.8985,33.9614,15.3357,18.081,31.5974,17.6885,16.5687,16.9431,16.1135,13.9934
6328.125,14.044,34.772,32.2939,33.4801,31.3024,19.6397,14.954,36.9304,12.9724,15.3945,15.5682,18.389,21.5344
6343.75,12.677,28.8215,30.7108,29.0708,30.6347,12.3628,15.9916,25.9618,14.5049,13.6049,15.3662,12.1394,18.0675
6359.375,14.3029,25.7195,25.4039,27.9155,21.6616,15.8647,13.4738,31.6998,15.7527,16.8047,13.1327,17.2706,19.2454
6375,13.7411,28.6093,21.7755,25.372,24.1436,13.3876,15.5745,23.856,14.7118,11.8216,18.8458,12.1096,10.3783
6390.625,13.8667,19.5331,25.2315,19.8602,33.7075,15.3107,14.2609,21.9402,14.9299,18.1604,10.9205,14.6263,11.213
6406.25,14.6041,18.2104,21.0742,23.4347,13.5228,11.9012,14.2041,19.7581,12.7315,13.1574,15.3973,16.5834,20.4067
6421.875,13.7498,17.5684,16.1962,15.1479,18.964,17.3405,11.6655,17.2711,15.8936,14.1161,15.1459,12.4264,20.0727
6437.5,19.2928,20.8489,18.2986,23.6154,17.4161,17.0765,20.4001,18.5687,18.6628,18.4018,16.0225,16.5805,10.4534
6453.125,11.2205,15.1362,19.1944,14.373,18.4606,15.1987,16.3524,15.9755,14.8027,16.1696,15.9516,18.056,14.1053
6468.75,21.29,20.8697,18.2165,15.5944,16.2175,19.1021,18.4196,21.3072,17.5849,17.0614,19.259,15.7832,18.0413
6484.375,15.2228,23.5924,17.6593,18.444,16.81,13.8772,16.2734,19.9695,20.593,20.4465,16.0935,23.4603,19.6143
6500,20.2035,21.7261,27.2887,27.9237,30.7839,22.7193,20.8186,27.6305,17.4922,18.4007,20.7422,14.9301,24.8174
6515.625,21.4664,20.4268,22.4221,25.6155,29.1323,20.7323,23.4516,20.9258,22.1942,20.5368,20.304,23.9841,18.2753
6531.25,21.6278,27.5998,26.9408,26.2971,21.595,25.4464,20.7573,30.3972,24.5954,22.5143,23.2196,22.2735,26.5445
6546.875,20.7931,32.3073,32.9982,26.9874,33.8599,13.0215,22.9563,32.3756,20.9677,23.5459,24.5373,23.3955,17.9657
6562.5,24.9866,33.2526,28.8557,39.8133,28.5686,44.247,24.9089,30.1575,24.0637,23.2505,23.4203,25.6531,30.2314
6578.125,21.7895,35.8101,35.9583,31.6081,31.8489,15.6658,24.1605,34.164,24.8604,27.3522,27.773,24.2931,20.0467
6593.75,28.0518,37.56,37.7915,36.3491,35.0483,27.8251,24.7819,35.5349,25.1153,23.1201,21.8497,25.8007,27.32
6609.375,21.184,31.0362,38.5779,35.8765,42.2782,23.9577,28.8689,41.7399,26.3211,28.7689,30.7486,25.6191,28.8709
6625,24.392,42.191,38.1649,42.5153,31.8825,27.2975,25.6193,38.9585,27.2169,24.8177,24.1826,24.5818,25.1145
6640.625,28.7691,37.9423,40.4938,39.4934,39.3897,31.1777,24.7799,42.5421,24.1768,26.2087,29.7373,31.8939,34.3652
6656.25,22.9906,42.8658,41.0341,37.901,36.0008,27.4169,28.3727,39.2065,28.0935,27.8237,23.6645,22.9527,25.48
6671.875,26.2485,37.7045,40.8693,41.3897,44.497,26.6876,26.4829,43.3229,25.4117,25.9626,28.4895,29.248,29.5524
6687.5,24.9463,44.2825,41.5402,39.9035,27.8586,22.3311,27.1145,39.2398,27.9571,24.8352,27.8543,26.6154,17.3924
6703.125,21.7377,40.5883,38.2393,44.6502,45.9721,28.0538,24.3435,43.3258,23.1911,26.5471,26.842,26.0733,29.5169
6718.75,22.9149,31.2917,37.1432,42.6938,33.5672,27.2318,25.4014,38.8318,26.6124,26.5673,24.3892,26.3582,29.9547
6734.375,26.4226,43.4194,40.4972,30.7963,35.8074,29.8448,24.3755,34.6273,20.5438,22.4749,24.461,25.8136,24.2777
6750,20.4699,31.2144,36.0341,33.3069,36.796,19.7799,24.7356,35.9425,23.7309,21.6273,25.8177,19.6239,25.9007
6765.625,21.884,39.8965,31.0763,35.8713,30.592,21.5501,24.4125,33.8017,22.6278,25.5996,19.6772,26.0707,17.664
6781.25,18.4518,29.5417,32.5085,35.6376,32.7769,22.9224,19.8136,34.5432,21.1482,19.1788,21.4683,21.0864,28.0901
6796.875,19.4434,22.3709,30.8158,26.2945,28.1889,18.5235,18.4379,28.4956,20.6298,18.5418,22.2098,19.0943,20.2691
6812.5,16.0389,27.541,23.1929,25.9605,25.6516,22.1379,20.008,24.609,17.0987,17.0601,19.368,19.3182,20.1495
6828.125,18.89,20.9758,25.684,24.9302,19.8576,15.1543,18.6118,22.1143,18.4856,19.0969,15.9115,19.9017,15.0299
6843.75,11.9681,23.3072,17.2934,17.8,22.4598,18.9131,15.9531,17.7412,15.5143,15.7733,16.8821,15.2842,13.0752
6859.375,16.8994,17.6793,16.7066,15.2176,12.8634,18.6168,13.1071,16.7348,15.4668,13.6802,13.5082,13.0665,20.3926
6875,15.7422,11.1708,12.961,8.5571,15.4579,5.7791,12.3683,12.9111,11.9421,13.3301,13.9547,14.7109,12.264
6890.625,8.7651,9.4253,10.1821,10.5138,14.7209,12.1821,12.4908,13.4927,11.4372,15.5859,10.0026,15.7462,12.3346
6906.25,14.5192,8.7139,6.609,9.7163,7.5271,10.9415,9.309,6.8566,11.0342,6.5434,11.6007,5.5651,7.6356
6921.875,9.6301,7.6962,6.0993,11.7334,2.9787,9.7514,11.5049,6.9272,10.992,9.5393,10.0165,10.4668,9.8095
6937.5,10.6437,2.6608,8.1745,2.8214,10.2928,12.8289,5.9556,8.1731,5.0819,13.0874,6.0515,5.43,6.6843
6953.125,5.3392,12.9916,7.1256,11.439,7.9635,3.7598,9.4849,7.1488,9.9404,3.1034,7.7096,5.5642,9.07
6968.75,9.4589,6.5554,8.8503,7.9781,7.5315,8.5895,3.7278,9.0262,2.4659,8.5042,8.7987,7.0507,7.0219
6984.375,7.4194,9.0724,14.9452,13.779,11.9727,4.8123,4.7962,12.9122,7.1388,5.0884,4.4085,3.7661,3.7254
7000,2.7707,18.5106,14.4269,14.9396,20.2614,6.7278,4.9108,17.693,3.3879,7.101,5.4969,4.4461,5.2772
7015.625,6.7938,16.4196,17.2574,18.5141,11.5887,3.9746,5.3961,15.4146,5.2425,3.977,4.8407,5.7672,3.5549
7031.25,2.8123,20.0166,20.832,22.8033,22.214,5.9391,3.375,22.686,2.5866,4.3038,5.5203,5.7821,3.7506
7046.875,1.9093,17.7889,18.7817,15.5547,13.8658,4.748,4.0633,18.4219,4.412,1.786,2.857,5.7446,3.3486
7062.5,8.2587,23.1308,24.4886,25.5932,27.227,3.9463,4.5329,25.1423,6.6202,5.544,7.228,3.8375,3.176
7078.125,3.1983,26.1765,23.9157,25.5802,17.7727,6.3444,3.8432,21.1447,1.8477,1.7706,3.0871,7.1092,7.2355
7093.75,3.6028,24.2162,23.9893,22.2943,21.2791,3.1521,3.4558,29.9291,3.1583,5.5182,3.9203,3.3325,3.4512
7109.375,2.0115,23.9773,27.7263,24.4561,30.179,8.5336,6.4651,23.6416,4.7777,4.4825,6.7199,3.8154,8.4811
7125,10.0143,24.3037,21.8229,25.9746,21.3383,6.5502,4.4228,24.2541,7.5135,5.2683,3.1551,7.4462,2.9858
7140.625,3.6594,28.3977,26.2532,26.2286,19.6767,8.6852,6.2821,26.0507,2.2957,5.1712,5.7605,5.0014,7.6556
7156.25,4.6268,21.0675,27.124,26.1831,26.4279,2.0992,5.8127,24.2283,5.8768,5.1108,6.298,6.4887,8.3341
7171.875,8.9024,24.6197,21.924,20.5631,22.6551,11.9268,5.7686,25.3705,4.4949,9.5188,7.7535,5.3841,8.2402
7187.5,5.2006,21.2413,22.5538,24.9555,24.6625,7.8274,10.5473,23.9271,11.6471,7.3564,10.3729,5.7957,5.1765
7203.125,9.4579,23.4146,21.9188,19.4709,19.5677,3.559,5.6971,21.7141,4.4854,8.4426,5.3951,9.1931,7.0494
7218.75,9.1889,20.7656,19.433,21.5527,14.9505,10.7997,9.1358,21.0087,9.9229,9.2624,8.2275,9.1177,9.0679
7234.375,6.2045,18.4169,20.594,20.1642,21.8731,3.2382,5.414,20.3943,3.8753,5.794,7.212,7.1273,7.8138
7250,5.0661,18.8859,15.6983,17.1968,13.6165,11.4374,9.1738,15.9547,13.8369,10.0752,9.1893,5.303,12.2299
7265.625,13.9195,16.4593,20.6035,12.4612,20.7854,10.5107,8.4203,15.7646,8.039,11.2663,8.7089,13.0695,5.9184
7281.25,10.0244,12.5564,9.6419,16.0577,12.7471,11.6022,9.7052,14.8512,11.1744,8.586,10.1956,7.8907,10.3399
7296.875,11.1076,14.5156,15.561,13.3432,12.3357,10.749,15.0349,10.8115,7.5783,10.3838,10.5102,11.7108,11.6861
7312.5,8.2856,12.9864,12.1142,14.2556,12.5505,9.5337,5.2729,14.9838,10.6465,9.712,9.0397,11.9705,10.1356
7328.125,9.281,12.5962,14.4071,15.9144,11.188,13.3617,13.1322,11.8617,11.9862,10.1262,13.3971,9.3357,11.3382
7343.75,13.3491,14.4488,14.4085,9.2201,15.439,9.3419,9.5896,13.7894,8.4101,13.9808,9.655,9.135,9.2558
7359.375,11.8985,11.1307,11.6114,13.8684,13.7227,13.1916,13.2441,13.4833,13.8111,11.2376,9.806,15.4641,16.4711
7375,13.1676,15.9646,17.6122,15.294,12.994,10.504,13.8834,15.2023,9.7602,13.1636,14.1102,10.0339,10.8947
7390.625,9.8214,20.3205,15.9192,17.9117,17.9569,12.265,9.2989,18.2489,14.5121,9.1368,9.1976,11.6121,12.0994
7406.25,11.5959,18.1069,22.8321,20.9809,19.9524,14.9283,13.2114,19.8079,11.3616,13.5362,15.3293,12.5323,13.285
7421.875,11.5232,22.19,20.7605,21.5557,19.9184,15.3003,10.8658,20.242,13.0941,12.8882,12.3694,14.1071,12.5849
7437.5,13.9745,20.8321,21.4292,21.8005,20.8856,12.7613,17.9454,24.0661,10.5768,12.7209,13.4728,13.5782,15.0264
7453.125,9.3908,25.8203,27.1111,25.115,23.5132,10.7544,7.3616,28.2235,14.4515,11.6056,10.2931,11.9473,13.4233
7468.75,10.4603,29.0142,27.6566,29.6084,27.3811,12.1722,13.2521,28.8296,14.2991,11.5731,15.3695,15.0736,10.6551
7484.375,14.3705,27.0535,26.4352,27.2793,27.9439,18.047,13.4968,27.2144,8.9993,16.8219,13.0702,10.5881,14.6624
7500,10.5795,29.1705,31.4325,29.4565,27.6857,9.1248,14.4136,29.9796,10.362,9.3582,12.6454,14.2654,13.5128
7515.625,14.6203,31.3756,33.6043,33.0053,26.713,19.7475,21.2917,30.4631,22.7045,17.4786,14.0563,12.674,16.4576
7531.25,9.3463,33.0235,28.2179,29.3841,34.3842,11.3394,5.2012,37.6378,8.8753,8.8665,16.958,16.2635,12.6098
7546.875,14.0097,36.9519,38.8698,37.9102,30.5811,13.8007,14.8498,31.6456,18.8933,14.3245,13.0979,11.998,12.1327
7562.5,14.779,27.9994,34.2163,28.989,35.1591,18.2893,14.2152,32.5085,14.5446,17.404,12.7522,17.0625,16.7868
7578.125,11.7361,37.6212,31.0799,38.8523,30.1067,10.5864,18.3159,38.666,12.9399,13.7989,16.5712,16.7908,11.7715
7593.75,10.4547,30.9924,38.4113,30.1635,31.0228,19.4753,11.1751,31.8264,12.4367,15.809,15.5818,9.9107,18.5782
7609.375,14.9385,37.4637,35.7783,39.8942,32.206,14.0563,19.2172,39.1745,20.3122,11.9436,14.2581,18.6576,12.4594
7625,15.6207,31.6694,33.2218,33.1917,35.5491,15.9615,17.5052,34.4709,15.9397,17.5682,19.3948,17.3032,17.0355
7640.625,9.46,36.3128,35.6341,36.5816,36.1962,15.4799,6.8306,33.6931,9.6721,14.1833,13.7588,15.567,14.9118
7656.25,22.1765,34.4551,31.7649,32.7016,26.4342,20.2993,28.1958,34.9109,21.4202,20.2573,20.325,18.0821,19.2626
7671.875,9.2808,28.8487,34.6275,34.2433,34.2661,19.3191,15.633,29.7357,15.3425,17.9556,16.3946,16.8352,20.4717
7687.5,24.7837,34.3318,28.3577,28.3895,30.612,18.5947,18.6925,35.49,20.9622,17.0859,18.5799,19.407,16.3636
7703.125,15.7747,29.5292,32.9016,33.2402,30.7208,22.3119,20.7307,28.8954,17.8293,19.0685,21.0363,21.6003,20.6383
7718.75,20.6404,30.663,28.403,27.8472,27.1795,17.5673,19.7751,31.3982,21.2906,22.4173,19.4506,18.9629,21.3856
7734.375,19.2491,27.5656,28.9041,30.5302,26.3502,23.8868,20.5319,26.8082,18.3077,20.7239,20.9883,22.1784,20.7422
7750,22.8338,24.7461,24.5911,23.2923,28.4416,20.7214,24.5104,26.4444,23.496,20.8539,22.9148,23.2975,20.7134
7765.625,21.4101,25.9087,25.1931,26.5748,25.3294,21.7253,19.6412,24.7274,21.4696,22.4205,22.4115,20.9659,24.0972
7781.25,24.639,24.2311,23.6071,23.0982,20.4625,24.3188,25.1148,24.3066,24.8778,26.1253,23.843,24.4161,23.1021
7796.875,23.3752,21.0168,21.9336,23.2398,23.5507,24.6507,25.4698,21.3512,23.3543,23.8764,23.7664,23.8304,25.3915
7812.5,27.6885,19.6774,19.2879,17.8893,20.5326,24.7693,24.3221,20.5437,26.3381,23.801,24.7396,25.0943,23.8516
7828.125,26.6175,19.3545,18.7843,19.2878,19.6287,28.5053,25.8391,17.3627,25.7464,26.7864,26.4125,27.2965,26.0696
7843.75,27.0328,18.4377,17.5418,17.6153,16.3392,23.2151,26.4055,17.2058,27.3697,26.2664,26.6118,24.3791,27.285
7859.375,27.6435,14.9883,15.5748,16.3779,16.7061,26.5696,26.6847,15.3693,26.2969,27.1364,25.4805,27.418,25.0732
7875,28.9356,13.1676,14.0764,13.1953,15.8313,29.6186,27.9031,13.1907,28.6562,27.0097,27.7103,27.924,27.6253
7890.625,30.9651,14.1637,12.0243,12.2059,13.8439,26.2576,26.9989,12.9544,29.4733,27.7877,28.6304,26.4852,30.2024
7906.25,28.4921,11.9854,12.4254,13.501,13.3355,27.9903,29.0454,11.0696,28.0026,30.4778,26.9593,28.523,25.7971
7921.875,32.7972,10.3319,10.0971,10.1081,11.2866,30.32,29.9208,10.8666,28.9893,29.338,28.0744,27.5023,28.6004
7937.5,28.498,9.3942,9.1801,9.7451,12.3345,25.648,26.5549,9.0831,30.326,26.5956,29.7204,29.4832,28.9793
7953.125,33.6808,9.6656,8.385,7.2673,9.5706,31.9082,29.3806,8.2117,29.9752,30.6374,28.8372,29.1924,29.2309
7968.75,30.2434,8.5898,9.3042,10.9678,10.1306,26.9246,30.2153,7.0882,29.1401,30.3418,28.1795,28.2958,27.9383
7984.375,32.5834,9.0286,7.2813,6.0373,11.2936,27.8092,29.8678,8.5465,31.4289,29.5741,29.8613,29.2315,29.5752
