Frequency(Hz),REC0.wav,REC1.wav,REC2.wav,REC3.wav,REC4.wav,REC5.wav,REC6.wav,REC7.wav,REC8.wav,REC9.wav,REC10.wav,REC11.wav,REC12.wav,REC13.wav,REC14.wav,REC15.wav,REC16.wav
0,0,0,0,0,0,0,0,0,0,0,0,0,0,0,0,0,0
15.625,0,0,0,0,0,0,0,0,0,0,0,0,0,0,0,0,0
31.25,52.8116,61.2739,40.0485,47.311,46.5606,53.1149,61.8965,53.0818,75.1341,40.1555,57.4202,50.2973,40.9528,48.7621,37.0764,53.6476,75.4951
46.875,49.8038,65.4168,47.7824,35.912,32.8928,55.2708,56.3997,23.9764,40.7281,44.0527,46.8322,56.271,30.4363,30.7969,39.1438,27.9158,49.2677
62.5,34.4665,57.0135,32.2217,25.3077,33.8466,59.4452,66.6833,46.3105,63.8014,38.2755,59.1189,57.9128,37.0768,31.1105,31.3986,27.7235,54.1287
78.125,46.8399,53.2068,35.6449,43.8764,27.8513,48.1451,44.6865,16.6091,45.3074,16.4168,53.1933,38.3967,29.4866,37.5736,45.5742,44.5377,51.7905
93.75,39.6153,57.1008,36.2257,28.0895,33.7229,55.2303,45.7327,40.44,50.205,36.8167,42.9841,55.807,38.5503,26.491,19.9468,23.0491,46.8027
109.375,29.4571,48.2478,25.4864,31.9705,34.317,34.1746,48.5956,27.386,52.408,32.2938,33.3406,37.787,21.1206,29.1375,27.7802,30.0921,29.9964
125,34.3287,50.7628,32.745,19.3421,19.6524,48.4057,32.1123,24.5255,28.6776,17.7079,38.1783,41.3874,30.983,30.0063,28.839,24.3065,42.0336
140.625,32.0323,23.0691,23.3443,35.3006,27.9615,31.4388,40.4681,18.9206,30.8427,27.4877,53.4765,30.0182,33.7957,17.9656,23.0073,16.5486,35.1766
156.25,31.7778,44.2969,34.3216,22.7358,21.3896,35.3309,32.1025,30.9933,32.054,26.1354,17.2884,25.8671,10.9927,30.7142,22.799,27.8726,26.9402
171.875,27.9269,25.3729,8.286,21.5581,14.9284,17.86,29.2973,16.8057,26.9079,26.8461,27.4702,29.5138,20.7721,25.2248,15.1465,14.7354,23.1822
187.5,19.6352,27.6601,20.4492,26.6287,30.0615,28.8661,22.0309,13.6054,24.1601,27.0457,23.3184,19.3618,32.3228,10.7917,19.4581,23.7604,26.8057
203.125,20.33,14.6449,25.9033,26.8489,9.4283,18.4008,35.1394,37.4574,9.4925,17.9118,15.0373,21.1261,11.6494,12.3161,17.9965,11.9887,16.4105
218.75,21.2127,22.8114,22.6015,18.5301,16.9848,25.7393,4.7339,22.7353,10.3237,14.7476,20.139,8.2926,8.7613,26.2798,8.8973,15.4474,10.4526
234.375,9.3147,31.6726,29.1582,8.3548,14.6701,16.5339,23.3088,26.1233,14.2595,21.7056,8.7093,20.957,23.3195,8.1318,17.1986,15.3247,12.4535
250,27.993,5.2817,11.7604,23.8086,21.3296,20.4193,18.0362,33.221,22.8202,5.9088,7.6482,14.2645,10.6662,11.3386,21.1301,21.3226,28.6739
265.625,14.3236,32.6785,22.5315,4.7684,12.2653,12.26,18.9624,22.6172,24.2883,38.6637,35.5751,12.5539,24.9025,10.8498,10.346,13.3385,17.8462
281.25,4.3806,26.5251,20.3763,23.7522,19.9638,42.1575,42.7099,19.013,37.2528,24.6332,19.0074,46.9502,14.5408,32.7118,40.8421,32.1534,18.1609
296.875,42.6652,32.5445,22.302,21.781,25.1806,14.378,20.9576,13.5953,15.2946,23.8265,32.2687,35.4861,15.7061,8.4988,9.9729,17.4799,36.1204
312.5,9.4105,40.7256,7.8118,39.3786,30.9345,31.4604,31.2563,49.5465,34.8179,20.32,46.1917,30.6888,28.1695,35.2373,11.9668,32.3378,32.3477
328.125,16.8694,34.182,72.683,41.9375,13.8118,54.7396,38.0043,13.0672,33.1457,42.3418,47.7942,40.1521,12.7862,27.8385,38.3872,38.1873,30.1078
343.75,76.0409,71.6648,10.1845,53.4864,29.6673,12.8128,41.7004,47.0068,47.3102,102.5568,6.3847,56.9573,49.0665,38.2721,15.7929,33.7391,53.5165
359.375,114.4496,130.6222,35.4495,161.5262,27.4804,69.2739,71.5483,112.0079,52.4784,124.191,92.4662,77.6537,98.9392,92.5208,81.5413,37.2896,67.405
375,86.1451,161.9953,100.2511,108.6079,25.257,31.1837,106.8918,40.9761,45.2735,82.6362,72.0924,38.8229,16.1647,85.664,35.2294,75.8984,21.8044
390.625,222.3224,82.4226,63.8458,34.6199,27.9941,85.6014,39.4659,107.0039,60.8732,112.4207,133.1977,111.3844,33.9228,83.6775,72.151,17.6292,85.4729
406.25,44.8829,26.763,131.7027,22.061,44.2931,82.2417,104.3087,66.0931,75.3655,43.1714,26.2074,40.0405,59.185,48.6067,31.4008,56.7027,63.8892
421.875,21.9959,128.3252,83.3441,70.0773,34.1948,42.9787,82.3342,68.0824,70.945,79.969,83.6191,115.0073,16.4808,67.8063,40.3897,81.6563,68.6062
437.5,26.0602,66.8141,27.6902,31.4636,37.726,77.3017,61.6248,49.1159,35.5429,56.9574,56.6901,44.4831,78.0612,29.4615,21.4332,58.9544,41.9551
453.125,79.6892,67.8241,59.921,63.5273,34.9583,63.0012,80.8219,74.2337,74.1967,10.2901,62.3146,47.5325,22.2743,24.9222,43.6736,43.2829,54.0148
468.75,4.6863,58.7764,26.0676,3.1691,33.5058,43.2634,49.718,33.5862,75.2505,63.1493,48.2452,64.8075,61.302,21.6291,40.7855,47.6561,76.6898
484.375,50.7124,71.435,36.7643,85.7314,39.033,69.662,84.0609,55.3883,38.377,34.4542,74.6424,50.3337,20.0222,82.4217,27.8042,17.2711,55.0576
500,25.4633,47.9224,59.9037,34.0067,40.2257,45.6698,37.1812,29.3659,66.1189,38.3512,37.8624,65.4191,42.1596,20.0517,51.2478,54.5851,55.1584
515.625,58.8268,50.9387,32.8427,96.4259,28.6061,60.1655,79.4378,28.2982,49.955,44.5922,61.5028,58.9663,40.6751,22.854,32.8302,24.5482,62.0188
531.25,62.3554,77.2567,31.1771,55.2016,37.8961,68.0147,28.7358,67.4349,57.7631,41.8534,61.7668,39.1839,27.4997,60.8082,41.184,43.8684,65.4866
546.875,30.5219,23.7067,36.605,5.0393,49.4114,41.8083,53.5007,37.9731,53.8969,37.6583,38.1766,66.0116,43.5714,28.0986,44.9366,26.2321,39.9067
562.5,67.6578,66.9868,33.47,52.7456,25.7514,38.2684,66.0962,37.3693,42.5654,23.7834,58.2459,39.2259,36.783,25.7768,24.4745,45.2824,48.7817
578.125,41.2213,38.1618,50.7994,51.6813,25.6201,60.7926,57.3975,55.2729,55.1519,45.5924,51.959,50.2419,57.9867,24.3123,46.0937,28.2129,61.806
593.75,26.7197,81.2253,43.9406,21.7393,28.6885,45.6812,38.6545,13.5267,24.5518,28.754,21.8179,39.8746,22.0981,34.0036,34.9813,25.4688,31.0902
609.375,52.076,36.1879,58.1584,51.7134,33.3914,41.7689,21.0465,61.379,63.4729,39.6002,76.5604,31.982,26.6395,37.896,12.7704,48.0947,28.748
625,32.2841,42.5222,22.0737,33.603,27.8947,24.4099,48.5192,14.8258,37.6512,31.8442,24.0238,54.7337,38.1225,27.5626,42.2377,33.3366,40.3915
640.625,31.3236,44.5503,40.4696,42.5256,34.549,44.3156,18.6034,15.8957,56.9987,107.7599,25.9759,9.4663,25.6024,10.8854,22.4163,47.6538,30.7704
656.25,15.3297,24.7452,58.3852,72.3008,20.4124,28.8232,31.8662,59.0614,33.5571,27.6651,34.6184,42.9981,42.8854,43.3148,29.3822,41.6093,34.3404
671.875,50.3152,18.657,17.1887,77.306,26.9608,43.5135,15.6626,57.0622,19.5589,32.0609,8.5256,6.5701,23.2373,33.6838,42.9726,38.6022,8.2926
687.5,38.3895,26.534,49.2318,52.3082,12.7834,8.4758,45.025,33.3848,16.1145,58.0827,23.9455,47.6515,31.7409,8.15,4.1851,31.4884,48.1764
703.125,62.9371,62.6293,12.3826,59.9284,9.9237,33.9172,33.4202,14.2802,10.278,39.5407,5.83,30.2814,10.5396,25.7361,31.4496,34.3686,9.6119
718.75,64.638,34.3378,31.0401,30.8165,8.4019,14.6262,40.163,25.0712,13.1916,38.4674,46.0756,20.0671,20.3767,34.367,14.3118,35.396,25.3752
734.375,40.5786,57.5226,52.9605,35.4918,30.9135,30.8666,14.3584,26.5832,19.4663,90.511,11.0371,16.2615,18.8583,25.0192,21.7513,48.7942,7.6704
750,51.3139,44.3394,51.9657,49.2093,9.3858,5.7033,60.4248,78.0092,42.6844,66.0636,32.2285,21.5785,48.6392,55.5019,15.8233,55.6271,39.347
765.625,20.0286,54.7394,87.1218,57.657,8.0927,28.5774,41.7317,41.7908,34.8817,52.789,12.0991,17.8499,43.3091,28.8239,13.6729,72.8577,23.907
781.25,15.0458,12.4498,120.7192,44.5253,18.6471,48.0501,44.1991,52.4933,22.0158,73.6957,3.812,14.643,58.4317,24.7793,46.6623,11.3692,19.9989
796.875,38.0491,22.9567,13.2582,67.6131,23.8541,28.6308,29.4704,29.4606,54.6735,35.2346,15.0896,49.8731,26.9891,18.7193,36.5329,14.0573,53.4657
812.5,30.5734,24.6113,19.7279,55.0446,6.8637,45.7963,29.5889,50.4844,44.7189,76.2564,51.9226,24.4377,13.7139,33.8592,50.9604,14.3345,13.0089
828.125,7.7497,27.4828,25.367,65.0942,26.3321,18.298,5.2883,12.8945,42.1583,23.1981,43.0755,34.9806,39.0315,37.7363,44.2134,34.637,33.0039
843.75,39.7371,35.3185,13.5543,9.5395,18.1248,40.7909,56.5515,35.8521,39.026,29.4638,20.7497,29.4979,22.5492,34.2059,21.9467,34.1454,24.5221
859.375,33.7298,42.1633,50.1672,28.2834,29.0932,69.8566,31.6001,27.6095,46.8144,52.0998,35.9262,49.259,11.9133,8.2329,26.3694,33.6169,55.2317
875,24.4951,42.6368,17.6292,23.5129,22.6955,14.7956,48.7129,35.9222,32.9849,24.3158,37.1961,23.425,35.1408,28.2063,6.8547,16.4739,34.3681
890.625,12.8214,49.9797,32.1735,46.0713,25.7563,54.638,41.6639,48.967,54.1115,22.5092,53.1069,52.4626,28.7052,57.5482,56.2812,35.629,38.3173
906.25,41.7903,43.5422,69.1115,23.1514,27.7449,39.1367,47.2289,36.7891,45.471,52.2724,40.4758,47.8628,39.161,2.7293,7.0225,30.5002,52.0297
921.875,49.9276,40.7618,52.6416,34.1655,35.5712,32.6847,41.8699,35.6942,61.1145,28.136,28.6001,48.2916,20.951,35.5673,47.2379,31.5101,34.8592
937.5,11.7984,50.8773,59.5699,51.1385,39.7632,71.1262,41.496,4.9529,44.7422,55.7816,59.1902,47.0701,32.3275,42.8956,25.0939,31.4025,52.136
953.125,45.6481,46.529,48.8032,22.1929,23.6482,27.8298,46.2031,59.991,34.7376,24.5505,41.9166,46.5184,53.7781,30.7654,44.1434,43.0574,49.969
968.75,47.7308,48.8534,31.7907,62.0214,45.2112,90.3948,58.8476,41.7221,55.2787,45.3264,58.2578,39.8094,33.727,41.2419,44.9789,38.0541,43.6804
984.375,45.695,46.8956,68.4067,48.526,37.104,55.7272,50.6132,41.2466,50.329,48.1933,31.387,56.8316,59.8415,37.6237,27.457,47.1301,48.3781
1000,46.7307,72.8466,27.8305,47.9597,42.476,54.443,57.5079,32.8401,60.8949,12.5554,64.5686,37.4793,24.5198,43.532,69.3019,35.6378,55.5028
1015.625,28.0964,43.0294,23.3053,47.8921,46.6861,72.3331,61.0616,66.2657,50.3171,91.3451,47.3747,67.0399,57.282,44.8832,29.915,58.8474,67.077
1031.25,90.4839,46.7188,86.3037,67.8923,56.9878,42.8468,51.2852,57.9019,45.0601,34.6705,55.6733,64.1395,58.8468,64.373,59.3936,39.7741,48.031
1046.875,47.8697,76.0137,34.1291,27.8524,43.9702,90.6867,54.0863,43.3467,60.9124,57.3871,51.1905,45.1601,32.2944,42.5804,29.6966,62.3708,40.7967
1062.5,53.6482,43.9831,75.6496,69.0755,60.975,35.5824,59.1997,68.9276,50.0528,80.1325,58.2047,59.4255,55.3946,50.0231,66.2705,46.9727,78.106
1078.125,65.9569,58.2822,62.6054,63.1951,51.8531,74.6383,51.4727,59.0083,71.3479,34.7648,67.4436,66.1374,61.3438,75.7092,55.2319,64.2818,52.3086
1093.75,57.9427,85.9252,64.136,50.7308,62.2152,63.48,74.087,66.2401,58.2825,58.5544,57.7022,68.988,59.3275,55.5542,64.5388,47.3335,55.2164
1109.375,54.5905,63.5295,70.6098,67.0711,65.4392,62.5065,58.6089,49.9855,81.0212,82.6012,67.5279,62.7112,66.347,71.9796,67.203,73.3809,74.9268
1125,71.6623,70.2736,58.7483,68.3367,73.4567,76.0351,74.945,90.4216,58.3025,58.0339,73.4017,76.7948,63.948,61.5141,69.3517,69.0615,73.0655
1140.625,75.8912,65.8225,73.2082,61.3121,66.5155,59.0823,73.7899,73.133,68.4134,80.1018,70.4179,73.837,66.7349,68.4483,66.9299,69.2155,63.4114
1156.25,72.0618,79.3672,76.7456,88.402,72.6013,88.5456,72.9078,50.4421,78.9256,73.2269,81.5948,60.2694,88.7146,72.8786,70.383,75.6033,79.8893
1171.875,61.8971,78.8873,66.0011,67.2739,76.1025,71.2594,80.7301,72.2759,78.5627,71.0564,66.661,91.2854,56.363,79.0091,80.2197,56.9087,78.7447
1187.5,92.5235,68.5824,81.7661,81.8809,68.887,88.5923,82.1071,77.3885,76.1737,70.2807,89.9734,81.0118,87.2016,78.9419,77.11,88.5363,69.3874
1203.125,72.62,88.4099,86.6093,67.4589,83.9525,72.9694,83.8845,85.3027,97.0028,89.5953,72.573,79.2455,62.3175,70.6424,73.3525,84.533,90.6009
1218.75,76.6471,85.1965,65.4001,86.3653,81.2562,90.2736,81.9512,84.1923,72.3823,71.0235,90.6304,87.6489,94.8754,58.6698,79.779,66.2455,89.1875
1234.375,83.6335,84.3801,87.0495,72.9973,73.1085,94.4043,96.3911,69.6476,87.5353,84.2505,82.8049,75.468,75.012,102.4351,86.998,87.647,78.2262
1250,72.4595,89.0654,71.6389,83.0358,84.5899,71.7163,76.6697,71.8957,85.0672,79.7451,92.7452,93.7285,86.333,68.2818,65.0003,72.4412,96.9965
1265.625,90.1948,85.8217,87.3338,81.802,76.537,97.2646,96.7411,93.2064,91.3211,86.2789,79.0356,95.2142,66.6375,81.4979,87.2065,88.4709,78.1589
1281.25,75.1111,86.6243,66.5162,75.6864,79.3173,86.5742,86.1529,88.9983,84.819,76.0834,97.6562,82.0892,93.1098,79.983,77.5835,75.895,99.3632
1296.875,77.0799,85.6967,88.0126,74.8947,80.2942,91.3782,93.5301,73.6208,95.8425,73.3639,95.275,91.4216,75.089,83.2828,84.7345,72.1527,81.7066
1312.5,83.091,89.5625,75.6126,89.6524,79.8135,90.0855,93.0422,65.8938,85.4048,85.7244,80.9336,78.6744,79.6818,76.9042,68.2726,87.1145,87.5312
1328.125,70.9276,81.8352,81.4013,77.332,74.6718,81.9544,78.4558,79.9678,81.4453,67.2739,79.4603,96.212,78.9766,67.8619,83.0858,69.5962,84.2571
1343.75,80.8429,97.0857,69.0281,64.5144,70.2269,89.0764,85.7192,75.1475,85.644,80.1287,88.653,82.8288,61.1955,87.8624,73.4503,76.309,90.2494
1359.375,62.385,77.318,73.2665,75.0902,85.0009,77.3439,81.0539,65.7102,81.7861,76.6983,85.9082,79.5423,74.4222,63.7211,73.9625,74.2255,78.7179
1375,79.2105,77.2498,73.3339,73.1709,58.0781,82.1406,80.0347,76.7987,85.7436,59.8892,77.4773,80.9886,72.0832,64.2354,63.8256,65.6273,82.8561
1390.625,62.2391,76.2932,58.5653,57.9448,72.0965,69.3234,79.7722,61.6951,75.2064,71.8193,72.8164,77.1771,68.7458,70.3924,78.4149,66.6688,72.5191
1406.25,63.6672,74.4889,71.2657,66.0139,54.6856,76.2143,72.7155,57.7605,64.4791,61.1945,70.3641,72.253,64.3915,68.9836,50.1147,63.6447,66.6868
1421.875,56.8694,67.8232,51.0431,61.6924,61.2313,69.4655,61.1737,61.05,69.8517,58.937,72.4375,76.2931,62.0678,52.158,57.4272,57.5176,78.795
1437.5,61.4666,62.0675,54.9441,48.9595,55.6726,58.1425,66.8045,53.9931,66.924,53.1921,61.7092,50.7751,39.998,59.8098,64.3439,59.3187,57.6409
1453.125,44.2529,62.4181,48.3172,47.7611,47.0033,61.0463,55.6338,53.3863,55.0896,39.116,55.1485,61.9296,63.856,51.7201,43.3535,51.4552,50.5327
1468.75,49.4404,47.2414,40.7942,56.3582,46.2489,42.0429,53.7825,39.2757,57.4615,60.137,55.4924,53.3367,41.1406,37.2676,42.9161,39.1475,62.1498
1484.375,35.6692,47.6324,45.0054,31.7583,42.0017,64.0317,44.1574,45.8803,44.8528,42.9487,51.9682,46.9292,45.7519,45.4645,50.1021,46.5284,47.5782
1500,41.3558,39.9416,39.9677,50.3378,41.8024,30.0532,44.3668,33.8833,39.2451,23.6383,36.1953,33.9687,33.3611,35.3527,32.0063,36.8966,39.0459
1515.625,28.6019,43.5388,21.974,26.6264,24.6739,39.102,38.8634,29.9659,37.479,37.4927,37.3454,42.3302,35.9521,42.4526,29.625,29.8338,33.6926
1531.25,26.7149,16.2088,37.7929,22.1835,23.1668,34.9471,26.1378,25.8376,29.6437,26.9544,29.1664,23.2355,19.4764,22.5563,33.5064,34.8621,30.1123
1546.875,19.8497,29.2467,15.9925,25.421,26.6917,16.2193,18.4886,19.9994,19.2294,27.7964,20.5569,22.7787,26.3626,20.2071,25.1369,19.4302,27.9144
1562.5,32.1519,12.478,18.3215,21.2562,18.1868,12.9843,27.8934,28.1678,23.5087,5.7188,17.2103,27.625,24.4999,21.1378,13.973,21.4688,19.2544
1578.125,5.8774,17.5641,17.6098,19.9984,18.1279,15.0536,3.72,8.4201,0.449,22.7289,13.6503,6.6031,29.9275,20.7887,19.0762,9.5416,14.3581
1593.75,6.3015,10.5762,4.6509,11.5001,10.7311,8.1748,4.7846,17.3955,6.0367,10.391,2.7567,12.016,10.8774,6.8232,4.539,15.1041,9.6094
1609.375,14.5622,14.7185,26.4954,5.772,9.4412,13.4521,6.1544,18.329,6.5607,17.673,8.9372,6.2096,17.4816,20.4271,25.7011,4.7916,11.3507
1625,20.636,11.6853,7.1853,15.4487,12.9098,7.5553,16.5367,4.4625,15.1161,6.6521,9.2569,14.8725,8.151,9.4459,5.169,20.8995,7.8868
1640.625,3.7816,30.4175,14.9851,6.017,15.1748,19.7968,5.4899,33.9876,10.6476,13.9226,16.6044,19.8744,15.2663,16.2782,18.8785,5.2535,12.127
1656.25,22.243,15.7648,20.8306,31.2752,16.146,26.2281,27.3972,18.2932,21.7632,18.1764,27.173,40.719,24.4076,13.7921,21.2222,20.7935,28.0324
1671.875,8.6598,25.3557,21.7541,7.9336,19.8761,25.1435,32.715,18.2379,17.1942,17.7891,13.4279,4.7332,8.0202,15.9753,17.8104,13.0849,21.9385
1687.5,31.1181,31.8373,16.7848,40.1853,10.3958,23.4891,20.8731,26.5166,41.6217,18.7352,34.0916,48.6161,24.1197,22.6461,21.7333,23.3852,34.8946
1703.125,20.4524,37.9729,24.9342,12.9594,34.6811,32.225,27.8353,5.4316,34.0645,35.4786,42.7754,27.1443,24.3628,28.7917,36.6787,28.7374,28.8411
1718.75,40.7,33.3244,33.9348,31.6165,27.053,51.8613,46.724,36.0437,35.5058,21.8086,25.8933,35.0794,28.1808,26.5512,15.6248,18.0256,45.4158
1734.375,26.0343,43.5882,32.5852,41.3749,33.1245,33.9255,41.4583,25.3466,43.5991,26.8461,55.6704,42.4175,34.9492,26.2743,45.5537,34.3377,34.0863
1750,18.5999,39.5613,39.9978,23.1537,30.9636,36.6536,40.9114,38.392,36.9752,32.8588,32.2764,39.3564,25.2601,31.8606,17.4694,30.474,45.0765
1765.625,37.9288,49.9191,47.3411,52.1733,30.8498,50.7007,51.2668,17.2006,45.9135,34.4708,48.5968,51.1342,28.4958,35.0829,40.1864,28.1529,45.1667
1781.25,41.514,46.4283,9.0413,39.6043,31.8379,48.0632,39.7054,46.9417,43.1348,18.1105,36.5931,38.1235,31.2858,48.057,36.6842,39.0279,45.3324
1796.875,29.4171,33.6227,78.1125,12.7602,34.0219,43.3912,54.7656,37.3029,57.559,41.3933,45.1761,60.9572,46.8197,13.1879,28.4109,36.6366,47.6345
1812.5,28.6641,66.0327,31.3672,44.1782,31.9382,47.7166,37.2348,46.9907,53.6119,43.2749,58.1739,36.7182,19.5762,48.4868,39.4694,32.3538,46.5382
1828.125,56.8437,48.809,42.7274,62.5498,34.0931,48.5867,56.1572,13.6644,34.2194,22.4473,49.8567,51.6638,46.2903,29.9527,37.2271,44.8519,53.4191
1843.75,41.3397,40.5724,49.1621,24.2236,37.8636,47.7661,44.8654,48.3282,53.7379,56.7069,44.4832,42.3474,30.8133,38.5803,30.2348,26.0476,41.5003
1859.375,15.8607,51.7617,23.5374,32.7263,40.1401,44.5018,41.2536,43.7186,45.0699,3.4028,48.085,46.8725,29.7736,26.1732,44.5933,42.1288,55.1996
1875,53.3858,32.5824,42.2895,35.5715,32.5331,52.4458,43.2413,24.9991,41.9593,56.9888,42.5046,43.3758,32.2831,38.5353,22.0543,26.056,46.5286
1890.625,41.2739,50.7701,25.6412,33.9436,28.319,41.2923,50.7353,32.6951,44.0676,17.4114,44.1952,48.4674,40.1658,34.4689,39.9486,43.8458,33.7994
1906.25,31.5399,38.5332,28.9931,29.4012,31.8351,39.3513,46.3744,39.1514,44.06,38.5397,46.1123,42.3441,33.3492,31.5072,25.5414,25.9574,47.8474
1921.875,24.8673,42.3576,32.9029,39.7904,34.7981,32.186,38.6241,38.322,39.7936,38.6373,35.0365,37.1244,24.8713,31.3881,33.3349,34.5137,45.379
1937.5,41.0747,37.0431,31.4775,38.5775,30.0721,48.1951,43.3718,7.7878,38.8139,27.186,35.0779,39.1419,30.1849,38.4966,31.4795,21.1945,31.2661
1953.125,32.5378,27.682,27.1221,15.7224,26.8389,23.7698,20.6987,39.0428,28.1544,44.1009,31.2991,38.6118,26.1522,22.3629,34.1157,32.3705,26.6726
1968.75,29.9711,37.6413,29.5731,34.9108,26.2186,31.6335,20.6657,15.5705,38.4929,22.9847,33.8296,23.8188,30.6181,20.2042,23.6654,26.1694,30.5879
1984.375,14.9208,16.3871,25.2594,21.204,31.0423,41.0772,38.5092,37.6106,22.1547,26.1248,25.1128,30.1652,29.8599,36.2081,25.616,29.0768,30.7692
2000,27.4911,27.4079,47.6013,40.0603,16.1029,12.8222,15.0555,28.0968,25.9059,25.0528,26.8507,17.596,24.6395,12.6784,25.6371,17.522,16.6258
2015.625,29.117,23.0731,5.3521,13.1182,28.075,23.7231,27.3244,25.2645,19.4379,15.3034,12.7689,26.0675,22.3033,27.6832,16.4266,30.6341,26.5123
2031.25,15.512,15.9469,42.675,42.9479,13.3272,19.1752,17.1547,15.0265,3.3757,47.4611,23.2633,13.0623,19.9666,23.3635,30.2541,27.9197,15.8954
2046.875,16.7704,15.0103,40.8565,14.5403,22.213,10.9815,10.5242,22.5389,27.477,11.8439,9.576,16.2888,20.2772,15.7694,18.4586,12.7007,12.3235
2062.5,21.9103,13.9839,27.7989,26.5647,19.1017,12.0904,16.9244,21.3392,14.3943,38.3328,14.1289,10.7715,22.2602,21.4324,18.4028,24.1557,1.6603
2078.125,22.0252,3.1718,26.9107,9.7654,17.1509,13.0288,6.7227,9.6898,25.2559,14.2624,1.5817,14.0061,13.6655,15.3413,13.1736,11.2619,12.1604
2093.75,23.0605,5.7061,8.9373,17.6882,14.2157,17.4904,6.6166,34.0684,10.1485,17.2542,3.7399,12.6823,14.7003,19.2458,24.0082,13.8795,7.334
2109.375,4.8804,13.517,28.2055,18.806,11.8971,7.8703,3.836,6.7079,20.4415,26.1734,9.4948,2.4518,17.5531,10.8847,11.5325,26.8892,7.4821
2125,19.3811,4.4874,14.7237,21.281,16.7404,9.2449,13.5014,14.217,10.4007,4.9932,5.8015,12.0023,20.0185,16.9794,14.6501,18.1086,11.2539
2140.625,13.2959,13.1935,16.2114,24.0558,11.9436,8.2227,4.7757,20.0317,3.7479,23.6028,8.4528,12.0226,18.5927,17.3667,21.2666,19.3268,10.2977
2156.25,21.0547,1.3145,15.9482,19.7146,15.2997,20.9918,25.6941,8.6382,19.4192,7.8705,6.049,9.2588,5.3048,18.6731,6.5624,18.2029,15.6936
2171.875,13.1194,15.2034,4.1044,32.5305,14.1606,5.4169,2.9136,25.3523,8.5936,19.8678,15.0632,19.4747,19.5458,5.7208,26.9064,9.6624,13.0131
2187.5,16.0426,12.7352,25.3877,12.5866,9.6332,22.7241,19.7241,14.0316,31.0036,10.9714,15.9154,13.6233,7.8845,12.7537,3.4924,17.6273,15.1429
2203.125,13.3623,20.3948,24.0296,39.423,17.1526,5.1477,9.544,5.1136,7.4662,10.061,15.8458,19.3944,16.2663,19.7233,10.7185,4.1819,16.978
2218.75,21.06,14.098,21.98,8.4152,9.5639,30.736,29.3944,30.1985,27.6327,15.7678,9.348,19.1925,11.7473,16.2419,17.4108,12.5982,24.2484
2234.375,20.2501,13.2647,19.1561,17.492,12.307,9.2435,14.2949,10.3122,25.2234,6.0088,32.3795,30.5846,8.3329,13.9826,11.0599,18.4507,15.7006
2250,15.5662,23.5226,8.0036,26.2194,14.0136,14.3841,16.8512,19.7441,19.66,11.5627,17.1013,14.0534,20.3795,12.8628,18.1645,10.3276,18.1231
2265.625,14.5455,30.3614,18.6142,12.8112,16.3582,26.7739,20.2454,18.0982,18.4075,14.1801,17.8991,14.787,3.3491,8.7964,9.7307,5.525,20.6626
2281.25,9.5314,17.4111,7.4005,11.8708,9.4731,13.607,26.7807,7.5807,21.7855,18.8184,18.3794,46.2513,26.2799,18.294,22.1379,23.4203,12.359
2296.875,17.9155,25.3615,17.0606,12.0156,16.508,22.5807,21.1441,12.2338,13.8254,3.8846,23.6117,7.4508,11.0263,13.9404,7.3772,11.8197,26.9542
2312.5,7.7967,9.4247,9.7144,29.7289,9.003,17.6226,13.7029,7.8349,14.8653,17.5533,14.7624,14.2119,16.3042,22.4037,4.0408,7.6438,10.0166
2328.125,15.6741,21.0442,9.4932,13.3286,15.6216,18.39,14.105,21.6562,14.5189,10.1087,20.8992,16.8272,6.6674,4.5441,25.4999,18.5572,28.5613
2343.75,13.4456,11.6766,24.6602,15.1769,6.8352,21.3534,23.2943,6.2999,22.0124,12.5381,21.3871,18.5529,3.5786,9.5128,6.3541,3.9035,11.8272
2359.375,10.9355,14.3649,6.2799,15.977,18.4071,6.7939,19.3481,7.9365,22.6398,19.8312,9.4586,13.516,18.3478,10.2582,19.5052,13.6415,9.5164
2375,15.8982,19.7262,14.2241,21.5602,10.6092,26.8611,8.2846,21.5866,2.0304,12.2581,21.6631,14.0651,18.7394,17.2313,11.527,20.1221,17.4943
2390.625,13.0843,6.8945,11.3423,23.0205,10.7268,14.3121,14.0891,3.1129,16.792,28.3398,15.205,16.6114,9.0221,16.7745,12.7777,20.1838,14.611
2406.25,10.8491,17.3941,9.4915,11.0386,12.8487,13.3559,5.4345,13.4965,22.8425,6.1789,3.9009,12.5406,17.9735,13.6318,17.056,6.1489,14.5335
2421.875,12.279,8.3684,30.5998,22.0874,8.3453,9.6684,23.9982,15.4048,10.0078,21.8884,21.5633,7.5971,8.3509,7.2224,6.8794,26.277,5.6287
2437.5,11.6808,16.135,15.0656,21.518,14.1171,16.5697,5.9453,25.7135,25.4027,6.2416,7.4887,15.9691,23.7428,21.4915,23.6625,12.9821,22.9
2453.125,18.8072,6.2702,16.969,38.7122,9.2273,3.0727,11.1835,8.3919,10.2946,13.2511,16.7387,16.2178,4.3021,14.5265,5.4778,6.7384,4.9749
2468.75,8.9779,8.8585,12.1353,28.8019,16.7262,19.4316,14.7408,13.3298,6.4691,13.8572,11.3296,9.5338,25.5826,5.3239,15.4256,18.6622,12.7284
2484.375,13.0635,16.1713,6.5941,27.868,10.2821,12.6598,11.2163,20.3256,13.2233,24.3034,6.6067,10.0371,11.4133,20.4277,14.224,19.0143,12.3289
2500,11.3475,10.1506,26.2684,24.0658,14.456,7.9065,24.4263,18.4258,13.2472,10.2252,21.0434,16.2622,7.3294,11.785,17.5604,4.7313,17.0859
2515.625,23.0273,16.4759,6.4187,16.6122,16.4367,20.9092,10.8624,5.6337,16.8835,12.4584,16.8635,20.1911,18.4507,12.6636,14.557,14.908,16.7449
2531.25,13.4562,15.9272,24.9979,19.4324,11.514,18.0734,24.848,33.9666,21.0645,11.3429,26.4592,11.9681,9.7145,12.6439,13.4895,23.1345,21.4423
2546.875,5.1217,31.098,12.2761,9.9976,14.8039,19.6793,11.5376,1.2639,10.949,21.7734,10.2516,20.0813,18.2692,16.5366,18.7934,10.3712,21.995
2562.5,24.123,15.0756,13.3673,16.9864,15.3952,21.9798,30.7721,9.5307,23.9828,14.1176,28.1284,19.2879,19.5546,15.127,16.4732,12.9213,20.5461
2578.125,13.5367,24.268,21.7464,12.3511,15.2333,21.7725,20.6533,22.2386,28.8502,16.0903,26.7119,22.1819,8.5429,12.5874,13.39,25.3227,25.2533
2593.75,17.1401,26.9653,14.2975,33.4222,19.8329,27.2892,21.9167,23.0938,22.3189,22.4722,19.1164,29.3333,22.2404,23.6587,22.1614,12.0077,20.387
2609.375,10.9663,20.3634,17.1124,10.2501,12.7239,22.8652,29.5881,12.9758,19.6388,12.1802,30.1559,23.531,16.8996,13.1192,17.9469,17.8193,26.8093
2625,25.9176,41.5322,18.2527,26.7611,21.7919,31.0634,23.3378,20.7475,27.0774,23.6154,20.4776,30.3316,11.1459,20.3517,22.4716,22.001,27.3173
2640.625,14.8631,20.4219,23.7834,11.771,15.4486,20.7605,29.4319,14.256,23.3844,17.2656,26.1704,23.5055,25.0628,18.0245,16.4381,24.1431,29.0285
2656.25,20.8828,23.5309,21.1402,23.8303,24.8162,36.0684,36.679,16.8943,36.4744,21.5555,30.2912,30.1387,18.2166,15.1776,18.4745,7.9713,31.2357
2671.875,12.1426,34.7617,11.3886,20.1435,10.8403,19.8902,26.4993,25.9822,25.0408,20.3376,35.2026,37.6741,20.5659,16.8091,20.3071,34.1092,21.8808
2687.5,21.1822,26.963,30.9531,22.4621,21.625,32.0999,33.9931,14.0591,28.364,17.7184,19.8099,17.0602,19.75,20.1485,17.3645,9.9057,31.7724
2703.125,34.0152,26.9985,19.7598,24.5166,23.0222,27.2424,18.9232,23.6767,29.5255,21.9366,29.7334,39.1991,19.4033,25.8834,26.2494,25.1032,30.5478
2718.75,17.6102,34.2831,15.5642,16.1658,21.6865,17.8766,31.4146,24.3371,20.7795,27.9138,28.8765,19.6465,22.5272,16.418,24.5225,22.0909,24.8548
2734.375,9.8657,18.3465,36.8792,33.3779,20.0323,33.1653,32.9274,20.8149,42.1683,22.7913,23.6045,29.5683,28.5336,19.5896,19.3192,22.0566,23.0689
2750,32.1219,37.3843,12.4412,7.1533,20.9107,28.7607,20.3731,26.5418,19.3333,21.0877,30.0199,27.0709,23.5285,28.1096,19.0998,18.0951,28.2365
2765.625,20.3895,23.3246,23.0929,28.2748,23.5382,21.1926,28.7173,29.0103,25.1086,27.6259,24.0655,22.0719,16.1741,17.9779,24.7516,25.225,25.56
2781.25,24.4278,24.9288,27.1409,27.6667,21.5753,19.5844,25.4796,19.7865,27.2446,23.3693,29.2142,24.7481,22.1061,22.3379,25.0644,20.198,23.1391
2796.875,21.6846,22.0752,22.2924,15.1355,23.4548,23.8355,21.1815,18.2496,18.5601,18.6657,15.9609,29.3159,26.2959,22.6685,14.6788,27.6161,22.0992
2812.5,23.498,25.7648,27.6719,25.3201,20.9538,25.6902,22.1311,28.3902,27.8019,22.0029,27.1631,19.7648,22.3633,23.1054,21.6261,21.7256,20.4542
2828.125,25.5212,26.3107,19.3973,24.162,23.7906,21.4874,28.294,26.8171,18.5176,30.4144,17.7441,23.4217,23.8741,27.5825,37.2242,27.6524,30.4387
2843.75,29.465,13.6302,31.0199,27.9453,23.2284,20.0953,22.7125,22.5343,29.1572,15.4161,28.5009,26.7073,23.3857,17.3453,14.2398,22.418,19.0373
2859.375,10.2041,27.7002,21.5087,24.2851,24.0421,26.6843,26.7536,26.8218,16.3518,32.3935,18.3016,22.206,21.4531,23.7222,21.8735,19.3452,25.0772
2875,28.5374,22.8038,31.1889,16.9755,20.6208,23.3345,25.6293,11.2835,25.1177,13.773,25.3771,23.3595,23.4736,24.0886,27.3502,28.2807,16.3796
2890.625,21.4455,26.448,24.9046,18.085,25.408,24.4131,16.997,39.6503,29.5464,20.4362,21.6862,23.3202,28.4848,17.0476,22.8977,16.5373,27.8748
2906.25,23.6562,30.4341,13.5101,32.558,23.7218,31.4741,27.6418,18.4597,20.2897,35.6813,25.5667,30.4233,20.567,35.1756,22.867,27.1171,33.5974
2921.875,25.1492,25.3967,32.8073,20.1712,23.0144,24.0508,36.8686,32.0763,33.337,18.1777,33.9857,18.1777,27.1782,18.6693,20.4736,25.4281,25.0705
2937.5,23.5568,33.4034,26.8918,26.7592,24.2646,29.6259,27.5208,27.6575,23.3121,22.3391,26.4503,36.8108,17.4202,22.7036,25.7603,17.9687,28.705
2953.125,19.757,29.4629,22.0702,21.7113,22.2764,38.4461,32.5512,13.6559,40.6504,27.2874,28.8727,37.9695,29.4097,26.3075,23.7335,35.1249,35.4533
2968.75,31.2987,40.6935,26.9228,29.3015,28.6941,36.7125,38.6494,33.5102,28.7676,21.1671,42.0852,33.8212,23.9052,21.752,27.5616,21.3411,40.2185
2984.375,24.4368,33.7983,18.1252,19.7244,25.9603,31.5219,33.7514,12.2832,53.9594,26.5904,35.3234,33.5941,23.9866,27.5292,26.8457,22.6742,30.3309
3000,27.6315,45.5464,29.9524,31.6328,28.3347,45.0128,38.3796,38.9073,30.9724,29.0612,40.1641,35.9245,28.7347,29.1042,23.4554,27.1144,42.6051
3015.625,22.9794,42.1784,25.2553,31.6895,19.7444,35.5664,45.6567,20.7042,34.8139,24.9314,42.5592,53.1892,27.2358,31.1869,29.2945,28.101,45.1303
3031.25,28.9013,34.9918,26.5442,27.1164,26.6503,47.719,36.1003,29.207,58.2626,24.6336,48.938,34.3101,22.3948,21.0533,25.4166,26.9413,39.4255
3046.875,19.9252,48.4477,20.457,28.1102,29.9789,42.1322,49.4037,27.2164,47.6012,29.5181,36.9515,49.9094,26.7822,31.1954,30.7499,27.9288,42.8691
3062.5,35.1747,53.8115,35.285,21.568,27.3309,53.8104,48.495,31.3449,34.7089,21.5167,49.4407,46.816,26.8702,25.8002,25.1656,26.6885,54.6762
3078.125,22.378,41.6989,27.7752,45.3226,27.537,42.6485,51.0508,34.4589,58.2041,36.1444,52.919,48.7456,29.9787,28.3576,23.8906,28.4781,48.0724
3093.75,39.3493,55.4148,33.6532,22.0604,29.9391,53.1977,57.3609,21.4946,39.5874,27.8122,39.4442,50.6097,31.4322,31.8656,40.3286,31.7037,42.2524
3109.375,20.9802,47.6601,24.1061,34.301,29.2366,50.6949,41.1045,30.831,56.6751,23.2518,55.6042,42.3954,28.0107,31.4236,27.2007,28.2499,57.0088
3125,31.3988,48.5797,34.451,29.6261,29.0545,43.8245,52.117,26.9922,57.3859,37.5545,49.9207,57.696,22.6292,27.6661,21.7223,26.8687,47.6998
3140.625,32.6287,48.7447,22.6587,29.5965,29.81,58.0585,45.0498,28.5078,36.5078,24.2207,49.7817,45.5217,39.9055,35.6039,42.3472,32.955,50.048
3156.25,34.4395,53.0489,37.8544,33.1727,34.5954,47.8702,56.9057,34.4666,55.8125,30.6612,51.6091,53.1698,28.1173,32.974,26.8988,26.7793,46.4162
3171.875,24.4642,54.7415,21.7231,38.6526,31.3255,48.1844,46.799,33.6772,48.7993,41.5042,47.4586,46.4464,34.4458,28.4806,34.5008,38.7947,55.4821
3187.5,39.4029,36.5035,43.5815,21.8667,34.9124,49.7874,48.0289,37.2667,51.5653,20.0948,49.8129,50.8626,35.4596,32.8093,32.6614,31.4636,47.9794
3203.125,30.1391,59.6214,26.879,40.0395,31.6587,45.7037,44.3623,30.5618,44.6917,49.1067,47.9531,48.2263,32.7414,34.8037,31.8137,31.1254,43.1379
3218.75,43.514,39.8431,36.17,35.4638,34.2155,45.3353,49.9246,32.1174,53.8871,26.8974,46.9259,44.8158,36.9594,33.2975,39.2914,30.5453,53.0472
3234.375,33.2684,44.2923,36.7224,45.6356,39.0816,49.6856,42.5654,39.8374,46.0663,42.6723,46.0875,44.6203,27.343,36.0677,29.2238,49.3556,45.6066
3250,39.0701,46.6611,34.4584,34.0015,34.9426,47.8066,44.0374,35.3763,39.16,38.9233,45.448,50.5781,42.214,36.6554,43.7568,25.8889,41.9828
3265.625,38.4219,49.8826,40.6626,55.9308,40.7916,36.1982,44.4989,35.5523,46.6258,33.3453,48.1571,44.1658,37.8688,40.8041,34.8037,40.3883,42.2209
3281.25,37.8984,38.6018,39.7812,27.4194,37.5187,52.0393,48.303,45.1911,50.4862,44.0932,41.8014,42.609,41.9869,41.5591,44.7047,40.1187,54.0308
3296.875,40.536,44.0655,34.1847,57.4696,43.1869,35.7089,39.3039,29.9247,33.9258,35.5936,41.5081,43.5732,38.5956,36.2575,34.6883,41.7416,32.5286
3312.5,47.8361,43.0034,52.1684,37.658,37.4431,51.2036,41.7357,46.4013,62.5122,51.695,49.0856,41.9364,36.6793,41.459,50.2646,46.5178,43.2059
3328.125,42.1073,45.6849,38.5113,60.3961,47.0373,39.5812,45.3931,46.5171,26.4341,33.9461,36.5362,43.8466,53.7671,42.0151,36.4683,38.3868,51.0655
3343.75,41.19,42.3906,47.7215,30.049,43.5677,41.4054,45.35,39.5553,42.5812,52.8619,47.3934,43.4878,38.6196,51.1193,46.6236,44.8438,36.4439
3359.375,42.0453,41.859,44.4733,52.5208,45.5702,39.1637,36.5632,56.6877,42.3225,42.5313,38.1233,36.7337,50.1719,41.7793,41.4432,44.2477,41.8336
3375,49.0186,45.3288,42.7045,36.1391,46.1933,51.8849,49.733,40.1455,50.9494,45.6521,47.3829,46.7071,47.3236,44.6378,56.454,49.5685,44.2413
3390.625,51.4912,47.742,48.2391,62.4549,49.3334,28.6915,41.7516,54.731,39.811,48.9831,35.7354,44.1719,45.4884,51.3009,38.2695,48.4582,45.7894
3406.25,50.095,39.2673,55.7168,43.5173,48.0859,53.6366,44.0431,50.672,43.2656,52.41,50.7364,45.0103,45.501,47.9641,52.9236,49.961,37.5488
3421.875,49.2159,50.1994,53.5397,56.4588,51.7444,46.0771,46.4426,41.4764,42.5802,47.1908,41.9504,48.4286,54.5532,51.4785,50.1238,51.6939,48.37
3437.5,52.7423,41.5318,49.5438,50.5344,50.1333,41.6453,39.3823,58.2021,46.695,47.3501,45.9078,42.4552,47.8702,52.1714,51.4287,47.4985,44.7913
3453.125,49.1419,50.7655,42.0541,52.7677,53.358,46.3901,53.2715,52.2356,43.7123,57.2355,44.7411,41.7129,57.9651,49.512,53.2047,51.4926,47.182
3468.75,50.2846,46.0794,60.9491,39.982,49.7828,46.3366,46.5253,54.0154,47.2147,50.5446,45.2908,51.749,47.8743,48.542,50.0695,53.9173,45.7425
3484.375,52.1389,42.7905,51.218,58.3647,52.5512,46.0903,48.9036,47.1509,53.3465,53.4247,48.4161,51.4661,48.2135,48.0349,53.8682,52.5014,40.1671
3500,56.0834,43.4534,56.6617,48.316,47.874,43.1962,48.5063,64.7308,39.1573,49.7688,44.0797,32.7967,54.4714,56.8077,49.1413,46.9947,50.3202
3515.625,47.2003,50.0955,42.6049,53.8358,52.6667,51.7164,40.9349,38.7668,42.3233,59.9235,42.035,53.3833,53.0918,48.5235,49.063,53.0782,44.7351
3531.25,49.6935,45.1328,53.2147,54.6959,49.8818,34.5764,46.7301,53.0202,44.881,34.6615,50.5136,41.4888,42.8103,48.9996,51.4098,54.3576,42.546
3546.875,47.2106,38.3461,54.7413,42.061,46.0712,54.996,43.8667,47.6036,42.4875,60.045,35.3472,43.153,57.1297,45.9844,48.037,47.6348,46.9442
3562.5,54.7368,43.9836,41.6527,52.7485,49.462,32.2388,41.8119,52.085,39.7781,42.3103,44.5548,38.5535,39.6798,48.045,46.8965,41.3078,43.5539
3578.125,34.2306,42.6897,46.7939,34.6217,43.8993,35.2673,42.3391,44.1081,47.9466,56.0511,39.598,42.3447,49.5183,50.0199,50.18,48.5599,34.7602
3593.75,53.794,31.2159,50.4467,63.848,44.0091,38.9341,35.428,42.4271,23.7713,39.7479,36.2221,34.2956,43.1905,46.3223,35.9244,42.2857,37.0616
3609.375,39.0056,37.256,42.9768,27.3476,39.0246,29.8111,35.7026,57.7487,42.6203,42.0945,41.9535,37.9918,45.9721,35.7824,44.1032,43.7736,32.5717
3625,43.7042,42.5965,38.3381,49.08,46.4201,37.3176,34.0872,24.6881,25.2262,42.376,21.7639,33.5035,35.8862,42.4302,41.4324,42.9559,31.5323
3640.625,32.3627,22.76,42.5263,33.0298,32.9484,29.2517,27.0024,43.2203,33.2978,40.8199,30.9218,26.5149,41.3734,36.5112,38.1966,39.2237,31.2021
3656.25,39.7221,29.6988,37.4276,38.5715,40.7442,26.1054,29.0183,41.769,27.3324,36.7263,30.9933,26.5386,36.3789,35.6643,35.1189,35.8768,26.3843
3671.875,37.6083,25.3753,35.7273,35.1048,33.6377,20.6205,24.6464,33.2031,26.8799,37.1627,24.3658,29.7774,32.6805,37.3918,39.9277,30.6416,27.8396
3687.5,34.3151,21.9698,40.1395,39.2677,36.8563,27.2693,20.1285,36.4238,28.7225,34.5683,21.7581,22.6944,40.6916,33.1039,29.2898,42.8937,24.1979
3703.125,30.5928,39.7502,32.4277,31.2547,28.3368,21.8859,30.898,33.0343,21.9469,27.04,30.4814,29.2949,31.7757,37.4711,36.139,25.8997,24.7631
3718.75,37.2207,20.4238,33.0901,28.2513,38.8589,32.213,20.3432,33.4566,30.4699,41.4422,17.9674,18.1018,33.483,34.3886,29.847,41.043,19.7336
3734.375,26.9333,28.1573,35.2344,35.7493,30.2719,23.2793,25.3775,30.8913,23.9164,29.0993,32.1692,26.7041,34.9764,33.4268,38.6018,27.046,31.843
3750,37.2154,26.4431,39.566,41.0257,36.4256,34.1018,37.8714,30.4901,34.6114,36.7765,31.4902,34.2561,34.1961,34.8435,36.0828,40.0591,32.5154
3765.625,35.4621,36.4602,27.3763,41.8794,36.023,28.9303,28.6035,44.9205,32.9699,42.3027,38.4247,30.5846,30.3247,35.6064,37.4017,34.2282,26.4481
3781.25,34.8989,33.5379,37.7929,36.0771,37.1951,35.9403,35.3665,34.7882,35.9486,36.4911,31.8414,39.2671,43.8203,39.709,35.893,43.4025,45.5575
3796.875,45.5844,54.6852,39.4183,32.7571,40.8333,44.2501,47.0799,45.7687,49.3551,40.3275,43.706,37.6971,38.1383,40.9094,38.377,34.4919,39.7191
3812.5,38.0473,35.0933,44.9814,40.8851,41.3643,47.5615,41.844,41.0062,42.4407,42.1294,46.7622,50.1551,40.3733,38.4135,44.5987,40.9057,44.1865
3828.125,45.9018,51.4656,49.2015,53.8209,45.2478,49.8814,55.2428,42.0097,51.4549,44.1835,49.4612,45.3394,48.9155,44.2651,48.31,45.4513,52.2608
3843.75,46.8485,50.783,45.8176,41.4927,44.7674,53.6753,59.3801,46.374,56.5028,49.6828,59.2553,58.5548,43.4032,50.6277,42.2032,45.4194,59.3599
3859.375,48.7192,68.2142,45.5845,52.5375,51.1928,60.7873,51.9494,54.6869,50.3538,43.8961,53.4484,61.024,51.5927,48.2558,54.6916,52.0869,52.932
3875,49.4988,55.9406,51.3561,55.0504,49.5456,58.2349,63.1704,46.5433,66.9703,58.8677,63.2938,55.7865,52.7028,51.3207,53.3551,51.6137,63.9157
3890.625,64.6748,66.294,61.0981,47.6735,55.7376,68.8581,63.9047,51.3288,65.9921,52.1497,62.7058,68.5155,58.5184,53.2859,51.5378,57.2098,65.476
3906.25,41.385,68.1411,54.9995,55.7384,54.8061,66.2954,68.4727,69.1639,74.0291,55.3204,71.9799,68.5088,52.5193,55.7794,57.9329,49.1905,66.0368
3921.875,64.204,73.893,61.4228,61.4374,56.6341,74.4988,72.2376,48.4268,66.3297,60.2468,73.6585,70.7119,53.7525,57.0269,55.0428,61.1887,74.2889
3937.5,58.868,67.0639,53.7121,51.222,56.7442,65.4368,78.1941,60.5293,70.703,53.2296,69.624,74.082,60.7735,62.9686,58.9978,55.7834,72.2971
3953.125,53.369,86.0903,59.4326,69.7241,60.295,74.3058,68.0181,65.5691,72.6847,67.9017,71,72.2313,59.3938,54.7146,57.739,54.7508,71.6132
3968.75,60.7317,71.5529,63.2227,59.8291,60.7364,77.533,81.2329,59.3772,78.813,49.2131,76.9089,77.2412,61.2654,53.2187,60.0311,69.439,75.8443
3984.375,60.4618,74.6789,59.4387,56.4334,59.783,70.8388,75.4908,62.7217,75.5524,70.1546,75.4748,76.1803,58.9514,65.2021,59.9457,56.119,73.8694
4000,59.4682,78.8764,63.9388,58.7768,60.9787,83.7165,69.51,58.8295,76.5848,61.0433,75.5024,77.407,63.4332,59.4522,61.5336,63.5588,77.0469
4015.625,58.6869,69.1704,60.4231,66.7523,59.6322,68.4599,77.2217,65.3525,76.2538,60.204,72.7913,72.6735,57.9494,60.8632,64.7105,63.409,76.7031
4031.25,59.1374,79.1074,62.4224,56.1559,60.1301,76.3927,79.9707,60.7029,72.0156,60.448,74.783,74.5574,59.6932,60.6622,55.9308,58.3304,73.7312
4046.875,60.185,73.8816,51.7581,53.3974,55.526,71.8295,67.9482,48.7001,71.5192,52.4909,71.42,70.7991,56.9269,57.2719,63.7322,60.9655,75.494
4062.5,57.1669,69.8187,61.8109,64.1653,59.9224,69.4007,73.7696,66.1765,66.914,65.0333,67.6999,69.7846,61.3277,56.6992,48.9327,50.3037,66.5087
4078.125,50.0124,71.9378,59.0983,56.0143,54.5538,68.1316,70.4557,53.9131,75.8276,51.1556,74.771,70.4971,55.7118,56.8076,58.4208,56.8565,68.2478
4093.75,60.2996,63.0071,50.3672,52.6849,54.0639,66.7524,64.8866,51.5562,61.2001,55.1754,62.8683,63.9925,56.5781,56.8411,51.1937,58.5494,71.6525
4109.375,46.9245,71.026,51.5581,50.5178,49.5465,60.687,61.3158,51.9058,65.0866,54.7049,61.0082,62.874,44.0821,45.1736,51.9208,44.3318,58.0293
4125,46.7389,45.0269,47.8113,46.8455,52.0024,57.2695,61.151,54.0538,54.8991,45.6657,60.8001,59.887,53.6993,47.2246,53.6261,54.8918,62.1415
4140.625,45.9541,64.6623,52.343,45.6836,44.174,58.3067,51.1526,39.6578,58.5522,52.3982,51.1481,55.0638,43.7197,49.8868,48.4245,45.3086,55.5195
4156.25,49.2381,47.6834,48.9592,53.4303,44.7375,53.9209,56.304,46.6481,56.7508,35.7365,59.9962,51.3434,46.4501,45.4147,40.8944,43.3245,50.7528
4171.875,35.48,52.7117,36.5881,36.213,40.3835,46.3669,47.6662,49.7589,42.0129,48.6087,39.1378,48.9004,36.9332,39.0009,38.9794,45.2049,45.3083
4187.5,42.8158,38.6251,37.3361,38.7015,39.6673,41.0533,41.3415,33.4642,45.9636,33.5609,49.0323,43.3402,40.7898,38.6118,46.5009,34.6684,44.32
4203.125,32.8993,42.7678,39.5035,36.7493,35.1106,40.5049,43.1674,35.6882,36.6935,37.139,37.4809,37.3125,40.9125,34.9076,33.6352,35.5383,41.2227
4218.75,33.0613,28.9982,31.5435,34.6436,33.4876,32.2815,37.2381,29.6138,37.1282,35.1852,33.8183,35.5449,28.99,34.5291,35.2698,36.3257,30.9135
4234.375,34.6279,35.202,33.9708,29.0541,30.134,35.2711,23.4149,33.2294,32.7733,29.2001,32.7798,38.4599,34.4485,29.3503,26.9498,31.317,38.4301
4250,30.0856,28.5453,24.2302,30.6013,29.6812,26.3119,31.5634,29.8845,30.4591,32.0355,30.7687,18.6471,25.7206,30.312,29.602,29.1465,23.2163
4265.625,25.48,27.0848,29.7932,26.0067,26.3776,23.1258,22.5109,20.8827,19.8441,25.686,22.6386,28.0888,27.3359,28.4011,25.4489,27.9011,25.7831
4281.25,28.4059,8.4405,21.2086,20.1185,23.3122,14.2477,15.831,31.7352,20.5974,26.8452,14.4608,15.1329,25.3039,20.6412,24.8641,24.6329,19.3832
4296.875,22.5365,29.0714,20.3113,21.688,24.0077,18.5591,17.6458,20.1577,12.936,23.0255,22.9054,20.3823,24.0195,23.5691,23.0166,17.5259,16.1382
4312.5,21.0356,6.3089,28.4278,36.8426,22.417,18.3304,13.4577,19.2333,19.3425,20.7969,10.8357,15.6759,17.9683,24.2917,21.9813,28.0825,12.5117
4328.125,19.6457,16.5669,24.6029,18.3532,20.1486,11.8888,7.9017,30.4158,11.4019,16.2985,9.4064,6.4174,26.4133,17.5716,13.6566,15.1754,13.3633
4343.75,23.6801,6.7093,16.1787,25.3993,18.6309,9.5379,12.9114,15.0142,13.1925,27.9625,14.5655,8.2938,13.284,22.5347,22.1263,23.1464,8.7913
4359.375,12.0939,7.5956,23.0075,10.586,20.341,6.1509,2.7359,20.3573,13.8685,11.8934,6.811,9.916,19.5984,13.8955,20.9747,15.2864,8.3044
4375,22.0103,8.0202,14.3301,27.2631,18.8346,7.695,10.7982,21.6781,14.5561,24.4896,5.6055,11.2414,15.1604,21.7436,16.5349,17.1865,5.2404
4390.625,20.6617,10.2329,19.0535,19.6007,18.0669,2.1728,3.1249,16.3562,6.6985,17.092,14.3372,8.9392,23.7088,15.1671,15.6485,18.7591,8.0786
4406.25,19.188,6.5035,20.5955,13.3897,16.0786,17.573,6.5861,25.1731,6.2844,12.658,9.0761,13.9028,15.0393,18.4688,26.0196,21.9846,4.2392
4421.875,11.9695,7.8977,17.7008,14.8043,18.2562,2.2977,12.2788,7.9465,10.5604,12.6287,14.9287,4.0784,15.8477,17.9693,10.751,13.8589,12.0546
4437.5,23.4505,15.7553,15.6781,17.6617,15.8532,13.3633,6.8421,23.5248,13.0344,23.2131,5.4466,7.7138,16.9999,14.2471,16.2017,19.4463,6.3877
4453.125,18.6416,6.5239,24.01,20.0124,18.0286,7.4081,3.9637,13.9797,10.262,15.5709,8.2252,17.2835,21.3098,16.249,16.6093,14.6389,5.6777
4468.75,13.9379,5.1091,13.3554,16.7214,14.5541,7.7146,12.6659,17.0695,12.2988,17.2516,11.3333,4.9626,14.5349,24.7411,19.8127,20.3049,9.0659
4484.375,22.6917,14.1498,18.962,25.7959,19.0203,14.6846,6.8327,13.3589,13.5696,23.6545,12.4699,9.4259,11.0159,13.0779,18.6742,14.5265,9.0199
4500,15.6838,6.9984,13.4042,7.387,16.3909,9.3076,13.2815,25.5065,6.8583,10.9478,9.129,11.2896,22.4646,18.9026,14.4556,19.4245,9.192
4515.625,16.8682,14.179,16.2453,22.7586,17.548,13.3049,5.3805,18.8691,10.0679,17.2811,12.4365,7.1051,14.4007,14.6567,19.9053,18.5563,11.2308
4531.25,19.6022,10.8576,22.1204,18.1545,18.9717,9.1929,18.4698,14.9824,13.0569,20.2825,10.2611,16.195,20.2858,17.7641,18.1005,15.2483,12.3277
4546.875,20.5916,13.616,22.4704,24.7871,20.1581,20.9318,12.0863,22.6236,14.727,22.1158,17.3248,16.6585,21.4696,22.7418,24.4428,19.6577,19.0927
4562.5,14.0487,12.1666,16.7411,17.0794,20.3445,9.7206,14.6121,20.5456,18.7233,13.7076,13.026,11.7622,20.9039,22.1369,16.9976,23.9529,8.2467
4578.125,30.2903,24.844,16.7612,23.8995,19.7388,26.8205,17.3162,20.2138,19.939,28.176,22.7216,20.138,20.6754,20.8554,25.5533,20.6637,16.8751
4593.75,25.1082,14.1988,26.8661,26.9243,28.0425,18.4206,13.2945,22.0674,17.7655,21.2527,16.5146,23.7482,22.6292,27.1412,22.5575,22.1488,25.7242
4609.375,25.5085,25.3028,25.9627,22.5557,22.966,22.7758,26.4016,33.0386,21.2614,27.9118,27.7991,19.8224,25.3126,22.4554,27.9604,25.1939,18.0215
4625,23.5462,20.9915,29.9102,31.3613,29.579,30.9927,26.2631,20.9188,27.0851,26.8316,24.9058,23.6181,28.04,30.3287,25.9135,28.0668,26.6613
4640.625,32.1415,29.3998,28.6548,29.0991,30.6618,24.694,25.8953,32.3359,25.7584,31.332,27.0455,28.3861,30.118,31.3379,28.8242,32.3078,28.6353
4656.25,31.7475,32.8171,27.9397,42.2612,33.2847,29.1476,33.3036,37.2409,35.4209,26.9878,29.9184,30.252,33.5215,34.9971,30.8195,28.95,32.8872
4671.875,39.1435,27.3419,35.4145,29.529,29.7588,32.7231,30.137,26.9044,29.4592,36.7803,33.6228,35.6003,29.0164,31.587,34.9037,34.3562,23.4763
4687.5,30.6439,40.8815,39.0209,45.2917,39.9071,36.9305,39.1271,39.1306,34.5583,38.0965,34.1157,30.4479,41.5826,33.8828,39.1648,39.3839,39.7038
4703.125,41.0604,41.1073,36.6407,29.8039,35.5274,33.7237,32.1796,39.8253,30.1065,35.3524,37.3084,37.2425,31.8581,38.2382,34.9414,30.1139,38.4546
4718.75,37.4337,29.3429,48.5371,48.6366,42.2123,44.0144,42.7553,41.4054,47.7578,46.1084,37.3749,37.6582,47.7629,39.9865,37.6522,48.8594,36.8157
4734.375,40.9453,45.7853,32.9953,27.5029,39.5162,35.3243,41.0572,40.5922,39.9038,43.6117,43.0167,43.3955,38.4811,41.2793,46.93,42.6865,42.716
4750,44.0201,45.9262,45.6264,60.6408,46.292,43.4937,40.377,44.3452,41.7194,47.1975,43.6733,38.5805,46.8889,41.8701,44.135,38.6088,46.0047
4765.625,46.5234,34.2859,48.7693,45.491,40.2018,42.0473,43.921,45.0282,45.071,33.4877,43.453,44.6698,43.1973,43.0146,41.4438,48.9529,42.7932
4781.25,42.0621,51.2248,47.4249,41.6717,47.4244,44.9138,46.9626,45.4696,47.4258,58.4966,44.1263,47.2228,45.131,48.2794,47.0915,44.2132,41.9078
4796.875,46.8644,47.4425,46.0583,46.5988,44.2106,44.8332,42.3489,50.6824,43.2756,46.3431,44.946,43.5046,47.8524,44.7897,45.4084,47.8991,47.7926
4812.5,45.0153,41.7962,52.4171,47.8362,48.6116,53.6123,50.8032,47.6488,43.345,46.741,46.1234,46.0332,48.1417,50.8854,53.5086,47.9686,45.7182
4828.125,51.2703,49.5932,45.7256,47.931,48.9808,36.3115,42.3332,45.5355,48.733,51.4602,45.5867,46.7617,48.3237,47.2297,37.7925,50.7377,43.4871
4843.75,42.8003,43.6502,48.0995,48.6791,46.5991,44.5205,51.165,47.2333,50.8292,42.0007,46.5022,47.6601,46.9312,46.7967,53.7199,42.9989,47.7856
4859.375,51.3231,52.5862,46.7141,52.0808,46.0342,49.3383,41.1217,50.5016,38.2985,51.7974,45.4231,45.0172,46.4818,43.371,47.6915,50.6631,48.5701
4875,43.2722,38.1917,50.0603,46.4928,47.721,40.4638,50.1674,52.108,50.9073,48.7155,44.2901,42.2638,48.222,50.5812,48.9853,46.6645,43.6099
4890.625,46.4673,47.5326,45.2821,43.3001,47.605,48.1746,41.2247,43.241,37.3227,46.0536,44.971,44.3087,46.9819,43.3709,42.8955,45.2568,42.7013
4906.25,41.9558,45.4044,51.1018,56.1256,42.632,42.0224,46.6636,49.9566,39.1306,45.4994,35.9366,42.5795,45.8186,46.5918,47.8693,47.012,42.5088
4921.875,43.8674,34.2397,38.9934,32.5414,44.8779,36.6882,38.6139,50.3414,53.271,45.4948,47.8502,43.3968,44.4486,43.8378,44.2517,44.0293,41.5332
4937.5,37.545,47.4551,50.5219,53.2472,41.2713,42.3646,42.0005,32.2648,31.1343,44.7976,35.1502,38.2558,44.8574,42.5225,40.5579,41.3829,36.2301
4953.125,47.2634,33.8391,37.0315,29.7943,41.514,34.5147,40.3164,49.453,37.1475,36.668,33.8106,36.292,39.571,39.244,44.7573,46.2619,39.2464
4968.75,32.7254,32.7498,39.4584,46.4378,37.0671,34.9768,32.3645,32.8256,37.3833,44.6965,35.3365,37.1224,39.0508,38.3459,37.5406,34.6318,38.7079
4984.375,36.2142,35.9683,40.5815,26.5248,38.777,31.655,33.3628,37.926,31.1115,32.399,35.4216,31.6357,36.6915,34.8852,34.9221,36.0535,27.2135
5000,33.8337,27.225,32.8075,41.9301,30.5135,33.3674,28.9604,37.7664,30.1971,35.1682,29.3981,26.564,31.5792,31.4119,33.9008,33.4739,29.5457
5015.625,30.5211,28.5855,26.0876,32.4458,31.9765,20.5535,26.141,27.9657,27.3299,35.352,23.0619,32.5635,35.6777,33.7748,32.1763,28.6727,32.6378
5031.25,25.3721,20.9528,32.6396,27.0863,27.85,25.3538,28.9968,34.2546,23.4343,20.7731,29.0856,23.7453,27.2406,27.9046,28.4628,31.9297,22.1526
5046.875,24.5605,30.9257,24.3439,17.9572,24.3658,22.6802,21.0377,23.9991,22.5239,33.0491,19.3975,21.8355,19.9649,23.5413,23.4925,26.7087,21.8403
5062.5,19.0899,18.8415,24.1716,23.8986,21.518,21.1881,16.5833,17.7534,26.4144,18.5593,19.2362,18.4414,26.1256,21.7562,24.1579,19.125,21.7585
5078.125,21.2389,19.6894,20.5217,22.4359,19.0244,17.1259,19.4849,24.2481,13.8033,17.4791,18.3215,21.1342,16.2049,22.7016,19.5781,23.6791,16.3505
5093.75,16.0781,11.7008,11.5022,13.9221,18.6409,18.3312,20.1077,15.5753,14.3677,20.1329,12.65,11.9178,21.2143,11.697,11.9513,12.9782,12.0537
5109.375,13.4545,14.0371,16.4496,13.7934,9.9432,9.8395,10.4562,8.6021,17.4545,10.1355,13.9131,14.5742,10.3885,14.7662,11.9215,12.11,17.3327
5125,7.5199,12.8993,13.9606,13.6365,9.6451,14.1401,15.7641,12.6376,12.7068,5.3112,13.7681,12.1907,10.3288,10.7669,11.2493,7.8246,12.143
5140.625,15.2012,15.0418,8.4981,4.6611,6.5044,13.5706,11.26,1.5342,10.3357,13.5475,12.5542,15.5115,9.4351,5.2341,8.8953,8.4665,13.5094
5156.25,7.6913,8.8447,7.6769,7.8045,5.025,10.5922,6.4043,12.7321,13.9873,4.7065,10.4605,7.8137,2.5728,5.3687,2.908,7.1024,5.791
5171.875,4.1825,10.4932,7.3633,6.1032,2.5407,9.2914,14.6249,12.3108,15.7523,3.0194,12.7983,12.9481,2.9607,4.0111,7.7458,4.6422,14.0488
5187.5,4.3848,15.6057,4.9884,6.7152,7.108,10.8627,12.5645,0.4855,11.6748,5.7495,10.9045,10.8679,4.8954,1.4024,9.0465,5.4935,12.1079
5203.125,9.6286,11.3023,9.5956,1.9966,5.4058,16.1548,13.6748,9.5711,12.727,4.4784,16.3787,10.5162,9.5373,9.7044,4.7754,12.4262,13.3967
5218.75,10.635,13.0416,4.6003,11.2144,7.4631,13.7597,16.3513,9.9375,16.9501,15.8285,12.0565,17.1697,10.8441,8.3496,11.1778,7.5488,13.4908
5234.375,4.8485,15.3703,16.1236,8.1884,10.6762,14.0777,15.2902,9.6379,19.195,1.9732,15.5697,15.3951,11.2872,6.6844,9.0821,8.0472,16.2524
5250,15.729,15.0031,13.2054,16.563,13.4867,14.3139,13.3391,15.2194,12.9234,20.2469,15.0882,16.738,8.1081,17.239,15.2142,17.876,14.6355
5265.625,12.3514,15.6211,16.0304,11.6267,13.8759,16.1772,16.2252,10.4079,17.3358,9.5287,15.0604,11.6853,15.2082,11.7078,15.5154,13.8749,18.4484
5281.25,15.428,23.7311,18.345,14.8827,11.7312,13.3106,19.7063,23.9981,13.678,16.7937,19.399,25.3637,14.6647,13.0062,12.518,14.0332,13.8005
5296.875,13.9381,15.3245,17.4513,16.2302,17.9265,21.6278,11.9753,12.5098,21.9825,17.9406,18.5182,9.6556,17.6028,14.9332,12.1673,13.4103,20.5699
5312.5,16.9521,19.2973,15.101,16.3927,14.3518,16.5936,23.038,13.8268,23.3803,15.9935,14.442,19.8751,19.9075,18.6185,22.0873,22.5883,16.5022
5328.125,18.674,13.0841,14.9806,22.5819,16.1456,17.0008,17.3862,20.9598,15.8152,19.36,20.2154,16.4994,11.1129,14.0884,13.8215,13.5389,18.6937
5343.75,15.5042,21.8048,21.9207,10.073,15.4805,14.5503,18.9808,12.7331,18.4758,17.7951,18.9325,18.3752,19.6662,13.8286,15.6293,19.4169,14.3157
5359.375,12.7814,12.8923,16.7413,20.4208,13.9305,20.8381,13.2601,20.6036,12.4607,12.9875,12.8177,22.9312,16.3403,16.5916,18.7731,10.6269,15.3117
5375,14.8568,21.5318,14.1714,15.2626,16.8045,15.025,15.4169,15.5945,20.9002,16.7263,16.4696,10.954,13.9919,12.9399,14.3774,16.9968,19.6045
5390.625,13.556,12.054,14.4765,10.5359,12.419,16.3317,19.4194,12.0121,14.3288,15.1328,17.9156,19.3215,16.8019,14.0269,13.5281,14.6053,15.3874
5406.25,9.4132,17.8938,12.8153,19.326,13.4711,16.5336,14.6677,14.8906,12.9275,10.0752,13.5898,15.0941,8.6043,12.1357,10.7377,13.3246,13.0975
5421.875,8.8128,17.2623,11.327,9.9555,6.9729,13.4057,11.8897,12.5925,16.3154,14.3286,18.0591,14.8953,10.3335,11.6759,10.5783,6.6219,11.9841
5437.5,10.461,13.03,10.8223,20.6071,10.0399,16.0191,14.1191,7.4293,9.4608,8.6285,12.8121,10.7898,8.3103,6.6255,7.9085,15.4354,17.8546
5453.125,3.0737,13.2134,3.192,5.0897,5.47,8.2415,13.3964,6.2306,16.524,7.498,13.9028,13.3739,7.6037,5.5839,6.6027,5.429,10.647
5468.75,7.9516,13.2641,8.8482,10.9049,3.4782,16.8619,12.5838,4.6661,12.2998,1.8791,12.5922,15.0492,3.962,4.1951,5.1491,3.3396,11.7458
5484.375,2.8539,11.2129,1.3553,11.0792,4.4691,10.0762,11.9788,4.908,8.1048,4.1329,11.9535,10.8193,5.9383,1.806,7.1309,5.4208,10.5093
5500,4.749,12.0666,4.0738,6.3431,4.8778,12.9761,13.3903,7.8611,13.7199,2.9074,15.3303,13.5188,4.7548,3.1614,13.5359,5.2626,12.5067
5515.625,8.16,12.3246,11.5641,11.4174,7.0748,13.5938,9.4744,6.2539,16.1721,9.3138,7.75,8.944,8.1457,3.1525,10.9392,9.1155,16.2417
5531.25,4.8989,10.5134,14.541,10.0424,8.739,14.276,18.2414,9.7444,9.2565,11.2568,15.2566,14.9514,10.0525,16.5655,11.7235,13.3295,11.2446
5546.875,11.9501,10.8633,5.8296,7.5215,12.7254,8.0882,11.0765,19.6343,13.4868,13.2628,10.9819,10.3538,13.2658,9.6394,7.6879,7.9211,13.8368
5562.5,17.837,17.5317,22.7046,24.8808,16.9963,19.3686,15.1568,16.9414,18.0072,14.7126,12.6206,16.5544,17.5055,15.3752,18.4485,15.7202,14.811
5578.125,22.1194,16.5624,10.0352,10.0938,17.743,15.4163,16.1574,16.7941,11.6369,21.0149,22.0993,16.6653,16.1408,19.7661,17.082,23.6522,14.2095
5593.75,22.1985,13.2589,28.4344,36.1017,22.0035,15.975,15.8755,21.3332,20.9065,21.9518,14.8018,14.2816,25.7337,20.4518,23.7896,18.1086,15.3443
5609.375,20.5694,22.7731,30.0229,11.7512,26.5898,16.7683,17.7791,28.4974,16.1517,28.2742,14.1499,17.4903,27.4083,25.9452,25.8393,30.0048,17.1799
5625,30.0911,17.8501,26.2995,34.242,29.3069,19.9496,18.7738,26.6459,19.4035,26.3838,22.0848,15.9659,28.1955,31.2035,29.4719,26.4849,20.7102
5640.625,31.0342,20.2167,32.0543,26.3652,28.8188,17.2014,21.5035,32.1343,18.2523,31.975,18.3363,26.0195,33.152,32.9237,29.3063,30.4989,23.3434
5656.25,34.9542,18.6159,33.4746,40.8317,33.9183,19.8103,20.482,34.9657,25.6918,29.6199,18.1129,16.8567,33.0771,28.7058,34.6762,34.0425,18.5322
5671.875,31.3738,20.4355,32.6202,35.6382,34.0094,24.6597,23.87,38.5841,16.1974,43.4672,27.1081,24.7774,37.466,36.5548,37.6327,37.783,19.1605
5687.5,36.9708,25.6323,43.432,35.5509,38.2673,20.9514,20.1369,34.9895,21.4875,34.7813,14.1276,18.9395,38.4414,37.9771,33.3537,33.131,26.2972
5703.125,42.3215,22.7961,34.2001,40.1981,38.6324,21.9489,22.1794,40.5559,19.8213,42.2093,28.9659,26.4169,37.452,41.439,43.6585,41.0387,20.2655
5718.75,39.6221,19.5368,47.224,37.4357,40.8214,23.2404,27.5166,43.1599,29.0653,39.431,18.9619,16.7263,40.745,37.6175,38.4038,43.5726,20.3125
5734.375,35.272,26.2587,39.8873,46.5643,40.7048,20.3403,19.4514,39.2894,13.8806,42.1374,21.7442,24.6967,40.688,40.1641,45.3818,41.8998,27.0814
5750,48.5219,21.1366,43.3768,39.1172,41.5102,25.4168,26.6346,43.8223,26.0794,42.6721,21.0184,28.6916,40.2016,39.7127,33.9399,36.0582,22.7268
5765.625,40.4604,25.9735,45.5361,47.8911,39.5769,16.053,17.9246,42.4627,20.0899,40.6524,25.8402,14.4231,47.2402,44.886,47.0613,47.5567,22.6137
5781.25,37.5684,21.1771,39.8347,41.7428,42.6399,26.6963,29.3458,40.4031,25.1968,45.1457,20.0044,20.9034,38.5116,41.2242,44.0117,41.5379,21.2306
5796.875,40.6124,26.2288,46.7899,35.0018,40.6832,17.1115,19.1694,43.7615,20.1804,36.2148,16.2945,27.8817,45.7819,39.2608,33.9537,36.686,19.1518
5812.5,38.6397,16.1334,38.4621,47.2605,42.0968,13.669,22.4701,36.8621,21.0835,46.6379,24.1209,15.0103,36.2902,36.9048,42.2745,44.6628,21.0866
5828.125,38.7509,17.2997,39.8645,32.9808,35.8927,26.4867,20.4068,45.4576,17.0859,35.6108,18.2051,20.5906,37.7932,40.2656,39.3958,39.118,20.6319
5843.75,38.6824,20.5359,36.5541,40.8245,38.7624,14.9949,18.4692,31.807,21.8817,38.9648,17.9897,19.0463,35.9721,35.2584,33.7464,36.3202,14.6653
5859.375,31.1687,16.3044,25.8376,31.705,32.1436,17.6553,15.6312,29.6341,12.4471,36.1511,14.0647,15.492,32.2416,33.7969,38.6477,32.3053,18.3463
5875,31.8164,15.8568,41.4293,37.0695,30.2965,15.0828,15.6271,37.5105,15.6248,25.8138,14.9142,16.3474,34.5597,32.5086,27.6068,33.4681,18.9111
5890.625,30.7993,14.555,27.353,21.6918,27.7856,14.3448,16.0503,30.885,14.9573,34.6866,17.0093,15.3383,24.85,27.4634,33.7422,27.2129,11.4506
5906.25,20.1519,11.7526,21.1183,31.8733,24.9217,11.5687,13.7581,23.3469,15.0802,17.0111,9.6138,13.7504,24.4485,22.997,21.0507,25.283,11.9059
5921.875,23.474,12.7156,32.8939,14.89,24.023,8.1687,12.8795,21.7956,7.1306,27.7721,10.7693,8.5312,27.3182,23.8732,23.6955,23.8937,14.3167
5937.5,18.4694,10.4308,12.6093,21.7281,15.4454,12.4637,9.3913,16.7414,8.1276,16.5454,6.9326,6.5449,13.904,16.4142,16.2963,14.1514,6.538
5953.125,12.5314,8.4484,15.1344,12.5954,15.6054,3.312,7.905,13.4621,12.4787,12.9811,8.6952,13.9795,14.3077,16.0898,10.7907,11.7187,6.2053
5968.75,12.6101,5.2948,7.9357,15.2728,8.9152,8.3388,10.2965,8.5254,0.6826,12.4993,5.4491,6.3983,12.9185,7.3802,12.9695,18.1279,5.6508
5984.375,6.005,5.6652,14.5729,6.9248,6.1143,7.1939,1.9178,14.9162,11.7385,6.2151,3.6434,6.4622,6.1298,11.3501,10.3997,5.7032,6.3306
6000,8.4472,6.8171,3.8217,6.398,8.5379,5.5443,1.9848,3.4431,1.1844,11.9162,8.4062,1.4179,7.5357,8.998,5.0455,7.7711,7.1083
6015.625,8.7896,7.5068,13.4506,9.4603,8.0729,8.0577,6.5832,12.6954,7.4817,7.3447,4.5392,8.4471,11.9415,6.9049,12.2589,11.0599,4.818
6031.25,10.4025,3.3742,15.5806,7.077,8.8822,6.9992,7.214,14.2928,8.6951,19.7014,6.5582,9.2586,8.8291,10.2468,8.9408,10.4108,5.8778
6046.875,17.2354,11.7241,14.6376,20.6314,15.12,5.8817,10.4033,9.5492,9.4132,7.1811,9.1291,7.9394,16.0097,18.8916,16.0715,13.866,11.0912
6062.5,11.9191,11.6287,24.5398,20.5997,17.8617,14.0889,11.6644,22.9178,10.7208,23.1782,10.447,9.895,15.7756,13.775,18.6363,17.9234,12.6757
6078.125,25.9315,14.113,15.99,16.7967,22.3223,12.5076,11.9101,25.2907,9.9136,24.2556,12.6678,11.3419,21.2473,22.146,21.5978,23.5803,10.5181
6093.75,25.5757,16.3635,26.0586,26.6383,25.6607,9.438,12.3139,19.3365,16.4565,27.9629,12.5754,17.1795,27.6042,23.8038,23.8057,24.4417,12.8191
6109.375,24.8174,11.088,33.8081,29.378,25.3927,15.8924,18.798,36.1958,17.3181,33.4431,13.9756,10.1451,25.7381,29.1856,29.482,27.6552,19.2695
6125,29.9486,16.5745,21.1569,29.8841,32.0091,19.7788,19.079,32.1529,8.7969,24.2013,16.433,17.1878,35.2278,26.1178,30.1824,32.1043,11.2124
6140.625,36.7351,19.0624,44.3135,33.3351,30.7812,11.2745,14.8228,30.8073,20.2583,38.2646,17.9421,20.1329,33.0798,37.4046,32.1432,34.8277,18.1965
6156.25,36.2893,18.7371,36.3904,40.7426,38.5301,20.6901,20.2231,32.557,15.0111,37.0017,17.9694,19.2967,32.8712,33.9166,37.2164,33.1766,19.2775
6171.875,26.8589,17.054,40.2335,32.7563,35.3106,16.0481,21.2025,42.4718,22.1411,35.7614,18.1003,15.6336,39.3639,39.8057,34.5491,41.9565,19.3131
6187.5,44.0716,23.7353,40.2292,38.0207,38.3081,22.5563,14.7357,39.8543,15.7452,41.8699,19.9955,21.9691,40.6746,34.6824,40.6927,35.565,16.383
6203.125,43.0192,17.2841,40.3414,46.248,39.09,14.3654,21.4004,36.3628,21.3124,40.2691,20.5303,17.5272,40.7397,42.2799,40.245,42.885,18.6395
6218.75,33.7686,21.3166,44.806,33.9878,41.3597,17.8178,18.3831,37.4292,17.909,39.7068,14.8978,21.4095,36.0126,37.0771,40.8458,37.6822,24.3826
6234.375,38.6029,19.8896,34.6676,37.194,40.3547,19.7947,23.5569,42.7737,18.817,42.8252,19.4875,17.7168,42.968,39.7502,39.9462,40.77,15.9527
6250,43.0144,18.8181,44.7526,45.3867,36.0266,21.4219,18.4514,40.9314,19.2623,40.0525,19.2259,16.4296,39.831,41.1093,37.8783,41.4755,18.765
6265.625,39.5875,18.7312,39.6488,43.5915,39.7616,14.1078,17.4338,39.279,19.2617,36.0709,17.525,22.1428,36.177,37.6303,40.1129,38.1113,19.2187
6281.25,30.6209,16.9222,33.133,29.76,38.3194,20.8505,20.8461,38.0993,18.1716,39.3828,18.3945,15.2738,40.2802,37.2035,37.0299,36.4265,18.0399
6296.875,38.934,19.4305,46.0819,43.5407,34.993,12.5745,16.8543,40.1585,16.5764,36.9197,14.936,19.7365,37.1516,35.4524,39.3282,35.4372,16.4352
6312.5,33.7556,15.552,29.1757,28.3098,34.0393,14.9973,14.9385,33.5208,16.1138,37.2845,18.8094,11.7638,32.202,33.421,33.7915,35.4989,17.1166
6328.125,32.5824,18.6244,35.9676,37.7724,29.9188,19.5905,22.2873,31.9893,16.436,25.887,13.0416,21.0184,35.2796,32.7327,31.6403,31.3238,16.8147
6343.75,27.4973,12.4413,32.1554,29.0884,30.8394,13.6395,12.0732,33.1571,12.7994,36.9846,18.1898,16.0117,25.5808,27.3991,30.9155,28.2583,12.8048
6359.375,28.9934,16.3087,21.5931,25.795,28.0103,15.9029,13.8025,23.3717,15.3634,26.7418,13.9443,6.9646,27.8458,28.9055,25.9997,29.3605,16.4909
6375,22.9347,15.973,28.488,23.1498,24.4552,9.2811,13.7563,26.1669,13.0433,22.5296,12.9373,21.4213,23.6038,23.9537,23.2638,21.6169,13.8376
6390.625,22.2216,8.2113,23.5515,24.6681,19.9224,16.255,16.9369,20.2151,18.2256,21.3585,15.3404,12.2037,24.9357,21.8037,23.0733,24.6379,11.6189
6406.25,20.6933,20.5748,18.0783,16.5037,20.3899,16.4924,11.5484,18.5806,9.269,20.5163,14.0306,14.5621,18.0593,20.9465,20.2319,18.9226,17.1242
6421.875,18.9622,11.7966,20.6172,23.7816,17.7623,12.8524,14.6289,18.036,16.7834,18.3482,14.4278,11.6827,18.3567,16.9021,19.6577,19.7804,15.6456
6437.5,13.8374,16.8547,14.9131,12.1556,18.3491,17.6033,17.3158,21.0446,13.6126,15.9398,14.4225,20.6544,19.7846,15.738,13.5373,17.2057,13.6395
6453.125,18.6449,15.2844,21.0907,20.6348,16.4734,16.4917,16.0379,16.5385,16.3779,16.8617,14.1397,15.4492,15.6871,18.3358,19.3573,15.971,20.0414
6468.75,19.6346,19.1024,14.6906,15.6645,19.46,16.3095,17.5191,20.9888,17.8487,20.0145,20.7806,16.4886,16.6729,17.138,18.1676,21.1023,14.9717
6484.375,19.8819,16.1775,19.5693,22.4746,19.4355,18.6323,20.6611,20.4016,18.4427,21.0935,18.679,19.1457,23.2209,20.1388,20.6036,19.1163,14.2439
6500,18.0946,20.3073,25.4275,19.9024,25.1628,18.283,17.1962,22.9601,19.8563,20.7348,17.5734,20.4413,22.1538,24.2841,24.4185,24.2717,22.9651
6515.625,26.2557,21.3713,24.0217,27.7369,24.5231,21.717,21.4999,25.5178,22.6697,26.9127,21.4484,21.4926,25.2445,22.6671,26.0628,25.2706,21.973
6531.25,27.561,21.7223,28.5237,27.0243,25.9405,24.1794,23.6494,27.0058,19.6067,26.3212,22.645,22.0294,27.1571,29.0542,25.0494,26.0643,19.4912
6546.875,32.738,26.2109,31.0238,31.8986,29.7315,20.5583,22.0096,30.2031,24.6194,31.3616,21.7201,20.8282,28.7016,26.9943,30.5319,29.7344,24.9175
6562.5,28.1219,22.5865,31.2191,30.7096,31.2176,24.1697,25.9717,32.865,20.8778,32.4676,24.2507,29.1967,35.2482,33.9839,31.1861,34.7885,24.5054
6578.125,35.4867,24.5309,36.7706,37.7177,36.2173,25.1077,25.6791,34.9763,28.4474,35.7325,26.2306,20.0981,33.9214,35.6447,36.3394,31.655,24.6469
6593.75,33.7699,26.1039,36.1982,32.1702,36.7721,22.6581,24.7491,40.8647,24.377,37.6005,24.308,29.6407,34.829,34.5914,33.5828,40.5325,27.4669
6609.375,39.6017,28.8357,39.3517,43.6113,37.5791,29.5653,28.9617,37.5685,24.5982,37.8645,26.9458,22.6107,37.9717,35.3774,41.5175,36.5844,25.4585
6625,37.1092,27.6087,41.1482,37.5398,40.3344,22.9109,24.6749,38.8565,27.2983,40.8965,23.8741,28.2434,40.9078,40.7632,38.9832,40.5526,24.1019
6640.625,40.6595,27.6334,42.2519,38.3094,38.8518,28.5107,29.4868,41.9735,25.5442,41.6556,26.4687,26.5851,39.2844,40.8282,40.3254,40.1009,28.8517
6656.25,41.3345,25.3624,43.0253,44.0927,40.5483,25.9622,27.4084,44.2516,28.8093,41.6093,28.3839,26.862,44.279,39.7834,38.1649,41.3867,28.546
6671.875,39.4548,29,41.0264,42.5165,40.1437,26.2595,26.7138,39.9583,25.4739,41.6851,26.3441,28.0369,35.5764,41.0053,46.5405,41.4993,24.3361
6687.5,38.4005,27.6364,40.7871,35.1381,40.6721,28.6089,27.643,41.1604,28.3179,41.5279,26.5464,26.0818,45.1448,40.4345,37.9743,40.3943,29.5996
6703.125,42.842,26.1496,42.1175,45.1486,39.5851,21.1226,28.0646,43.3937,25.8814,40.8026,24.5089,25.4467,42.0111,40.2031,40.8316,40.4584,25.168
6718.75,37.1359,24.2292,41.8313,36.2778,40.5519,28.3687,24.5782,40.4605,23.235,41.7844,24.8899,25.0063,38.8601,36.8596,39.6725,39.4349,25.2679
6734.375,39.4483,25.6437,37.2774,38.6274,36.4119,24.3344,28.6798,35.7253,24.6333,33.4463,26.6859,25.3129,35.3265,37.0429,35.9601,37.3454,24.2431
6750,32.6105,26.6436,34.0719,37.7343,35.0209,19.9911,22.8961,37.1878,25.644,40.2045,24.2832,25.264,36.7927,38.6331,34.4312,35.5607,22.9552
6765.625,34.2662,21.7619,37.9231,32.2362,34.1243,27.3874,24.8595,32.1193,22.3477,35.4432,21.5575,19.5891,33.9857,30.46,36.452,35.7682,25.9605
6781.25,31.6393,22.5125,31.8279,32.6795,31.7639,16.415,21.569,31.8156,20.3349,28.8591,21.8424,21.9563,31.476,35.1671,31.6333,28.8002,18.6339
6796.875,29.5434,20.3997,30.9168,27.5195,27.1827,23.9398,20.2021,32.6404,20.6037,34.0813,17.8325,20.8706,27.9365,26.5296,28.1231,32.2825,23.3171
6812.5,22.7931,18.4941,24.4874,25.1338,26.6648,15.1445,19.014,24.8194,17.9749,22.0044,20.3772,20.2551,26.4404,26.2958,26.2234,23.2281,18.7947
6828.125,23.752,16.9647,21.8314,23.2149,23.108,20.5961,18.8958,21.529,21.1465,25.9241,18.7764,14.914,25.9363,22.7469,23.098,25.7584,14.2074
6843.75,20.9709,15.0909,26.3117,20.2657,18.7321,16.6731,19.1177,24.9607,12.7927,22.0929,13.7305,19.0114,15.639,21.866,19.5636,19.2222,17.2246
6859.375,16.0126,19.0441,14.3037,18.1449,17.7805,11.4313,12.9854,14.8903,15.9383,15.1725,15.1041,11.9052,19.4358,14.5074,18.0784,14.5337,17.9437
6875,14.3722,10.6234,11.9321,11.5871,12.0374,16.6905,13.1635,11.7313,13.0733,9.1769,16.55,14.8892,11.0478,11.4127,12.4728,13.973,12.1914
6890.625,9.1052,11.9263,12.043,9.8297,10.3496,10.3063,13.071,11.1587,13.2102,18.9781,10.7817,13.4355,12.2422,12.4084,10.6063,9.3513,10.3838
6906.25,9.2377,11.713,5.9479,11.3616,7.1718,14.863,9.2726,9.0628,6.9254,4.5264,9.1057,10.4702,7.2799,9.1796,7.4233,10.5111,11.1045
6921.875,5.1631,7.359,10.4492,2.9794,6.222,8.6908,7.6437,7.6092,11.8419,2.8349,10.7297,6.5722,7.8089,4.5253,6.953,3.7439,10.0856
6937.5,9.2331,10.7841,9.4086,10.7158,6.8247,6.9701,8.085,4.974,8.0001,9.9846,6.8387,7.9563,6.3132,6.9365,2.7715,7.8004,5.9812
6953.125,8.0305,3.5874,6.0079,5.7236,7.107,12.0225,6.3163,11.4292,6.4679,5.5779,7.0202,9.0294,5.6017,5.6049,11.0017,7.0835,6.0196
6968.75,15.0204,5.0649,12.8738,9.5686,10.7179,3.3878,6.0036,8.4036,2.8839,13.0663,5.5158,3.3922,10.5833,10.6574,11.9746,10.0516,6.2645
6984.375,10.9758,10.0756,15.1155,15.8847,13.8207,9.8622,4.3646,14.9892,9.2976,10.8223,6.588,8.1133,13.8469,14.2184,12.3599,11.7786,7.5763
7000,12.5863,4.3026,17.7233,10.5031,12.717,1.069,0.936,12.3313,2.2216,15.1737,3.2488,0.5089,13.7634,14.4738,16.7182,15.6859,2.3321
7015.625,20.7121,5.7172,23.1297,20.7775,16.8901,8.3548,4.698,15.9112,4.6059,19.179,3.4566,2.5935,18.0043,16.8662,18.7003,18.9416,0.9998
7031.25,17.1115,5.1538,16.3284,21.2088,20.0335,3.2466,2.7357,26.0627,3.8912,22.795,4.0593,5.5692,21.3633,20.133,17.9904,20.7076,6.7435
7046.875,19.5074,3.271,25.7799,15.6902,19.9865,7.9872,4.801,22.1108,2.6245,21.0836,2.9545,0.8975,20.0648,16.7341,22.0548,18.817,0.5686
7062.5,21.6798,3.6923,19.9846,27.2346,23.4805,5.1156,4.0636,18.6669,3.6151,25.5459,3.2056,6.0328,24.1987,25.6416,21.4602,24.3437,4.9153
7078.125,24.4318,3.7954,26.475,22.8727,22.4174,8.792,4.7731,22.4098,3.3657,22.2366,6.0404,3.1453,23.6808,23.8154,25.7543,22.2378,0.9767
7093.75,25.7213,2.6859,24.4596,22.9607,24.6317,2.0217,5.9187,30.6555,6.1864,20.6807,3.6614,6.1398,24.7225,21.4292,24.4647,26.5038,6.2365
7109.375,21.7895,5.1656,24.5462,28.2262,23.8878,6.2252,3.5697,28.6054,6.871,35.5267,4.3631,4.3993,23.5167,27.0336,25.7545,24.3498,4.7906
7125,24.3833,5.1097,26.7654,24.5373,26.5491,8.9128,4.2589,25.39,2.055,17.6225,4.6672,2.7917,27.6678,25.8616,22.3352,25.0647,2.4492
7140.625,27.3267,2.3672,31.3555,26.0261,24.2441,3.5329,7.2139,22.9221,5.8756,28.9001,4.199,6.866,24.0483,21.4833,30.8321,22.6465,6.8882
7156.25,20.9635,7.9041,27.6071,21.4155,24.3685,4.381,2.1148,27.0002,5.6529,27.4724,4.6544,3.2345,26.31,25.728,20.7975,25.8363,5.0665
7171.875,20.1266,7.7807,27.3044,25.1713,25.3411,7.0802,13.1516,23.8509,5.87,22.0261,6.8041,8.0832,24.6541,25.0051,24.1026,22.5951,4.9628
7187.5,27.887,9.7467,14.9471,22.5664,21.2663,5.5202,4.5701,26.8873,8.4865,28.0713,3.1174,4.2181,22.4081,24.4932,25.3389,27.6031,6.8862
7203.125,23.2352,4.9364,28.9741,25.1703,22.5562,5.5711,10.4106,22.1643,5.2786,18.5622,10.2536,9.9052,20.9945,15.6935,19.7337,19.8102,7.9496
7218.75,17.404,7.083,18.3581,22.2742,19.5386,8.1416,6.9434,14.358,10.1402,23.4865,6.3309,7.788,23.1364,25.8064,23.0854,22.9145,6.3917
7234.375,12.8872,10.901,22.0202,18.8713,19.3897,9.8765,11.3966,24.1999,11.1815,18.5026,8.84,6.0893,15.9472,19.7077,15.2369,11.7151,7.0703
7250,21.0992,10.6096,24.147,15.6086,17.465,7.0505,4.2883,25.4243,4.3331,17.4972,5.7437,11.2564,18.5526,14.3804,21.8661,26.1224,13.583
7265.625,22.9457,8.56,8.9165,14.819,15.5465,10.0129,11.1227,18.4805,14.4914,17.2415,12.9519,5.2863,17.2625,16.1043,11.6451,15.4262,6.8973
7281.25,5.4593,6.4776,15.0738,20.4854,12.7919,9.0607,11.1679,7.2595,6.5521,11.1459,9.8856,9.0233,14.0946,13.4846,15.6311,10.1171,9.5714
7296.875,17.4248,7.3609,17.0139,17.112,13.9407,14.0411,7.7185,18.3787,11.4445,20.1066,9.2354,13.2572,16.4298,13.7375,12.8099,16.8684,10.8582
7312.5,16.334,16.8482,10.5905,7.4287,13.1946,8.4732,17.272,12.7275,10.4119,9.7185,12.1375,11.2681,13.2125,12.444,13.6813,13.1515,9.1836
7328.125,9.7039,8.1112,12.9955,14.1421,13.5675,11.8808,7.194,8.0572,14.8608,17.4671,8.2129,11.1136,12.4724,16.6086,12.2116,13.2982,10.2926
7343.75,13.6316,16.024,15.819,13.8962,13.3609,8.389,11.064,14.9077,7.3089,13.2199,13.16,8.4139,13.8182,9.186,14.5362,13.3684,9.2992
7359.375,16.5773,11.5367,17.3758,8.5877,12.8689,13.0441,11.3076,12.0833,15.739,16.4444,9.9704,14.2417,15.5166,15.2749,15.3387,16.99,16.4777
7375,16.4166,11.3714,15.6216,27.0268,16.9885,11.4667,13.8261,21.5562,11.059,17.5658,12.3113,11.2489,18.2632,15.4073,15.8966,13.0525,10.7798
7390.625,14.147,11.1888,16.3944,11.9421,17.4522,14.5085,13.4867,14.7621,10.1031,12.9829,16.6425,12.7027,16.9954,17.8301,17.6305,19.9988,13.0341
7406.25,24.0837,14.8043,22.9886,21.1,20.3235,9.7318,12.3638,21.966,15.1035,25.5886,9.344,12.8373,19.3008,20.3925,17.8382,21.6917,13.0257
7421.875,21.4646,15.8468,17.4475,24.8888,20.4194,15.8041,13.2565,21.2972,7.9211,19.9364,13.5822,12.7114,22.1654,21.8382,24.443,20.4959,11.7055
7437.5,22.107,12.0673,31.3401,22.6248,24.0256,13.278,13.7959,22.2476,17.9001,24.4959,13.3572,12.2822,23.7859,23.3046,21.8339,23.8887,14.6084
7453.125,23.0641,14.3142,21.7694,27.6426,25.1435,9.741,13.189,27.349,10.9168,27.4361,13.8417,13.4485,27.5484,24.6327,24.7295,26.3829,12.4682
7468.75,31.5803,13.3593,30.7377,28.5769,28.6317,16.6631,12.5924,28.9245,13.4497,27.3325,12.0363,13.8913,23.2774,28.9773,29.7701,27.4418,12.5588
7484.375,25.2643,17.0286,28.6028,22.2498,29.453,10.274,16.142,26.3928,13.9815,32.4786,15.0747,12.3319,33.3927,27.2022,28.3906,30.5751,14.3488
7500,31.6204,9.682,32.0689,36.9376,28.5141,13.8799,13.1101,33.8555,13.8335,31.4564,9.9885,14.0345,28.6387,30.3308,29.1618,28.8312,12.7156
7515.625,28.6433,13.7677,34.2079,31.1906,31.6341,15.1125,14.795,31.4508,11.1325,31.0539,17.0329,12.3092,33.1752,30.7631,33.6575,32.3072,14.4707
7531.25,32.7994,17.3142,32.2284,30.6089,32.4758,11.0576,15.2083,31.9509,13.6091,32.8393,9.8024,16.5775,33.6066,33.5402,31.3016,33.3663,12.5658
7546.875,34.6169,13.9295,32.4768,35.1336,33.4876,13.3268,9.8984,30.6175,14.4435,33.5311,13.8267,12.366,35.3667,30.6402,34.6928,34.5853,16.6769
7562.5,34.8579,13.1956,41.9172,32.736,33.7778,16.1721,18.1451,42.7859,11.985,34.2654,12.7576,13.7059,32.887,36.1713,33.0857,34.2537,11.3928
7578.125,29.8602,20.2561,34.3014,33.7195,34.8615,13.1679,14.4128,32.8962,15.1296,38.6555,14.4376,13.8189,32.3604,35.5024,36.2406,35.5223,13.9446
7593.75,37.0416,12.8161,39.6786,38.5492,34.0514,12.7293,15.4344,32.8768,16.5518,36.0985,14.1135,17.368,39.7914,31.9278,34.6568,33.9143,16.0439
7609.375,33.6479,16.0607,29.8365,32.3234,35.0527,16.7592,13.1476,36.7495,13.1204,35.7916,17.1449,13.3674,32.9513,36.4362,33.7844,35.2469,14.6871
7625,31.8653,20.4745,34.6577,31.214,33.595,15.059,20.3133,35.1908,15.2752,35.019,12.3039,13.9562,34.1373,33.8963,34.2341,36.5611,15.8243
7640.625,42.0598,14.0153,41.1369,40.6573,33.6994,14.5155,16.1515,36.3398,16.8921,33.0653,13.7238,19.3405,35.0789,33.9344,34.1608,34.3133,19.6171
7656.25,26.9058,16.0899,31.356,31.4629,33.1032,17.4358,14.9633,32.7588,17.0708,36.8459,22.4249,13.2832,32.4828,33.6177,34.372,29.756,13.8147
7671.875,32.7931,21.3426,34.5572,32.7256,33.007,17.3637,21.2305,34.4131,16.5159,35.6451,15.4327,21.0674,33.1831,33.5413,30.1889,35.2727,18.3508
7687.5,32.2219,18.4112,29.9745,28.1313,31.4195,16.9422,20.7961,28.112,19.6947,24.2628,18.9204,18.9401,33.3593,28.2761,34.4215,31.8367,18.3718
7703.125,30.6128,18.417,33.3279,36.1527,30.3853,19.494,20.3416,33.4701,17.7377,36.5662,19.6432,19.2183,28.3476,29.5179,29.9698,29.6616,21.0912
7718.75,28.4414,22.4998,27.0665,24.888,29.2141,19.7272,17.3857,28.2732,21.6988,25.8433,20.7072,20.2726,28.9242,29.8047,29.5814,29.9949,18.9488
7734.375,27.409,21.4691,28.4912,29.32,27.1939,22.1621,20.8664,30.093,20.8055,30.652,20.2352,20.2702,28.883,30.1002,27.0837,27.4045,21.1508
7750,24.4883,20.0653,29.1383,26.8303,26.6127,21.9324,24.5799,27.4256,20.5161,28.6975,22.0515,21.2271,25.9546,25.677,28.0564,26.2538,22.4239
7765.625,28.0417,24.7014,22.5236,25.5734,24.5856,21.0683,21.0166,22.7578,23.9694,22.8295,22.024,24.3472,26.4881,23.5481,23.157,27.4609,23.135
7781.25,22.5914,22.4216,24.1693,24.0151,23.6678,25.0053,24.1534,25.5853,22.9962,24.417,25.1697,22.6611,22.293,24.2598,24.3412,20.525,23.5174
7796.875,20.9986,24.7353,23.5386,20.1391,22.4376,24.0511,25.7977,19.9519,25.7767,22.2651,24.5647,24.3238,21.572,21.4626,21.5295,23.3829,23.9647
7812.5,20.7487,26.212,18.9812,18.8258,20.4055,24.9483,24.9663,20.1031,25.1247,16.7118,24.7164,26.737,20.5432,20.0568,19.9221,20.8106,25.1787
7828.125,20.469,23.9722,18.1976,22.0164,18.568,27.8841,26.8363,19.1797,24.2773,21.8308,25.934,25.4624,18.7829,18.1811,20.0349,16.4722,27.6044
7843.75,16.5121,28.5319,14.8621,15.086,16.6864,24.2516,23.1072,15.7262,29.3028,14.6475,26.5187,26.5737,17.44,17.7394,16.0216,18.6886,25.1399
7859.375,14.1904,24.9035,17.2763,16.1906,15.692,30.0188,27.5229,17.4729,26.4318,17.463,28.216,26.5805,14.3822,17.5556,15.5814,14.9349,26.7274
7875,14.9495,28.0465,15.3724,14.3629,14.444,28.2904,28.0829,14.5632,26.7557,15.5181,27.6437,28.1513,14.3847,14.6763,14.5116,13.7068,28.7487
7890.625,15.7301,28.7795,8.9894,11.3719,13.4532,26.6707,27.9878,8.4109,30.3227,7.8197,28.539,28.7858,14.0771,10.4498,12.9481,13.7416,27.8132
7906.25,12.6351,27.4638,11.8875,15.011,12.2108,30.7135,28.0013,14.13,27.1962,14.4865,28.7577,28.8743,10.3448,13.427,12.4038,10.9942,28.9343
7921.875,9.399,27.7125,10.4212,8.5911,10.81,27.8425,27.9737,9.2173,30.3896,9.6373,30.0519,27.9689,10.6324,11.3205,9.9725,11.8886,26.6585
7937.5,11.5986,29.699,9.1726,9.013,9.826,30.8802,28.9438,8.1902,28.6924,7.7942,28.6966,29.9083,8.8177,9.7225,9.2215,8.9039,31.8538
7953.125,10.6434,27.8165,6.8784,10.7387,8.757,30.3205,28.5535,9.7567,29.115,9.7805,30.5743,28.5599,10.2192,9.1989,9.5406,7.588,28.9388
7968.75,8.1219,29.406,7.195,9.8659,8.4918,28.8336,27.3061,8.2327,30.4305,9.5888,29.1928,30.4247,7.7507,9.9744,7.5269,10.0282,28.68
7984.375,8.2938,28.5267,7.4845,6.4267,8.6944,31.8122,30.3876,6.7119,30.9353,5.4633,30.7517,30.0726,7.5809,7.32,9.7808,7.8168,29.6308
