Frequency(Hz),REC1.wav,REC2.wav,REC3.wav,REC4.wav,REC5.wav,REC6.wav,REC7.wav,REC8.wav,REC9.wav,REC10.wav,REC11.wav,REC12.wav,REC13.wav,REC14.wav,REC15.wav,REC16.wav
0,0,0,0,0,0,0,0,0,0,0,0,0,0,0,0,0
15.625,0,0,0,0,0,0,0,0,0,0,0,0,0,0,0,0
31.25,61.1685,84.1489,52.6081,69.1186,46.8842,82.3337,82.8838,74.0737,76.4999,80.02,68.2431,47.001,75.4228,63.3411,75.3671,51.6956
46.875,48.1984,73.7619,51.4466,50.2122,66.0305,79.0651,71.0699,67.4139,68.9072,61.2213,79.7225,58.1663,69.1662,48.9948,75.0577,47.4531
62.5,51.6137,64.3837,51.6991,39.5148,38.4985,54.1015,66.0605,69.9484,66.5104,65.8027,68.4383,48.3756,65.7367,50.7159,60.5479,38.1592
78.125,49.6714,76.6512,40.3641,55.157,46.8529,79.4923,68.8566,70.5283,68.1486,73.1588,59.0688,38.2084,64.8087,48.0743,72.8597,39.9469
93.75,52.2828,59.0365,59.0093,34.2372,33.7761,38.0339,65.1396,52.0391,53.2844,63.3765,64.4453,54.0391,43.5825,30.6883,48.2374,41.2875
109.375,41.6394,49.305,29.1792,55.4536,55.3225,68.938,43.7217,60.6414,49.8953,54.8618,42.7052,19.1906,69.7007,50.1047,55.4738,35.7222
125,46.1482,76.7451,45.24,27.4607,23.7041,50.8746,54.3688,44.8576,65.4668,44.7729,56.6813,55.4846,38.3201,37.5613,63.2607,38.138
140.625,26.447,39.4716,27.0574,37.2382,41.2177,52.546,40.2002,50.2074,35.3265,48.0182,51.5168,29.2449,51.9963,30.1178,19.9796,26.3744
156.25,35.2528,48.6854,49.8848,30.7027,33.1216,31.842,53.9738,47.8828,42.1065,31.0471,38.052,21.4728,31.9922,30.9202,61.8938,31.9352
171.875,33.2779,36.559,43.4773,33.9882,25.173,27.6486,34.4698,26.1373,25.7343,40.4268,30.1575,34.7381,37.6221,24.6249,25.4924,20.7357
187.5,23.8825,22.4059,33.0129,27.9388,28.8738,31.217,36.8322,36.3671,42.5541,40.0771,33.3553,23.142,25.1061,19.0854,14.7307,21.2978
203.125,13.2238,19.4619,21.2916,36.8194,8.7082,32.9314,5.8492,31.0828,24.4795,5.9182,15.8875,25.8467,22.1916,46.1003,35.4124,27.3665
218.75,31.1639,31.536,22.5136,10.7919,27.8331,23.6502,26.6992,12.7724,22.8302,20.7375,62.5189,21.2281,23.567,14.0592,16.7662,5.9902
234.375,28.0659,6.6602,26.6512,24.8179,25.2052,12.8981,24.0613,10.6667,23.8478,12.7153,22.1765,5.7628,12.7333,16.9278,32.6919,19.8221
250,7.4908,38.0587,11.6103,20.9148,12.4624,18.3254,19.6366,23.3437,5.9272,15.9378,4.2452,19.7828,16.098,23.4357,11.9141,15.8518
265.625,6.2279,14.6613,39.428,15.38,18.8129,38.288,31.3151,39.9567,2.1478,29.5282,35.3754,23.4276,21.1495,11.8114,39.5599,16.8382
281.25,34.4668,51.1162,4.5157,20.6883,34.921,28.5899,9.9507,30.8331,26.3649,20.4843,32.7682,8.7205,38.2585,16.8506,12.339,12.7653
296.875,33.8628,31.3065,39.5725,57.0115,13.6184,25.611,48.396,30.4837,37.7279,29.9466,28.6999,53.7566,34.2959,28.0395,31.7423,46.8999
312.5,30.2422,21.8516,21.2858,14.9611,50.4525,44.2556,12.6906,40.3119,32.2935,23.002,54.6493,24.8614,5.7596,19.9677,43.0451,38.2238
328.125,51.2475,54.8883,57.9679,57.0174,18.9404,70.703,59.4146,10.5926,56.7343,52.7002,60.8608,38.6985,43.5278,14.0508,44.9034,61.0339
343.75,62.1078,41.0972,68.9268,48.7413,29.7979,74.0982,66.0543,53.0134,22.7697,79.6268,265.6022,57.5456,77.244,101.779,151.8097,32.3129
359.375,108.6004,192.3133,126.1246,17.1548,72.476,44.3052,51.3888,150.7765,76.2599,39.25,317.8024,143.522,94.638,177.4601,127.0325,90.9641
375,139.8241,76.56,44.1078,89.7658,14.8555,66.8279,49.8631,160.8927,78.3463,30.5867,314.2942,67.8087,103.8752,173.5934,187.2097,20.6438
390.625,117.2245,185.9346,86.3277,51.1058,160.7475,138.3645,99.3269,193.4173,82.9162,94.2618,77.4589,81.141,191.6077,97.9719,267.62,110.4493
406.25,76.4175,53.0713,41.9295,79.071,78.5533,79.2015,110.8545,66.8193,67.5205,12.9236,251.7281,121.873,20.905,156.1772,265.4207,122.7234
421.875,85.3779,98.9098,37.7396,27.9621,40.8601,166.1705,135.1315,42.4015,92.9824,111.5555,72.8787,17.7187,125.0355,79.0999,198.1265,70.0559
437.5,173.6043,92.1569,21.7123,57.9669,63.9652,210.2952,105.9055,81.3492,77.7322,94.2664,38.4885,45.8821,61.6883,241.1749,160.666,79.6056
453.125,39.6632,39.5601,110.3569,52.6711,39.5737,58.9985,124.4114,64.7858,59.6647,48.4995,125.8088,49.7767,81.5563,129.2859,132.2654,44.5611
468.75,53.7605,77.7471,44.5328,11.6452,20.5016,33.4244,82.5095,50.0499,87.2311,26.4826,83.0836,55.5821,61.1919,55.6905,132.3174,31.246
484.375,67.7052,50.2786,79.8362,73.5254,57.0996,93.5716,13.3273,82.5599,36.1704,111.4859,7.1857,47.2226,84.0258,31.7126,103.0804,43.0333
500,22.6411,70.1189,22.5664,30.0279,52.546,49.611,71.8697,72.6166,68.2809,61.7394,95.0227,35.3574,39.5643,95.4218,50.1253,72.2504
515.625,28.1891,64.1376,47.6796,51.6071,27.569,78.8847,96.9644,54.0111,78.1504,54.6835,64.1902,16.8261,86.9348,18.8902,61.6003,19.8595
531.25,61.4298,53.0396,56.961,18.2267,39.4472,75.187,34.644,51.4073,62.2787,64.1089,44.6374,76.6534,39.0398,65.8801,77.8199,51.2448
546.875,24.5808,44.2194,23.8088,50.1132,49.6599,29.0616,66.7253,80.4775,52.423,60.369,66.7187,22.7857,65.3267,25.3589,47.4086,25.9506
562.5,44.5581,51.5913,53.2917,40.8406,29.4265,73.8893,49.9295,50.5021,42.9148,46.5484,76.8765,45.1336,47.9045,51.615,71.0719,60.9097
578.125,54.3969,43.8215,40.7475,11.5974,38.1894,52.5077,59.101,8.5402,57.1334,41.2752,30.0062,16.198,27.694,41.0368,52.6964,22.3964
593.75,20.0004,60.5107,35.1627,53.6743,36.666,55.614,34.8375,82.7315,24.0451,32.5929,45.6566,59.8932,78.6131,47.3547,62.5331,49.3974
609.375,67.8047,27.0852,36.5123,55.6435,11.7083,5.3769,57.2561,43.5967,67.9396,56.0003,94.4498,35.3938,47.2395,22.4254,71.7162,13.1186
625,46.1681,34.8419,30.3385,26.3888,38.7519,77.6336,9.207,11.5222,11.6306,61.5081,22.4617,42.4819,42.4304,37.6345,12.9795,42.0724
640.625,11.3549,55.2337,36.1551,61.3008,41.406,20.5462,51.8179,72.8388,42.5589,25.0704,42.5039,10.0644,38.9443,62.2881,25.419,12.8073
656.25,27.1743,14.7552,30.2388,27.3733,27.4372,11.386,22.2078,37.4831,26.8069,15.6975,30.0963,64.7503,3.4895,53.7537,40.9355,44.9381
671.875,26.2698,17.2058,19.5263,15.6557,43.1888,51.713,23.4721,1.9125,25.4012,9.8481,36.726,5.872,23.2268,34.8855,12.9742,28.5806
687.5,12.948,22.7003,41.4372,36.6528,10.5674,16.6864,55.2087,36.6527,50.691,47.2133,8.5481,24.9905,10.8102,31.7498,8.9738,26.723
703.125,19.2139,29.3208,47.2087,16.6836,36.4859,15.9664,29.2932,37.1551,24.6676,21.1463,40.7692,35.099,45.2466,21.7805,16.5077,57.5821
718.75,24.292,24.1867,63.8367,16.4391,18.9107,42.7174,39.247,51.5018,21.2365,28.2605,21.4463,2.9968,26.7023,15.1278,27.5462,23.5118
734.375,16.0041,21.0221,29.4705,31.0628,27.2203,17.1489,24.6008,23.9666,40.1026,36.4147,66.753,26.5113,22.099,32.6493,10.8306,35.8892
750,42.279,36.673,36.5219,24.6423,19.2369,23.5047,53.9639,25.7522,9.0434,20.0669,23.6014,46.35,24.8802,26.8316,46.4139,28.098
765.625,23.3798,33.1491,22.1677,17.5444,12.8279,12.5832,20.395,51.8064,14.6165,58.1554,81.4195,26.9435,16.0443,7.1826,24.5191,9.4691
781.25,11.3559,25.0187,21.9298,29.5358,34.2586,53.8173,35.9905,40.4257,39.6858,14.7991,61.9424,18.774,31.4357,22.925,46.1961,38.1215
796.875,44.6692,55.108,33.204,25.675,3.9204,11.4423,36.6204,24.0168,37.712,60.3577,41.4381,50.2668,25.3851,28.9254,25.7254,13.4684
812.5,24.5096,18.8385,16.3835,56.7844,17.3519,35.0186,33.5777,42.9488,58.9308,15.6821,13.1636,16.5538,76.7146,26.9643,38.8563,23.5616
828.125,53.2387,66.9846,34.0791,34.9079,22.0522,26.6846,53.5821,42.2706,70.7797,40.8249,91.7949,35.0024,28.0092,2.6452,33.3348,49.2626
843.75,9.3047,11.8727,11.094,37.3319,18.1252,45.756,36.7652,39.2617,15.1075,31.0579,74.2849,5.3143,17.5511,37.4039,29.0834,28.602
859.375,31.8241,46.5137,26.6982,21.395,18.3849,25.9678,67.6456,11.0702,44.2291,60.8635,90.278,23.0969,45.3063,15.8115,40.1815,5.2757
875,23.3674,60.5473,35.2783,30.691,33.7591,48.3802,16.6911,62.411,49.9968,42.579,96.072,30.3689,53.8495,58.987,87.9318,39.73
890.625,30.708,36.3812,22.912,44.6647,18.5962,40.7154,58.1164,57.6419,40.1155,30.8617,14.6858,53.5014,37.2847,38.0598,45.7124,26.8572
906.25,34.0573,56.4918,20.1934,17.4263,39.0603,45.9526,40.1383,25.0878,49.4725,50.8598,60.2547,14.2788,62.8173,42.3675,33.9646,20.1018
921.875,29.0917,35.894,43.5809,37.6775,38.3349,45.0003,57.2174,67.6697,38.4224,59.8204,90.4885,25.1103,43.8709,52.3417,60.4849,42.1488
937.5,33.98,62.7771,24.9292,48.3471,7.2254,47.2193,16.8752,34.0786,61.0378,30.9299,48.313,57.3608,53.2028,22.7139,61.3351,33.5312
953.125,42.8766,62.117,37.5054,31.9683,68.9716,36.9692,53.4458,40.6205,47.3928,57.7207,107.8524,19.0487,39.1518,51.5369,61.5825,14.7878
968.75,28.9799,33.7912,47.7851,29.3785,35.9235,63.3298,64.4732,67.5796,37.8587,46.273,10.3092,47.0295,25.9859,43.943,26.497,55.2076
984.375,59.4661,56.6276,34.0638,39.4118,32.1998,37.5332,34.5642,62.9702,50.6128,52.8683,61.468,47.912,74.4135,41.6423,60.4349,40.7589
1000,53.2121,56.5817,48.0471,51.215,66.4095,76.6449,57.7539,40.7789,67.7727,59.4342,44.3111,46.1159,60.3965,42.6431,42.3169,31.4193
1015.625,34.8649,38.2485,38.8018,44.3578,28.6212,49.0183,58.6179,52.9557,43.5806,40.3204,75.8545,27.3548,30.6131,80.7932,59.5429,64.9589
1031.25,53.3524,66.2795,69.0563,47.8585,58.4837,54.5175,56.987,47.6005,61.0701,52.5603,63.6857,70.9034,60.1438,59.6909,72.2228,32.7123
1046.875,58.4577,51.5745,29.5093,52.7471,45.6357,50.1084,27.8225,66.7764,42.4345,62.1449,53.2996,44.8002,67.1706,41.6101,43.6184,52.5774
1062.5,48.7915,58.2155,80.3548,66.0277,65.8521,63.7395,79.1421,58.596,79.4472,63.4264,65.5246,80.4252,49.2546,64.5341,83.2357,74.5351
1078.125,57.5539,82.9277,39.967,53.7719,48.913,52.5992,80.2517,63.7171,51.5857,63.609,61.1763,57.7977,66.946,41.5341,68.5141,34.1155
1093.75,64.1742,49.6077,70.2495,52.0688,63.1002,63.1563,47.2673,69.1995,70.1956,63.6806,29.1659,68.4663,82.8933,78.9568,104.5256,69.2051
1109.375,95.4469,58.6463,64.3248,83.3324,79.2504,96.4454,63.8178,58.2242,78.6949,59.164,108.274,71.2637,38.1747,83.2334,65.9705,76.8494
1125,44.1882,88.7482,69.8631,52.453,40.2778,47.4138,63.8839,59.4309,61.9073,80.1815,68.0921,42.8887,74.6198,50.3786,74.8858,51.4353
1140.625,78.4256,55.2154,51.8488,69.9785,82.7833,69.7595,100.9148,99.4432,84.4132,68.794,53.6661,74.0209,80.3803,64.3758,94.4441,87.1668
1156.25,99.8989,84.5849,79.5045,79.3308,75.8929,77.3293,61.2182,66.7043,65.8326,86.3831,71.0956,74.3881,74.1499,96.3802,59.216,58.4267
1171.875,59.2525,72.5271,87.4545,69.2125,74.0941,93.9447,69.2858,78.5537,79.5801,66.2532,74.7652,79.3992,74.8129,84.6536,74.6207,71.7018
1187.5,62.5191,80.6391,59.3183,72.6576,63.3486,54.3757,89.4973,82.9575,54.8272,92.7773,102.4986,72.0653,88.9733,59.9856,111.625,74.0942
1203.125,86.9389,74.9951,81.318,95.8991,108.5312,95.1214,123.596,99.5929,120.3601,74.8346,112.7276,85.9305,81.7765,94.0133,68.0225,86.4614
1218.75,94.4977,90.4143,97.9131,71.1551,61.1142,86.4681,52.8709,81.2334,81.7653,91.2465,83.6248,72.0578,86.359,51.7258,81.2961,86.4862
1234.375,86.8874,86.4294,79.9635,76.4283,77.328,86.3637,65.8909,90.6144,62.3767,67.4276,80.7111,85.3875,97.0712,99.5097,104.2099,65.5124
1250,57.6988,93.7788,65.1506,75.212,91.3903,83.1275,100.748,77.5439,108.4297,113.0217,85.6157,83.7066,84.0737,113.7603,98.3284,89.4818
1265.625,86.4966,78.8171,102.6449,97.2321,77.6521,90.7635,96.8844,108.2359,89.2789,101.6631,97.2977,90.443,84.6082,49.4313,68.7548,85.7503
1281.25,95.2603,84.9844,74.2562,62.1368,79.3454,88.3002,94.0449,78.0566,89.8958,83.2227,90.8075,86.8286,104.3479,99.4939,99.8718,79.1101
1296.875,70.9681,94.1385,81.9682,90.1661,82.0142,87.1151,85.5598,73.7151,90.4662,85.2325,90.3796,71.9981,79.7841,70.4018,87.7431,76.6686
1312.5,74.5401,97.5478,78.5164,73.6565,70.4673,87.6612,87.0912,122.068,79.7593,83.3938,95.2159,91.4675,98.6476,88.5196,87.8418,95.4163
1328.125,90.2266,63.4948,90.7377,82.9196,76.4187,96.0106,89.0677,73.7282,88.593,82.2654,97.6511,63.4741,78.2845,68.936,92.3656,63.4317
1343.75,74.8278,106.4797,68.6639,71.3785,75.9912,81.225,88.7269,77.6673,82.053,103.0919,50.867,81.0474,90.1624,73.3139,106.2966,77.3913
1359.375,64.0186,81.8529,60.9413,70.5802,69.7632,80.8458,79.2552,101.6467,88.0965,76.4684,99.9343,78.0529,78.6626,61.6133,85.6785,71.2448
1375,79.9721,83.1683,83.4995,58.6089,74.3735,84.1427,88.6638,66.6539,83.3439,81.5026,76.3163,50.986,80.3574,101.5504,70.7855,66.5475
1390.625,55.7202,83.6366,66.9646,81.8512,65.0729,85.5472,73.329,79.6462,68.9711,75.4731,93.6767,88.0395,66.2304,50.8199,63.5456,76.8758
1406.25,60.5621,68.4616,61.6556,56.0294,61.7566,57.1563,77.2326,83.4371,84.2726,85.9927,60.0529,55.723,102.3321,52.6347,98.8943,57.2601
1421.875,87.5432,76.5294,56.4425,63.7383,66.0267,68.252,45.5826,57.5231,43.8828,69.8518,66.8998,58.9744,53.2639,83.3982,63.3903,63.5503
1437.5,35.1144,59.546,53.168,43.4039,56.1295,80.5524,76.2215,64.0418,72.0457,65.7375,79.3383,52.5592,49.8154,59.9145,53.3581,54.2791
1453.125,55.075,63.5689,51.5307,67.3055,49.0316,55.9726,67.7978,52.8519,63.4842,38.5432,41.4809,51.2686,85.0591,28.1833,80.6149,44.4157
1468.75,43.6237,44.6216,45.9321,40.1622,44.4458,49.9715,44.7197,55.3561,53.5713,62.8583,63.2487,46.805,29.2176,63.0219,44.8877,56.3102
1484.375,46.0651,61.8849,33.4083,35.5017,42.9667,48.453,46.1266,47.0405,49.3035,46.8818,45.7374,33.2449,58.086,53.5933,40.8021,38.1471
1500,27.8751,23.5713,41.9862,44.3256,38.1183,48.3061,40.5707,42.2214,45.2538,55.2059,51.5384,43.3417,39.3002,17.1182,53.6874,38.3455
1515.625,36.1526,50.0107,41.867,34.0618,32.9953,29.0972,30.7391,24.3299,39.8533,22.4411,25.7889,31.2939,33.7793,51.2671,27.7003,30.1403
1531.25,26.4188,23.7529,12.5258,12.7775,18.4561,25.8793,37.7014,45.6705,19.9895,39.4615,21.703,34.5887,30.8815,12.9021,17.7353,20.4261
1546.875,26.4734,35.4332,22.4482,31.8006,22.8146,21.721,14.5442,7.2077,16.09,17.7264,39.5018,8.0349,13.4423,28.721,31.818,23.2682
1562.5,10.1407,20.2791,26.6405,13.4306,18.5454,27.9045,33.5007,27.2796,23.3352,18.393,15.2475,35.1709,31.4404,14.5346,11.2534,15.3988
1578.125,25.6495,7.3349,9.5775,13.1528,11.8157,8.2196,8.9831,7.3061,11.8254,7.4951,12.4395,4.5837,1.7229,18.2379,11.8142,16.962
1593.75,12.4356,18.6499,11.1705,11.5411,26.3262,12.2764,15.9864,9.0292,12.3681,5.6633,8.2716,20.2504,12.6329,20.7131,7.856,11.1274
1609.375,9.9858,6.832,18.9536,12.8416,9.9716,7.0355,19.1043,7.9135,3.6968,11.7064,12.9596,4.7012,9.5101,9.133,10.7782,19.0609
1625,18.7107,17.3025,16.3524,12.7149,14.6205,11.789,1.2696,13.7999,15.3404,20.4109,24.4976,3.3363,9.3505,12.5154,10.0964,19.8175
1640.625,15.0943,9.1078,8.0236,12.1305,17.0107,11.7186,13.639,15.9554,17.2869,16.7995,15.1073,19.305,19.2902,28.8971,13.3562,8.5222
1656.25,12.3471,17.6855,21.5409,21.9042,22.4394,24.9564,38.4645,25.9437,15.7514,27.7079,21.7665,17.1498,22.5851,12.6296,23.5084,10.5343
1671.875,16.3965,43.9965,18.8685,16.5384,13.1453,27.8665,26.1076,25.6341,36.9879,25.6639,26.1324,27.0272,23.7051,21.393,29.3718,27.8907
1687.5,25.9401,12.892,21.1044,28.6548,19.6571,32.2683,22.8003,27.4319,31.3359,25.2008,26.6889,8.1509,34.582,12.3729,23.402,22.3246
1703.125,31.2685,49.5846,28.4078,22.196,24.6909,28.2298,30.4552,35.4054,23.7653,35.2357,49.2106,21.524,36.0219,41.9165,44.9858,28.4176
1718.75,6.7145,27.5408,28.8948,25.7919,27.1579,49.0523,34.2608,44.1052,55.2129,40.2387,31.8196,33.4735,33.8293,14.1107,46.0876,27.5736
1734.375,42.6538,43.758,35.39,35.6289,33.5979,40.3514,55.8756,39.6282,36.5984,36.8835,38.3373,21.8509,43.5552,30.5615,43.2631,34.5384
1750,40.5292,44.3212,23.5091,29.7633,30.4143,38.6984,42.6185,37.4427,36.8261,51.5223,45.2977,37.2592,43.8989,34.6685,33.0926,27.9181
1765.625,28.1187,39.3516,36.9564,38.0718,43.5763,48.3435,38.7366,52.0531,58.8656,36.8369,45.9983,33.763,49.9087,27.451,60.415,39.6134
1781.25,35.6062,53.0534,42.1837,29.0315,19.2073,49.5079,45.5969,40.3919,43.0743,50.3026,46.7198,29.9728,47.5742,38.4913,48.4389,33.0704
1796.875,37.1204,46.0147,30.5527,35.1848,41.8255,38.8689,51.4117,51.4371,49.4687,50.143,41.8824,33.9076,39.4125,28.5015,43.3086,29.1273
1812.5,35.4657,54.9503,33.1035,37.1358,38.2191,53.7791,47.0585,54.9048,43.1219,46.0889,50.4434,32.3339,61.8024,35.1828,42.8416,39.4919
1828.125,33.5181,44.6846,51.5276,33.4017,34.6258,61.5291,48.9498,51.9097,52.072,53.2567,54.088,52.5935,39.0231,36.7334,35.8957,41.704
1843.75,34.7324,45.1381,28.8461,36.5944,35.8502,34.7613,52.4587,44.3483,38.9332,40.3153,44.1307,20.9909,53.9489,34.8913,54.012,30.4334
1859.375,34.865,47.1007,26.1574,32.6417,33.718,47.4677,37.5227,44.2169,52.1745,48.0505,52.1575,28.6219,42.9751,32.2365,59.4294,42.1728
1875,32.108,42.3069,47.8184,33.1552,36.4489,44.0573,46.2269,45.8378,42.9216,48.7152,38.7631,34.2169,48.6071,27.8235,32.9403,27.0086
1890.625,31.3385,47.2798,22.3476,40.9454,35.4858,49.3181,41.8538,38.4936,39.5117,41.9613,40.7577,40.9434,34.753,40.7191,57.7806,37.3547
1906.25,38.0746,32.8695,32.4651,31.7117,25.1641,30.1548,40.1289,45.3802,40.3262,36.2187,48.5071,23.6112,49.9493,18.0449,27.7953,28.753
1921.875,19.215,44.0882,25.8642,34.014,31.9697,45.4777,45.8463,38.7452,41.5556,37.3174,26.8461,34.8096,34.0024,37.6354,40.9522,29.0928
1937.5,38.4795,35.552,30.2967,27.3628,31.3125,38.0875,39.847,33.6471,41.1701,45.3896,40.6341,29.3158,33.9336,35.4318,37.6301,33.1098
1953.125,23.2883,33.8478,31.194,23.1855,25.4634,33.5745,28.0627,27.2413,27.2135,18.6556,28.0836,30.1298,32.6709,28.453,27.846,27.6459
1968.75,25.6839,32.646,28.1365,28.1346,27.7424,21.667,26.9973,35.6177,32.0488,40.9336,32.1996,27.2189,34.3148,16.7819,21.4243,25.4559
1984.375,22.3166,24.9996,21.2565,21.0484,28.339,27.8829,25.1888,20.3076,15.7851,19.4948,27.6336,19.5079,24.6094,31.1609,32.6373,18.3406
2000,31.455,26.6256,20.5976,23.1655,24.3413,20.1297,18.7549,26.058,29.8924,20.8561,20.2961,33.4341,13.4037,26.6617,21.176,33.8397
2015.625,23.1647,10.7046,20.3576,23.8699,20.3172,26.7422,29.5201,23.9885,19.5032,24.2704,16.4744,7.7629,30.34,11.5046,16.0887,11.3094
2031.25,15.0042,20.5187,22.6324,19.4576,15.2025,4.7065,5.9899,9.3697,10.4976,12.7447,20.7436,25.5737,7.9687,27.6106,12.6508,29.137
2046.875,26.1803,9.4608,20.5297,20.1196,14.9827,17.2462,25.1652,15.4623,14.8686,3.8344,14.1629,26.5543,3.8406,25.8574,13.7702,13.4706
2062.5,15.8751,9.0179,20.0604,14.4787,29.374,8.3608,11.7008,3.5417,5.7433,18.1769,8.2753,9.086,15.2156,6.6251,6.771,24.2712
2078.125,21.846,7.5176,14.2855,23.859,12.2512,5.1467,8.0664,6.2607,5.5829,8.14,9.3154,25.4647,3.7375,21.8676,7.5672,18.1427
2093.75,13.4838,1.9525,14.2316,14.4071,17.7397,3.5975,11.2009,5.9436,14.1226,5.8642,3.2377,11.1164,8.4754,20.4645,14.6228,22.9662
2109.375,14.5106,6.2025,15.3098,14.7121,12.749,5.2693,8.4854,8.2906,0.6876,5.2293,3.8951,14.0837,11.2315,8.9487,11.8807,7.6663
2125,23.1674,12.7982,16.0379,18.7143,11.6687,14.9107,12.2396,1.3645,10.622,8.6835,15.2252,14.7607,11.0308,15.5052,3.4391,24.1863
2140.625,16.7389,8.1077,13.746,24.5348,17.269,9.0424,8.9046,17.3074,9.6412,7.4768,11.1917,11.7089,5.6092,20.333,5.9173,13.2949
2156.25,15.1177,19.0353,15.01,5.6856,11.2964,18.9895,19.9943,5.0983,11.8296,16.6534,13.32,17.6295,20.3258,9.0286,18.6085,26.7698
2171.875,8.2667,16.3813,17.641,14.0272,22.164,9.2612,27.5749,9.2332,11.0175,11.1119,14.8226,1.7686,4.956,19.8133,6.5426,5.1759
2187.5,21.4706,18.7238,13.6606,9.9625,4.8798,26.955,18.4904,17.6073,16.4519,20.3387,6.1016,17.0462,17.7838,16.9073,30.5418,25.1852
2203.125,12.0879,21.5289,14.5601,18.233,23.1749,6.7336,7.9595,21.5773,9.9249,14.0676,25.3788,13.2248,18.7523,5.0183,7.746,7.2478
2218.75,18.0666,15.5013,13.5508,15.6764,16.0445,24.1106,21.4803,27.4107,29.0957,24.1573,18.1916,7.4371,20.4942,14.8285,13.2034,21.8657
2234.375,10.8268,17.1314,10.484,8.7332,8.2177,13.1728,37.3257,9.8804,9.4523,7.9912,14.0436,18.1273,16.6612,15.4344,18.5048,11.2247
2250,17.2622,24.2834,10.7512,18.3037,14.9301,20.9227,16.9416,30.9501,23.3838,25.2175,16.4152,4.5301,16.8795,6.8204,27.4339,24.5587
2265.625,14.9819,19.5266,7.4812,9.2497,14.6545,14.7727,9.6644,13.1323,14.3502,15.8827,22.9484,13.418,16.8977,25.0862,12.0509,11.0101
2281.25,8.2723,8.1027,25.382,13.8863,5.7666,15.039,12.8741,17.3886,23.6741,19.9725,14.8404,10.152,19.249,1.7418,13.6285,15.1751
2296.875,15.5191,27.5889,4.7497,11.749,20.2873,29.6122,33.8687,21.3098,11.2202,15.1358,25.1952,16.5488,24.0116,15.1431,23.9048,24.208
2312.5,11.2981,15.2803,22.0881,11.3536,7.9116,16.0686,21.2522,17.2987,27.2436,18.9175,12.5291,8.1846,23.2178,4.1607,18.1841,8.3971
2328.125,5.9203,14.3848,13.1293,17.2758,16.7399,22.1615,9.806,11.944,7.645,19.7934,23.5265,11.705,26.8251,23.4419,14.3265,10.5863
2343.75,25.6317,16.6262,12.8847,13.1556,13.3975,11.2537,19.8893,17.6253,31.0756,19.9919,18.6189,8.0702,9.9209,5.8633,18.822,18.436
2359.375,6.3163,10.3938,5.5845,16.0914,13.2518,18.2575,28.718,16.0812,0.9112,4.7799,19.9807,14.5843,14.988,7.6982,12.6426,14.5863
2375,10.6332,15.3644,21.1578,9.3326,11.8186,11.2295,15.8288,15.8859,11.1019,21.846,17.998,7.2167,16.3652,10.8157,14.6903,7.905
2390.625,16.1259,15.0038,3.78,8.1845,11.6637,16.501,10.2586,11.5658,26.1574,9.5955,8.1604,11.6688,14.5139,19.2545,16.5329,23.2514
2406.25,9.9648,13.4669,20.5542,14.666,19.3823,9.1503,5.3682,16.3939,3.636,8.0127,7.9887,14.0965,14.0649,13.1353,8.8982,7.9145
2421.875,16.5861,4.6033,11.559,9.8073,10.58,18.515,18.8356,6.3118,15.6642,10.146,17.1924,10.3538,11.7592,10.7553,15.8671,11.3756
2437.5,6.1661,12.0795,11.397,14.4958,14.4958,4.7091,21.0428,10.175,3.8715,12.4921,9.7764,18.4983,11.8839,14.4215,3.7091,17.2399
2453.125,18.6246,15.6155,20.0685,11.9274,14.8936,18.5352,13.6664,10.9825,15.7908,10.5868,8.0652,9.158,3.1296,9.7737,21.4651,16.9739
2468.75,10.5346,6.4553,10.6337,9.3714,11.3677,12.7934,9.9588,6.8936,7.2229,9.9769,8.87,11.91,20.2001,15.6075,10.5872,4.5445
2484.375,7.487,15.3844,13.0283,15.1422,14.3068,15.9239,14.3723,20.8382,20.7699,15.5375,19.6595,11.4579,13.4412,13.6447,18.4451,15.0754
2500,23.5362,18.5667,14.5688,9.7962,6.3599,14.3738,24.8632,11.9038,12.6283,12.9283,10.447,10.5036,13.3681,10.3846,19.2824,19.6759
2515.625,11.6212,13.522,14.3589,24.5969,20.431,17.5364,19.3571,20.5291,17.3128,21.2437,18.9156,19.6392,18.6324,12.9332,13.9594,14.7928
2531.25,22.6388,13.7608,16.9349,8.2821,11.367,11.5115,16.2263,13.7372,24.1012,8.8588,13.7928,11.4428,7.4419,19.6411,18.2273,10.5632
2546.875,10.9182,26.5852,13.0847,18.98,16.9847,27.3579,14.4637,14.8767,10.5792,28.5705,21.9001,25.546,36.1018,15.5894,16.651,17.7547
2562.5,15.2411,18.3468,15.4809,13.7148,18.0771,19.8395,24.4417,29.9869,17.8267,19.1185,17.1235,9.9074,10.8571,17.965,31.5367,10.8665
2578.125,17.768,27.5419,17.6603,14.6366,14.237,23.3064,26.1601,27.8568,32.403,26.8691,25.6732,18.2654,26.2685,13.0855,15.5397,12.4014
2593.75,20.607,23.4087,14.9508,24.2897,19.9164,24.1174,19.5407,17.2513,27.1508,11.9082,21.128,17.0415,22.3391,25.1655,22.421,15.6837
2609.375,6.9031,28.9281,10.2529,16.3229,13.6471,27.2761,24.2701,31.5685,23.2393,29.0523,28.2487,15.2791,27.2799,12.3424,35.7919,14.7064
2625,25.3612,18.6275,25.0507,16.5412,24.1696,23.974,29.0818,22.8682,25.4311,27.5693,24.7395,25.4761,25.9639,18.9305,22.5933,16.4047
2640.625,20.1998,33.8324,12.2722,12.9762,18.3889,30.4187,39.3891,29.121,29.3936,33.4948,28.3267,12.059,24.0041,22.1001,23.5071,18.8481
2656.25,17.6298,29.4904,18.013,23.5466,19.007,23.4638,16.9222,22.2544,26.6818,22.1396,20.9989,22.7341,24.209,15.4882,32.4676,10.7169
2671.875,17.7684,29.1366,26.1008,22.8996,16.9811,34.4397,23.2036,26.1419,31.4918,29.9713,36.221,27.8339,35.2994,24.3976,26.8553,22.4785
2687.5,27.1222,23.699,20.6161,11.1487,28.9877,26.1312,36.2284,31.0753,22.7583,22.6481,16.1241,19.6488,22.4001,25.0808,23.7816,12.7726
2703.125,13.673,31.8173,21.9726,32.6589,17.5668,28.4339,39.4548,31.2006,28.2898,37.7857,30.5704,28.5546,36.0324,13.2946,31.0017,21.5358
2718.75,24.4726,33.8181,24.8342,19.2933,19.8143,30.6142,18.0175,29.1657,34.8376,25.0824,26.4966,10.478,20.4072,28.7197,26.5665,22.1393
2734.375,25.5976,21.4914,12.8782,18.4846,19.3059,20.7072,22.3285,24.6888,18.4322,23.7612,21.0774,28.8064,26.5369,23.8619,27.8383,18.7297
2750,19.4441,22.4094,30.8582,16.8731,25.8275,28.4761,38.6235,23.0166,28.978,24.4409,32.6183,23.0516,21.856,18.975,27.0001,18.4029
2765.625,27.5951,35.4663,21.9295,29.8816,29.93,28.7927,34.5033,27.0285,27.3857,23.5317,28.7104,23.5574,38.5269,27.9138,32.0234,21.4417
2781.25,18.992,20.511,23.3085,23.53,12.4585,20.2673,16.5717,30.0935,25.6485,23.6206,13.2625,25.749,14.5197,19.8943,19.8688,20.0479
2796.875,26.0612,21.1645,17.434,15.2118,19.5938,23.79,32.1339,20.038,21.3297,28.8198,31.9284,22.5437,26.7905,27.2045,35.2816,23.7296
2812.5,21.527,22.6521,31.7745,22.7531,24.7716,20.4289,27.8699,21.3867,22.5488,20.1033,20.2097,20.1733,19.7627,24.0159,15.6076,20.5851
2828.125,22.66,20.8726,16.3044,25.1918,25.7468,25.8899,13.2952,23.9213,21.314,29.947,26.9943,20.9342,26.8183,17.6991,34.3204,19.9561
2843.75,20.4326,21.478,31.6458,27.3839,22.1209,24.7281,29.2614,29.2321,21.7618,17.6706,16.0055,25.1958,22.1564,27.476,11.9182,23.0794
2859.375,26.5796,29.4006,22.6298,22.7918,21.3004,19.0035,43.1458,17.7889,26.7112,22.8753,26.2943,22.7416,19.0658,25.1375,20.9447,25.2238
2875,16.9573,21.4272,14.693,17.8574,21.9326,29.1156,30.3881,40.59,20.3319,23.5939,15.4504,27.2099,27.9363,28.8601,26.32,25.2478
2890.625,26.7029,28.6595,32.8735,29.9971,20.2446,25.0165,14.4751,7.1343,24.0256,22.3241,34.9414,21.2854,29.2237,12.5059,27.4787,26.2442
2906.25,30.5616,23.3382,13.8236,24.4002,26.3938,23.2921,48.6838,32.8245,28.4051,31.497,22.2098,30.469,16.9969,28.2435,22.931,21.2593
2921.875,17.601,34.6084,28.1926,15.1015,29.0253,30.4948,62.6618,28.3505,33.3445,26.0379,33.18,19.1077,33.6655,32.7188,34.527,22.3706
2937.5,24.4142,24.778,26.0184,31.4256,16.9751,33.2196,21.6008,28.9352,25.696,24.1987,28.3552,24.7606,32.6185,17.3879,33.0598,23.949
2953.125,21.3746,39.9284,22.1089,26.7521,34.2462,33.8942,30.8467,35.302,32.3522,38.7965,38.6117,25.6394,37.6994,24.0911,26.483,28.642
2968.75,25.157,27.3887,27.4737,17.7926,17.3477,40.4224,64.7812,28.5622,32.5303,31.0922,29.3436,24.1199,32.1913,24.9394,35.4328,22.6865
2984.375,29.6897,47.1671,19.7514,26.9802,24.5461,29.0746,65.7754,38.4567,41.5607,40.296,44.1858,24.8081,32.2511,29.7367,30.4102,23.4634
3000,27.7203,31.6313,23.9924,30.7426,27.1889,42.343,17.6908,47.4461,36.9407,41.5045,35.7583,25.1413,46.0843,19.5975,45.3563,27.3072
3015.625,24.1467,43.8597,31.896,21.4664,33.5531,46.3612,40.8399,40.3368,47.3991,39.9918,33.3069,23.5632,36.5997,22.9186,45.3044,26.1169
3031.25,32.4059,42.0036,20.801,28.0033,31.4993,38.7773,77.353,37.4585,35.7008,40.8365,50.3183,25.781,45.2454,30.3908,47.059,29.7993
3046.875,17.9635,48.8162,31.6456,28.3099,20.8968,47.2756,53.3889,48.4941,49.9548,44.866,45.9156,30.3025,36.3755,33.4567,44.4314,25.9614
3062.5,44.5083,37.4835,27.0064,27.558,35.2445,46.6686,26.648,47.8002,45.7757,47.4297,45.9065,32.7761,55.8871,23.415,41.2262,32.8064
3078.125,15.216,54.6724,30.1479,28.3454,20.8131,48.3012,59.927,48.7539,44.6711,44.0808,42.2533,25.3347,42.7182,29.6596,54.5085,26.1196
3093.75,33.1327,43.4788,26.9156,34.4564,31.7644,51.0339,71.2628,47.3833,47.8665,52.0138,58.6107,25.7325,49.1951,27.7394,43.9712,29.4867
3109.375,25.6991,52.9759,29.8539,23.2345,33.1461,39.8147,48.1172,46.9261,52.7904,53.3944,45.8434,31.3073,51.7081,24.9572,53.9045,32.6062
3125,33.403,50.0672,30.3467,35.8033,25.5152,59.4454,26.697,50.2664,44.1354,40.6385,52.4956,30.0016,46.0299,33.5534,50.4356,25.3137
3140.625,21.7051,52.6023,32.5211,34.7829,29.6115,44.9074,55.3393,52.8473,51.6123,51.8548,48.4838,27.4721,47.8368,32.8569,48.4217,30.9017
3156.25,33.8346,41.9392,22.4744,23.7251,31.3814,47.643,81.6011,49.1273,54.642,54.6697,46.1598,37.8551,46.3755,28.7185,42.7255,34.495
3171.875,37.0271,54.5265,43.401,37.4007,34.4091,57.8052,54.2075,45.3756,45.3987,46.9916,53.0363,32.9154,55.2244,34.1131,44.6449,37.9695
3187.5,30.4047,46.4806,29.3424,33.8502,33.8099,41.2023,31.5726,46.7148,49.3244,54.5487,47.2388,29.4766,50.2631,28.2767,53.1294,27.6001
3203.125,39.1602,50.2011,36.1198,27.6262,31.188,48.3752,50.958,47.0333,48.3633,44.3993,52.0132,31.9283,45.8091,36.187,43.1195,34.2482
3218.75,31.6554,43.7921,27.6164,40.2463,37.5715,42.1867,61.5951,53.5404,40.278,50.886,44.5135,36.5525,45.0724,39.358,50.6487,40.4897
3234.375,37.3617,44.2806,42.652,33.303,32.5186,53.6481,34.8349,40.0466,55.3733,42.9065,42.8287,38.9568,46.9155,28.2185,45.9703,34.9883
3250,32.6431,54.2332,31.1363,39.6489,39.5735,39.7014,46.5135,45.437,36.2808,40.7439,49.0999,31.1335,49.2582,40.0291,40.3428,39.5825
3265.625,41.182,37.3704,39.336,35.4048,39.1971,46.0747,48.3708,52.7159,49.0125,46.8327,40.4983,38.9894,41.5041,39.0816,54.5988,40.1135
3281.25,36.7523,51.0898,42.1174,41.1112,37.1721,42.6778,55.5256,37.9633,44.9526,44.0589,48.109,39.4352,43.6418,34.6964,38.6933,42.5721
3296.875,46.0772,36.5553,39.2224,44.5391,42.7349,42.1461,28.6482,44.8465,39.697,46.199,43.0896,44.335,46.315,46.2178,43.4121,38.5262
3312.5,42.7831,48.8697,46.0026,38.4042,36.9328,41.6777,33.8636,44.192,51.2749,39.1552,37.5747,38.0046,45.4938,37.1941,50.6762,41.3756
3328.125,45.8446,32.2387,40.3514,48.1021,48.9501,47.6744,61.899,45.9755,37.6751,44.2345,45.153,49.8534,39.965,46.7308,33.7693,46.4825
3343.75,42.024,52.1031,43.0712,40.2849,43.1007,40.1145,49.0595,35.846,44.8622,41.7536,42.606,41.8348,42.9385,44.1565,47.2982,44.8824
3359.375,49.1127,48.5975,52.4028,47.9955,41.8817,40.6177,39.9519,42.4987,35.7467,42.1721,45.0954,47.6026,43.1269,48.1384,41.6747,50.178
3375,44.7877,28.4828,45.1729,50.7875,53.7205,49.0892,25.385,53.3945,51.7281,44.8339,37.1999,47.174,41.3346,43.1626,41.101,43.8103
3390.625,46.5369,52.013,51.1001,44.3763,49.2304,38.9945,58.9303,35.6861,40.3272,45.9878,50.1603,45.6389,47.0677,54.4081,49.1708,47.8192
3406.25,49.2865,46.0907,47.022,48.81,45.6459,48.9417,64.1588,50.4602,47.9979,40.9606,48.4719,54.299,39.2476,48.8319,43.3825,50.2925
3421.875,51.4383,46.0052,52.0539,52.3732,49.5621,43.0304,45.558,46.4649,45.9629,48.5318,42.479,50.8155,52.2007,47.0354,43.7423,52.5572
3437.5,49.9556,43.5887,49.2002,46.4372,55.0065,49.4381,26.8239,44.2277,48.6318,39.8524,41.7407,49.6944,38.631,55.7709,42.3786,47.4278
3453.125,46.5788,51.6509,54.8249,53.4946,50.3026,46.9321,47.6771,45.5246,46.5002,44.9767,53.8997,50.0865,38.1574,47.4822,54.6621,48.9921
3468.75,63.2079,42.9519,50.7223,55.1015,50.314,41.0168,57.6238,48.6029,42.8417,54.4306,45.1314,53.8419,59.3394,64.2219,45.3714,49.9351
3484.375,47.1775,45.3795,51.6284,46.2187,59.6465,48.2749,42.7514,42.6452,45.9308,43.7236,43.7045,58.2783,43.4449,42.4508,44.1876,50.5782
3500,49.7239,54.0636,49.4901,53.852,39.8763,49.4725,47.3192,48.1828,48.7649,44.8076,44.1257,51.9743,39.8297,53.7142,58.2001,47.194
3515.625,53.0633,39.5613,51.3434,46.6429,55.3996,43.6431,42.2183,44.1059,44.5134,44.2771,46.7234,45.6714,51.2082,53.8837,29.9725,52.8597
3531.25,48.1303,46.9205,51.6253,59.8878,49.9469,41.6948,45.2789,45.7455,45.7741,48.6444,40.4291,55.9431,38.5465,51.1474,52.0734,44.0452
3546.875,51.2081,47.0377,50.6804,38.9168,48.3345,48.6578,47.5791,43.9161,42.2738,39.2631,47.0809,50.464,41.969,48.8807,44.7912,46.4387
3562.5,38.845,37.5865,42.6747,52.5107,49.1029,43.0694,50.403,39.5538,37.902,42.6708,35.7934,46.6644,50.2162,44.0945,37.1466,37.048
3578.125,53.0028,43.1396,49.11,46.0819,42.4861,34.5957,28.6059,41.6971,44.7595,33.5958,44.1805,43.935,32.3086,53.9107,46.2321,48.8709
3593.75,44.8118,35.1267,44.9967,41.3453,44.6922,37.0548,30.7438,36.512,37.3596,43.6279,33.1028,47.7998,38.3252,43.3316,33.7352,38.1331
3609.375,37.3348,34.0917,40.6635,44.5551,42.9441,43.7715,35.9744,28.0369,34.419,29.4076,35.8045,42.6225,35.2093,40.4696,41.8826,45.6401
3625,39.0683,37.3646,35.9562,39.1341,41.3345,24.8849,46.643,36.6276,32.3253,31.7131,36.1735,36.7756,33.9745,47.7966,27.6358,37.0191
3640.625,36.5383,26.4173,46.1489,42.3207,36.0605,32.442,35.6666,27.1874,31.4901,33.6619,28.0386,42.7926,27.0591,32.1603,23.732,39.3339
3656.25,46.2798,32.5532,29.738,38.7022,36.0935,24.3424,13.8337,29.5165,25.9399,25.346,26.1238,39.1695,32.0523,43.1987,36.3975,32.0119
3671.875,26.7555,21.0977,39.875,29.9317,40.8715,28.7751,36.0052,26.923,24.0589,27.4683,28.1863,37.1669,25.5353,39.3441,22.702,32.0967
3687.5,38.5367,26.7183,31.5845,37.4356,35.2649,22.9989,43.9396,19.5238,30.6338,22.539,29.0389,28.8947,19.426,32.0494,28.2953,34.2927
3703.125,36.4103,24.2461,34.8596,26.5433,28.1331,22.0498,16.4168,30.1182,18.7967,28.3276,18.3931,44.4481,28.5609,32.7889,25.5556,33.7507
3718.75,30.2644,25.7802,34.3533,43.5885,36.5128,24.8268,22.7198,26.3993,22.4238,20.5644,27.9741,25.088,15.876,34.6836,23.7298,34.6758
3734.375,31.7227,27.1909,34.742,30.9828,28.815,34.3322,48.1142,29.8693,25.3992,27.1031,24.946,38.9461,38.2399,29.7852,25.7786,34.9807
3750,33.0243,29.0456,28.753,34.023,38.6113,29.3489,58.1282,28.4477,31.7117,35.2149,28.1441,30.4564,21.9974,43.2528,25.9312,30.0043
3765.625,38.6383,32.0166,43.1907,35.1495,37.36,27.5998,12.7013,34.2351,41.5095,33.4197,35.7196,34.9582,36.306,29.571,35.302,34.5896
3781.25,41.5948,44.9476,33.4455,34.4672,34.5519,40.9582,50.7638,36.1947,26.8036,35.6435,39.4668,40.6992,31.6191,36.8642,35.8218,40.9903
3796.875,35.5102,35.1251,40.3414,41.8779,41.6209,43.9772,82.1622,45.136,47.9648,43.014,42.4474,37.9319,43.42,45.1721,43.4672,36.6565
3812.5,43.3458,48.9351,43.0299,41.0506,43.1485,40.2638,84.7934,43.2347,41.071,42.5338,39.1404,43.4483,46.9812,33.992,48.6056,42.0359
3828.125,42.9646,52.0881,41.8359,44.0987,42.0215,58.9903,19.0169,45.1722,57.1696,53.4212,58.2567,43.7564,50.2978,51.056,50.8737,45.722
3843.75,40.7632,55.6217,42.6789,46.6044,46.5171,52.325,66.5935,59.9526,50.4722,52.5511,47.5727,52.2048,57.8078,46.1592,52.1409,41.8701
3859.375,55.8201,58.6893,52.4208,53.2236,52.2512,56.077,113.6311,57.2778,59.4389,58.6431,58.6365,41.1422,55.1884,48.0323,64.6744,48.7485
3875,44.7712,57.5632,54.8889,48.6752,47.186,65.4303,90.0632,61.907,63.5613,61.5235,67.3353,52.0185,56.6303,55.787,57.2707,52.1723
3890.625,63.8487,71.0163,52.0035,50.2159,56.8005,62.7389,24.475,61.4282,63.8595,64.1905,57.0907,56.597,72.7656,50.8589,68.9627,48.7539
3906.25,46.6141,64.9862,56.9468,62.9448,49.7969,70.704,76.7294,74.7154,64.1279,69.3119,74.8109,56.4937,66.1058,56.6745,68.7334,56.8188
3921.875,59.9652,73.8368,54.3333,54.8939,63.5139,68.3555,129.7867,69.3884,77.7238,75.3326,68.4699,59.3557,68.2798,57.7783,67.4949,52.941
3937.5,59.5146,71.7544,58.9821,58.7295,53.4012,74.5272,91.3174,75.4453,68.2793,67.8965,71.1298,56.9522,73.3939,57.2968,75.064,55.0109
3953.125,60.3772,71.5867,58.5588,60.327,57.6731,70.1988,31.9376,69.3614,71.4744,74.2785,77.3808,63.2613,78.0185,67.0786,79.8471,54.414
3968.75,56.5899,73.6477,63.2572,58.3528,60.9407,80.9887,84.3456,75.3192,81.0609,73.9101,75.6164,54.8171,72.8916,58.0615,67.6087,57.1435
3984.375,59.6609,82.9099,58.5724,61.3776,56.6743,72.2727,131.9403,76.907,68.0064,77.0714,74.7455,65.4707,75.6198,58.0831,83.0866,60.2155
4000,65.1983,74.6204,57.8702,60.1279,61.5976,78.4784,99.0176,73.5656,81.6574,78.9847,76.3676,59.2021,76.9768,64.1095,83.1027,57.154
4015.625,50.6549,73.116,61.1106,59.98,60.971,72.5575,31.3009,80.9161,76.8775,72.3796,75.037,63.2956,74.9796,54.4365,62.0636,58.7751
4031.25,68.055,76.4537,58.8979,55.3774,57.5067,77.5962,80.4658,66.8336,70.4112,73.3314,72.9744,59.9262,67.3944,63.7139,84.7033,53.5199
4046.875,50.7131,73.9307,57.0357,66.0436,61.4667,75.6925,122.1427,78.7753,72.6447,72.1333,70.7145,57.1692,82.1223,59.1727,64.7779,53.7532
4062.5,60.3878,73.5442,61.2329,52.6999,52.5413,64.4984,92.8,63.274,77.9422,73.8027,67.8665,54.9999,70.1854,57.2312,72.3049,58.7182
4078.125,52.992,65.7632,49.1321,53.2616,60.3138,71.2337,25.5954,72.2155,62.6006,66.6537,70.4658,57.1199,66.9575,56.8533,73.195,51.5157
4093.75,53.6699,74.2637,55.8933,59.8934,50.304,67.5957,77.6913,67.2359,70.9561,64.8686,62.4778,56.7407,62.1569,50.6983,64.8505,53.6423
4109.375,52.2969,55.118,48.0591,47.6114,52.4376,63.8393,101.8662,63.5993,61.2784,64.1158,65.1412,53.2782,66.9611,56.3512,61.7272,47.7445
4125,43.0675,60.9195,52.6185,46.8406,48.6266,58.5281,71.3336,60.6817,57.0526,55.6794,55.413,46.5053,52.9992,45.6481,63.9265,45.7834
4140.625,49.8073,57.2766,41.7226,48.1664,41.8584,57.0737,9.9135,50.0619,57.865,59.6565,59.3229,47.6844,61.3944,47.8,47.8768,43.9325
4156.25,42.8305,53.4101,45.5821,45.1044,51.251,52.7806,75.2452,55.3945,52.7551,47.5245,54.9875,41.6406,50.1067,45.6973,53.2508,44.5584
4171.875,41.8069,43.4869,46.2991,42.8791,36.8585,41.6576,85.404,45.2477,47.64,50.6078,43.9437,41.9749,47.4583,40.2792,50.8435,40.1136
4187.5,39.5715,47.6738,30.6933,33.0008,41.4873,45.3926,52.4915,42.3689,40.5397,42.8311,45.0792,44.2744,41.491,38.6502,37.2483,38.4532
4203.125,35.6901,35.846,45.5743,41.2252,28.7814,49.2297,1.2337,43.468,37.232,39.555,38.2467,37.1102,39.8178,38.0176,42.9483,37.5643
4218.75,35.707,33.8598,28.6822,32.4616,38.8037,21.0481,52.5367,30.515,40.6862,37.1226,38.3603,24.731,40.3529,34.2161,36.8995,31.3434
4234.375,28.3376,30.3299,31.3329,31.1816,27.8357,38.4136,55.146,31.6958,27.463,31.3067,26.3474,35.2581,24.3351,28.4567,28.8175,29.2878
4250,29.4873,28.706,28.9119,22.6346,31.5723,27.0106,34.6595,31.8033,30.1805,24.2315,30.2848,28.8954,25.7442,23.9604,28.3473,30.3826
4265.625,26.3927,24.8231,25.1742,33.3699,23.1744,20.3511,4.3704,18.9241,20.7994,19.6175,18.1879,26.9518,25.331,34.6314,18.76,28.4861
4281.25,25.5959,20.1228,22.6049,21.9803,24.7941,17.0929,28.0635,20.64,22.7307,24.3531,19.0552,22.4259,18.2257,22.5054,22.759,26.9935
4296.875,20.8238,15.0863,24.8937,21.3742,24.5524,18.8843,29.8569,20.2011,13.2895,15.6834,23.4684,22.2116,21.0865,19.6751,19.2884,23.5162
4312.5,27.853,13.3429,23.9869,30.3842,24.9358,12.9975,13.9689,14.6814,14.9045,14.9061,8.8488,28.7713,8.7845,24.4717,11.148,21.7188
4328.125,17.1501,8.6744,19.1395,14.9752,19.5134,13.8908,10.9942,6.9514,14.084,6.3668,16.3358,10.5357,15.8924,20.2285,11.8065,22.5196
4343.75,18.235,9.6152,17.9449,17.1417,20.5597,5.0051,29.8967,5.7816,11.2101,16.6954,7.11,25.5782,12.0555,16.4138,7.0861,15.1445
4359.375,22.6767,9.4932,21.6514,18.583,17.0257,9.2689,23.7374,12.2829,2.4922,2.5395,6.5301,20.5216,9.4528,20.54,15.5864,25.7609
4375,14.2361,3.396,18.1654,20.8454,19.3643,13.053,9.2035,6.5659,6.61,7.0578,4.5836,22.6454,7.0645,20.6721,4.0042,21.2116
4390.625,21.5851,14.9742,14.1041,17.6979,18.9931,4.9315,16.7997,6.1008,9.8142,7.3748,13.7054,11.6848,11.4283,18.2921,8.2108,15.4734
4406.25,17.6768,2.3273,20.4851,14.312,14.5673,9.4555,21.8238,10.6054,6.1288,14.7059,11.2269,21.2344,6.543,14.4463,8.6138,18.8531
4421.875,19.0178,10.6882,19.8466,20.4853,19.2725,9.5806,13.4167,6.6032,10.8937,3.3146,7.8887,14.0138,4.4913,18.0644,11.1645,19.9222
4437.5,16.6613,7.519,17.3602,9.6618,15.9369,4.7535,2.3076,7.6347,8.3663,12.8811,14.257,17.7475,13.7247,15.3082,8.4679,13.6655
4453.125,12.4206,6.982,15.6291,21.9274,18.9359,11.9821,7.7245,10.4664,6.9328,7.8555,11.0439,14.716,4.1868,20.8255,8.6234,16.6313
4468.75,17.095,7.0404,18.0791,13.7839,15.0669,7.9293,16.7048,8.2631,11.1023,13.3681,8.661,19.9128,10.9619,10.9645,6.1108,20.2801
4484.375,22.1104,13.7632,16.5199,14.7892,18.6259,7.926,12.0895,14.2259,8.9548,6.0446,10.7775,17.291,14.6532,25.6824,14.7547,13.7634
4500,16.2121,6.4553,15.1569,23.891,17.2922,14.082,7.585,9.1317,14.0164,12.8217,11.8088,19.8361,5.249,13.6737,6.7523,22.6774
4515.625,15.9314,16.1111,17.5999,12.6416,18.614,7.6893,13.3687,12.4138,8.4308,12.1624,11.3853,20.3744,13.2843,16.3109,12.8292,16.4527
4531.25,23.4272,12.0434,22.8224,19.2728,21.2737,14.1549,9.6766,12.5913,14.3904,11.1773,20.1958,14.0722,15.1033,19.2436,14.8321,19.4246
4546.875,18.1299,13.6622,17.3237,18.5812,17.2691,12.1036,17.0934,12.0991,11.2287,15.9509,16.6895,19.8187,10.9072,17.8699,14.9304,25.9475
4562.5,19.1882,17.0407,22.63,25.3549,22.7439,23.2349,18.2017,17.4252,19.7013,13.3369,12.0152,24.3029,20.234,23.9911,12.747,23.9907
4578.125,27.6519,21.8106,17.96,21.0809,18.852,14.7756,26.5492,24.3161,11.2219,21.7651,22.9385,18.9296,15.4337,19.3863,20.0645,21.8045
4593.75,19.6683,14.2978,26.3952,22.6752,26.7378,21.1549,16.3574,16.6244,24.5643,20.3702,21.9037,27.6114,19.6042,26.9718,26.379,26.1671
4609.375,34.11,24.267,26.0617,26.4788,27.2723,24.1824,18.3968,22.7567,22.2268,23.7072,28.28,27.1105,25.5488,22.6457,20.2516,25.3316
4625,26.5116,30.0579,30.7893,32.7225,25.3618,24.1133,27.0908,29.6758,24.2724,26.0633,19.7703,22.7035,22.0302,27.798,25.0195,28.3146
4640.625,29.705,23.6581,25.7399,24.4086,30.0388,28.9387,37.1942,24.2289,29.5816,27.5822,30.171,31.0511,35.4509,31.2723,26.9712,31.6508
4656.25,30.6935,35.4077,35.7818,36.4999,32.0367,32.6934,34.2117,30.3443,31.6635,28.0604,29.2588,31.4137,25.3175,31.6449,29.6928,33.1688
4671.875,31.767,31.7288,31.8283,33.7082,34.4602,31.0605,20.8752,34.3335,35.4038,32.8218,30.8797,33.6951,32.6072,30.6705,32.1179,30.7721
4687.5,39.5754,38.4582,37.4502,35.9719,33.9591,34.8185,40.46,32.3843,28.9014,33.2258,35.4144,35.5286,36.7484,36.4843,38.6916,38.6791
4703.125,37.6397,35.9757,36.9765,38.2499,42.8293,34.6744,43.8979,40.7731,42.7506,41.2694,37.8575,43.7317,37.0393,44.4574,35.382,33.6016
4718.75,36.2776,38.6348,41.3326,37.3767,40.8312,40.9091,39.6312,35.4757,31.219,39.2732,43.2354,37.3902,40.6717,34.2377,37.6217,42.1881
4734.375,42.4253,44.2324,37.9641,46.5209,39.7257,41.7821,29.3553,43.2615,42.3398,36.1688,38.5746,40.7448,39.0006,48.5472,42.0062,38.1201
4750,43.7357,42.4414,49.2231,38.696,42.3607,41.5692,49.0513,43.7945,50.6096,45.9843,39.3997,44.9408,45.2263,43.3368,41.446,41.8516
4765.625,45.8153,42.6246,39.0425,46.4119,43.5113,44.791,57.5484,46.2963,40.5809,43.0646,45.6665,46.2177,41.1877,42.223,37.3935,45.4109
4781.25,41.931,44.287,48.9049,49.7005,50.0614,45.0168,36.3113,40.2686,45.6003,45.93,45.721,44.7989,45.5258,47.8894,53.3269,37.3498
4796.875,43.291,52.1977,44.3775,38.2397,39.8464,43.7643,34.9978,41.2375,41.2281,43.4083,42.7871,45.9326,43.9584,46.0787,49.7793,43.4974
4812.5,51.2194,46.0013,50.6284,54.1645,49.6667,49.0734,60.7727,51.4493,52.0059,46.4329,45.6621,49.2992,47.3602,49.2253,43.2947,47.8821
4828.125,45.654,43.4843,40.1782,41.6336,47.4603,40.2515,64.4791,46.4813,44.641,45.195,42.4824,46.7902,47.5632,51.2932,46.3929,38.1919
4843.75,41.1556,50.0451,53.7324,50.6428,45.8979,53.2154,34.064,41.5701,43.2134,45.4362,49.8687,47.2103,44.846,47.0707,50.7773,46.9058
4859.375,53.6908,44.9982,43.9577,46.2087,47.192,43.6638,26.952,47.2553,45.003,41.755,41.911,52.0372,43.0198,47.9535,44.5224,45.753
4875,45.8751,43.0146,48.34,47.5097,47.0412,41.8385,65.0692,41.7749,46.5079,45.1693,45.1488,43.4964,43.7647,45.2705,42.6956,42.3102
4890.625,47.6339,46.0972,43.193,43.2165,40.2553,50.1856,59.8733,48.3362,44.0336,46.7089,45.1051,48.0384,43.9716,49.3511,42.4636,41.0492
4906.25,43.7414,40.0344,49.774,42.3294,52.1279,38.3945,32.8213,41.1338,41.3087,42.6539,40.1784,44.9751,38.7058,45.2707,47.6262,44.5308
4921.875,42.3533,43.5241,38.0597,50.4821,37.9491,44.3801,32.2342,35.7284,42.043,38.5891,35.6303,46.4849,41.7098,49.714,37.9351,38.6829
4937.5,35.6009,43.1017,38.3965,37.6762,42.2422,34.4755,51.8488,42.501,41.1912,40.5062,39.801,42.2462,40.3678,34.4021,35.9492,40.829
4953.125,44.9735,34.0868,42.8198,42.7794,39.805,38.2818,49.5609,38.1436,34.203,31.0987,36.3913,38.9523,37.3618,42.5205,34.6702,32.6775
4968.75,36.2724,35.852,37.7613,39.1042,38.125,36.6772,9.4014,34.2434,34.3847,39.2813,34.4266,40.0682,29.6181,43.0444,40.0923,34.6573
4984.375,37.0969,32.2462,37.5018,29.2458,38.3659,26.3169,40.029,29.2909,31.9091,34.2324,38.6958,35.8887,31.8525,36.1924,29.8922,36.1842
5000,33.0208,31.187,30.9464,38.7934,24.4743,35.5265,46.8285,33.8037,32.0825,26.7156,23.0738,30.8405,31.2901,31.6212,28.2381,24.8457
5015.625,27.5801,25.565,29.7943,33.3553,39.5272,24.2646,28.0194,22.9491,27.5279,27.8773,24.7642,38.3259,27.3554,31.6467,28.8937,33.5959
5031.25,33.1575,24.7874,28.6988,21.794,21.1515,24.6432,5.4461,28.9477,22.7785,24.0363,29.0897,29.422,23.0613,28.0185,21.5873,25.815
5046.875,18.9409,25.3263,25.5264,24.4968,24.0836,22.6315,35.941,21.1071,18.7994,19.0251,22.1214,23.9196,21.5795,26.8474,28.4577,21.2699
5062.5,20.7106,18.2614,20.728,25.3055,23.0111,15.6488,32.1566,20.1251,24.847,21.6732,16.4247,24.1954,27.0988,20.1507,16.5715,21.5507
5078.125,24.3348,15.0931,21.0422,15.7997,19.7525,23.9308,14.4675,16.736,17.6128,18.7686,16.2054,14.4208,14.1944,21.1778,18.4146,13.681
5093.75,13.5646,13.6421,12.1866,15.0223,12.545,8.083,12.8906,15.6039,14.0106,14.1204,16.4766,18.1628,13.9556,19.3647,16.6766,19.9387
5109.375,11.8288,16.0824,12.5583,17.9706,14.8505,17.1992,30.3008,11.5611,12.3997,18.0918,16.0291,8.1188,12.5752,3.1453,14.4188,10.7735
5125,12.5645,13.2362,10.6256,4.7955,10.6485,9.466,23.6799,17.5348,12.0263,11.083,9.7683,11.4637,17.0932,16.0149,13.8722,11.7375
5140.625,3.9346,10.519,11.8158,5.6408,4.6938,13.6837,8.3567,10.0042,10.9282,10.8634,12.9288,6.1498,8.2838,7.7775,12.3403,5.9358
5156.25,7.8771,9.9465,6.5022,6.6765,6.8828,12.4228,18.8575,11.0412,13.9241,10.3712,11.3656,7.4586,9.4722,4.0399,12.5683,0.4094
5171.875,2.0965,13.3126,4.2632,2.3844,2.0813,10.9853,23.4029,15.8084,12.1431,11.7601,17.9897,2.3139,14.3562,1.9131,5.9974,7.3531
5187.5,8.8838,12.4334,5.4414,2.8068,8.7024,13.4638,3.8534,10.8129,11.8426,12.7553,10.0055,8.9598,11.532,2.5174,15.3647,0.1293
5203.125,3.1331,13.7766,10.3579,10.7182,8.2049,15.2127,18.1462,14.6574,14.1267,12.1672,12.4259,9.4561,18.6364,8.7415,19.4686,4.9113
5218.75,8.2831,16.9057,1.5337,9.4594,5.2567,11.9916,22.7307,11.5653,17.1368,12.3235,16.2956,7.354,7.7363,8.5574,8.0305,5.179
5234.375,12.3316,11.9172,12.3792,8.7227,10.7705,13.9319,21.3785,18.8767,14.0919,15.8398,14.6968,7.4256,18.64,10.0973,14.9611,9.4367
5250,13.0024,18.2813,13.8479,10.2019,9.7312,18.6955,1.856,10.4347,14.8344,17.7405,14.247,16.2182,12.4703,16.1506,11.7617,9.0493
5265.625,9.2818,19.2837,7.1562,16.7202,16.4835,16.858,24.0881,21.0041,17.1886,15.6569,15.7199,14.2867,18.4965,10.2563,20.044,9.2761
5281.25,17.8659,12.9187,24.2979,11.9987,9.9044,15.3831,29.3386,16.6533,15.3805,16.8336,18.227,12.8164,18.3537,16.0222,19.7079,12.2773
5296.875,10.9374,13.8089,10.6645,11.1212,17.148,15.4909,20.3916,19.4102,14.6627,15.5191,13.8237,17.3879,18.3304,18.7496,10.6674,10.618
5312.5,19.128,21.2959,16.3782,21.98,14.2518,21.261,14.8939,15.9557,20.7829,19.5347,23.5853,13.9929,11.4463,14.3563,25.0858,11.9259
5328.125,12.6071,17.829,16.9622,13.9961,18.1071,14.4189,17.2761,17.4478,16.8673,17.9221,15.9796,19.8407,21.0258,13.8999,18.5838,13.2224
5343.75,13.2331,17.2272,13.1461,14.3992,13.8905,17.9001,23.4602,17.3038,19.3286,16.706,16.1653,17.0609,15.676,20.6722,12.656,9.95
5359.375,18.27,18.3501,14.2767,15.0449,12.0698,16.564,17.164,15.896,16.8757,12.4392,17.3087,16.5356,20.4432,15.4704,22.6666,14.2846
5375,15.0642,19.1772,16.363,15.6484,17.4002,17.0464,11.9563,16.7264,10.4865,19.9813,16.7511,17.1887,12.314,16.1295,17.1488,8.7117
5390.625,8.2882,8.9553,7.6565,14.4051,9.8983,15.3425,15.0207,18.3253,16.5449,13.2199,12.0708,8.8016,15.4692,13.672,10.7651,10.6661
5406.25,15.7692,18.9828,13.4438,9.1896,14.6892,12.5714,18.3948,13.2631,18.1704,19.7472,18.4776,15.383,15.186,13.9876,16.9278,8.3853
5421.875,5.0734,11.4513,7.4226,9.4017,9.6224,17.4084,15.1234,14.9018,11.9943,12.4227,8.9584,11.0531,13.408,10.4224,14.2711,8.7264
5437.5,9.4211,18.2535,11.895,7.3626,9.2657,14.8742,13.8653,13.9577,17.0831,14.2046,21.2907,10.3973,14.9356,9.5492,14.8756,1.584
5453.125,4.6463,8.5821,3.5153,7.9703,4.2338,7.1471,10.0298,13.6023,9.2511,8.1958,7.6113,5.3511,15.3863,6.1973,11.0381,9.8965
5468.75,4.2842,11.4947,4.8011,1.8719,4.7092,18.7399,16.3959,14.9483,11.0996,19.3601,16.1954,2.8777,7.087,5.9939,12.9339,5.4197
5484.375,1.1608,14.19,2.5233,2.2386,3.1839,7.974,9.2063,8.0376,16.7821,9.2066,7.4099,4.1273,17.0722,2.6236,13.483,2.381
5500,5.3878,11.684,1.9735,5.0378,1.4056,12.6568,12.2969,11.2045,10.7793,13.8272,16.0405,1.4506,11.1841,8.165,6.6803,3.9936
5515.625,7.4252,11.6201,11.1875,11.387,9.5605,10.4648,12.9293,13.5792,10.6025,9.6524,12.9473,6.16,14.44,3.4059,15.5902,8.066
5531.25,9.4131,14.0183,7.0651,8.5997,10.4203,18.8804,10.8701,13.4374,16.8654,14.3146,6.9728,14.1334,12.128,12.6466,15.6438,9.7267
5546.875,13.9351,12.0389,14.9194,14.2006,10.9292,6.1295,16.4797,15.1576,10.6455,15.0971,17.523,9.5896,14.204,7.2595,9.1564,14.3646
5562.5,15.4861,13.5012,13.7087,14.2015,16.9119,14.2472,12.3319,8.9757,14.7471,11.6332,16.4905,17.2745,10.7546,18.9562,16.7483,12.5101
5578.125,21.1041,16.3752,19.2926,18.7979,18.6114,18.2335,13.6537,15.1378,17.742,14.1877,11.342,17.0427,16.5598,21.3182,13.7795,23.3569
5593.75,23.4772,15.8194,23.8642,22.4218,21.6688,14.3177,18.8899,15.5194,15.9615,16.7385,17.1321,22.5879,19.1245,19.0715,18.4033,18.3671
5609.375,19.7628,16.0082,24.2784,23.9725,26.8255,15.3346,19.9237,18.7333,18.6351,21.9828,20.0986,25.6344,13.1505,27.8648,14.1737,19.344
5625,28.2862,20.6999,28.0294,25.9511,26.9637,22.6213,15.328,18.2431,15.4905,13.2116,13.3024,28.654,19.3761,27.0912,20.0999,31.4924
5640.625,32.9659,21.0077,29.4025,33.4375,32.6624,12.9309,15.8421,19.8302,21.4404,22.0963,19.1799,33.2011,20.5202,34.0632,19.6884,30.0335
5656.25,35.024,16.0706,33.5273,33.1882,32.5771,25.8004,27.285,22.2945,20.6707,18.2834,21.7347,33.3127,17.4817,31.0445,17.761,32.061
5671.875,34.9958,24.2658,35.4535,36.3838,33.8882,18.5858,17.9794,15.9421,20.6981,21.9325,20.0461,33.9987,23.5615,35.8089,21.2097,30.7043
5687.5,33.1651,25.9648,36.9973,32.5841,36.6336,22.2545,22.2479,23.548,21.2884,18.576,22.2341,40.1781,22.5786,40.4955,23.6702,39.7862
5703.125,41.3757,16.5476,39.909,44.2809,39.122,24.9193,16.0868,20.9658,24.7253,24.8046,18.5436,37.5848,16.3371,39.1072,25.8315,31.4913
5718.75,37.593,26.4023,38.0172,36.7427,39.0153,16.6032,28.2975,24.9863,20.0589,18.7843,24.7117,40.3997,28.2292,42.6002,16.6155,40.0645
5734.375,41.1261,27.5397,43.3219,42.1697,39.4937,29.3395,30.1685,18.0921,24.875,25.1206,18.8311,42.5512,18.2041,43.0626,30.0432,35.781
5750,40.5893,15.1302,39.0849,42.1583,42.2796,19.4128,16.1784,28.8175,20.2405,23.9379,23.6421,41.7248,23.8975,36.3522,17.1166,38.3948
5765.625,43.5541,25.6857,44.9235,36.5336,43.7032,24.2745,16.9988,17.7028,23.7942,21.4914,19.2437,43.3666,19.637,49.1498,24.6483,37.997
5781.25,40.3033,24.9425,38.0183,43.7941,37.7497,20.4819,25.5662,21.7367,20.1017,21.0454,26.187,44.9955,25.4982,41.0201,23.693,41.894
5796.875,37.6302,17.505,41.2557,41.974,39.7797,21.4228,29.2398,24.815,24.7252,17.3087,17.7403,37.3511,19.1076,44.1769,18.544,33.0886
5812.5,38.7982,23.9728,40.1194,39.1912,41.5923,22.8663,15.5827,16.1597,21.1247,23.0584,21.9671,44.1019,23.1837,39.9674,23.3389,38.3032
5828.125,39.8582,18.0813,36.3796,37.812,35.8566,15.1279,10.823,23.0169,16.8118,20.1811,19.4044,34.9679,17.074,32.9597,20.0123,38.859
5843.75,31.7742,18.7266,35.5066,37.048,37.3272,21.346,22.56,16.1373,19.9404,16.091,14.3479,37.212,19.4057,40.6846,17.1873,30.3522
5859.375,34.593,21.2253,35.6339,33.5645,31.5727,16.5426,23.451,18.8646,15.3571,19.0547,20.7356,37.6757,17.9768,36.7532,18.405,30.3985
5875,33.5757,11.6569,29.0367,29.4739,34.2264,15.0741,15.0171,14.2827,17.7218,14.2844,11.7844,27.0043,13.0253,28.3205,15.3615,29.1938
5890.625,27.5903,18.0368,30.5515,30.932,22.1462,14.9094,14.4093,11.9942,12.8393,15.3365,14.7939,30.6984,12.1948,28.7066,15.5357,26.7558
5906.25,23.2338,11.1438,22.5628,24.2594,30.3016,11.9038,9.1129,14.2312,11.6319,9.6883,12.0909,24.113,12.9327,27.9077,13.3186,21.116
5921.875,26.6581,9.9228,22.4085,21.6421,18.6717,11.3272,14.271,11.7263,11.2428,12.689,9.5857,20.8311,10.3393,21.5119,13.1792,23.0252
5937.5,11.3266,11.9849,18.2754,17.3856,20.5274,6.9106,8.9831,8.6762,8.1966,7.382,11.394,20.6059,8.1468,17.0715,5.5398,16.0299
5953.125,15.1074,6.8965,12.7537,15.5872,12.3946,10.7906,9.2102,8.3167,7.4383,6.0974,8,14.1078,7.0351,14.2906,8.6086,13.1238
5968.75,15.2582,5.3443,13.9605,10.0124,7.2173,3.5993,6.7623,3.1109,9.6214,7.1247,4.6902,12.8721,7.6933,14.3487,6.6683,9.2582
5984.375,2.8105,4.9347,4.722,9.8276,12.0268,6.4877,2.2373,10.4512,6.7373,7.4169,9.1973,5.6682,5.4612,5.8796,9.5384,10.4866
6000,8.2504,6.0715,2.6939,2.8691,10.5096,5.9014,8.3052,0.8944,4.6161,9.5287,4.6723,9.578,5.1252,9.6361,3.8054,2.8065
6015.625,10.9107,7.0904,12.9035,9.9534,6.2009,4.475,9.2337,5.9234,6.7983,6.1902,4.4271,6.2211,7.0879,10.5584,4.0888,10.1408
6031.25,12.8392,5.5058,10.8692,8.1326,11.0204,6.9886,10.2748,9.0667,6.7338,4.3616,10.4552,16.083,10.8239,8.0059,10.3755,9.349
6046.875,9.1264,12.0028,15.4129,17.0414,15.6402,7.9838,6.6301,7.2662,8.9368,11.3817,7.2721,13.8913,9.3467,16.8175,8.5931,16.5649
6062.5,19.5453,7.0941,18.2691,13.2222,15.5904,10.3932,7.337,13.2417,11.8662,9.3866,9.1067,16.951,10.4644,18.5612,13.1416,13.5435
6078.125,20.4668,13.0832,19.7863,25.4545,21.0531,10.7649,13.3483,10.287,10.7214,13.1921,15.2046,19.5341,11.2882,22.1696,11.216,23.3256
6093.75,26.8971,13.3104,26.69,22.5861,24.6176,18.3529,17.0872,16.6563,14.2703,13.9744,13.2374,27.3201,16.3947,21.201,14.617,21.774
6109.375,24.2664,18.036,27.7299,30.3516,26.652,10.9073,13.735,10.8833,15.0977,14.3843,13.6532,27.2823,11.4392,33.7978,12.7424,26.3199
6125,31.7373,14.5596,29.9616,30.2484,32.3136,17.0304,11.7357,15.0105,14.3672,12.4711,16.8183,30.9954,16.396,29.3017,19.2292,28.5847
6140.625,31.9853,18.9953,34.2486,32.0375,31.552,14.6532,17.7951,19.3372,17.3585,25.6166,13.3746,35.9374,17.8406,33.4597,15.7057,29.9566
6156.25,34.1038,18.2565,37.0501,36.4441,35.5087,22.9295,21.6091,18.2267,20.336,14.4953,19.1968,37.0161,17.6146,34.0384,18.4657,29.9317
6171.875,39.1308,19.6245,34.0277,34.7075,36.2885,14.2786,18.6231,18.1149,18.4347,18.348,18.1932,36.395,18.4269,41.8068,21.4673,35.06
6187.5,37.7432,18.8185,35.3243,41.0842,35.9605,18.4806,17.4025,20.3112,19.6375,14.8786,15.8008,38.4547,19.3684,38.4524,18.363,34.1431
6203.125,37.9562,20.8389,44.7736,34.833,40.2232,23.73,18.9701,18.478,20.5898,21.6551,22.0373,40.9786,21.1267,37.3959,22.2059,38.7448
6218.75,35.678,18.6001,34.0823,42.9371,39.0155,18.5029,21.1717,21.525,16.199,21.3296,15.697,38.7524,16.0908,42.2464,23.9678,36.445
6234.375,43.9695,19.7894,40.4465,38.6893,40.1869,16.6792,18.2115,18.2304,20.9525,20.7906,18.6073,38.8994,18.5904,42.6951,22.4901,35.1072
6250,37.4561,20.0101,43.9027,40.742,36.0798,20.8336,18.0029,21.134,16.7611,12.1753,21.6743,42.2251,21.182,43.1632,15.6128,35.1282
6265.625,36.155,21.391,35.5097,41.0673,38.8507,19.6743,16.0223,17.6625,22.534,20.7027,18.4069,42.6494,16.1437,38.8627,17.5205,40.2489
6281.25,37.3572,18.5637,37.021,33.7165,39.6283,15.808,26.1136,16.5481,12.916,18.6283,19.2677,34.2982,19.1893,33.091,19.1291,28.7315
6296.875,39.0351,17.5009,35.2941,38.0572,31.8401,19.5158,17.856,19.9616,17.2328,17.7834,12.8298,39.8812,15.6521,41.72,16.536,38.1485
6312.5,26.542,14.9651,34.3756,33.4891,38.095,17.4191,13.7866,13.7461,22.7549,18.693,19.6186,34.2998,19.5867,33.9485,18.6509,29.882
6328.125,38.8181,20.9966,33.2206,31.2261,29.5164,13.1821,13.4548,16.6463,12.4416,12.9986,15.3401,34.0093,12.4293,31.0477,14.1161,29.3678
6343.75,29.7274,14.1745,25.1909,31.4182,30.4564,17.6453,18.3584,16.9458,16.6882,14.5997,17.2603,28.2916,14.519,29.1796,16.3151,27.9323
6359.375,24.8485,16.9904,30.4482,24.5094,26.3482,16.0708,16.1488,14.4265,13.8588,18.2495,14.281,25.1019,15.0497,32.9358,14.5215,26.7147
6375,23.4781,11.9027,24.3408,27.6342,24.2018,11.8471,14.6005,10.5713,12.2595,10.5621,8.1863,30.704,13.875,23.9232,14.9856,21.5744
6390.625,22.3914,15.751,21.1265,19.367,24.4979,13.3574,8.0643,17.1199,17.6891,14.6288,18.3748,18.691,13.93,18.029,13.6648,22.4973
6406.25,17.5839,11.0847,22.1542,21.3518,17.2163,14.6795,20.3848,13.1214,12.1692,15.2799,16.1553,20.9804,16.0617,23.4792,13.8441,21.4508
6421.875,20.6715,19.8166,16.1291,15.8523,16.6839,17.447,14.7608,15.8429,15.9744,14.1119,11.5668,17.3142,12.1173,14.2448,16.8667,18.1142
6437.5,16.9198,12.0363,15.0868,20.0824,20.4872,13.6427,16.3152,11.2233,16.5838,14.2986,17.343,15.6044,19.7318,20.542,13.7649,12.8681
6453.125,18.0756,18.1429,18.1517,17.9497,14.3346,17.0767,12.7105,21.0126,14.506,15.6921,10.9006,21.1004,14.286,17.563,15.1546,18.1271
6468.75,14.0497,15.1457,19.6342,14.6985,18.2928,15.8424,19.3329,17.1827,16.833,16.3524,20.8263,13.9021,19.8168,18.7949,18.5949,19.4981
6484.375,21.9173,21.3271,18.8289,20.6307,22.7252,21.3545,19.687,16.879,17.7905,23.6877,17.133,22.4254,10.7681,18.953,19.1681,20.2253
6500,26.0608,14.056,24.267,23.1838,21.1461,13.7898,16.5412,21.3176,18.6617,16.2508,19.6047,20.1395,27.5391,20.218,20.2038,20.9249
6515.625,21.6088,26.8075,27.1349,24.9108,26.6682,23.0671,23.181,19.2703,22.0055,19.3241,18.4519,28.3449,14.5104,27.5117,21.2362,25.0692
6531.25,26.2249,21.2605,25.0667,26.9422,24.6359,23.0598,25.166,21.1026,24.1146,19.8955,30.103,28.5406,21.7408,35.8533,21.9545,23.472
6546.875,29.6969,22.7024,30.5774,31.5451,30.2124,25.7918,19.5076,23.3327,19.3848,30.3733,22.0023,29.4554,30.015,22.8601,16.6014,28.8273
6562.5,33.6081,28.3464,30.0539,32.5755,32.5502,19.0866,24.0075,25.0581,26.6195,20.2731,19.5547,31.9337,18.0797,34.3358,30.0938,28.0134
6578.125,32.2007,24.4939,37.1461,32.5967,32.5422,25.9913,25.0877,23.3908,25.0831,28.4786,27.0996,40.8227,25.7142,37.9488,28.9645,30.7603
6593.75,38.0751,24.3303,34.6002,36.5369,38.6437,31.1971,30.5484,27.2433,26.196,19.066,24.6599,33.4572,26.5301,35.9842,26.4653,34.9854
6609.375,37.3056,24.6401,41.1865,40.0024,34.9445,24.6135,26.3827,24.9444,30.1327,31.4615,31.0325,40.3195,27.6898,37.3417,26.609,35.2662
6625,36.7103,31.5725,34.6909,36.4381,36.9184,26.6047,26.1125,26.171,24.682,23.7307,23.1807,37.4182,25.7625,47.1341,32.068,37.9746
6640.625,39.1839,23.6594,43.9337,42.5715,42.7772,28.9242,27.5786,35.2259,30.4781,32.0377,24.4413,44.3838,23.8198,42.5551,22.8477,32.7862
6656.25,43.364,31.0484,39.9458,38.3949,40.0298,26.8785,25.855,20.5615,23.3376,21.0493,32.2245,43.3153,32.2957,36.4023,34.3188,39.4098
6671.875,39.6967,25.8794,39.188,41.0613,41.0208,26.6402,27.6149,25.1828,30.548,31.0396,20.7036,41.0053,24.2971,44.1864,28.266,37.9279
6687.5,36.4684,29.6358,38.9045,42.7813,41.8326,28.8078,27.7194,34.597,24.8669,26.3823,30.9736,42.9575,25.5465,38.3502,23.5932,35.934
6703.125,46.6511,26.3612,45.8565,40.0199,36.4668,28.0728,25.3895,21.9065,28.2852,30.6748,21.6083,39.2936,27.2679,45.7741,30.4586,37.0745
6718.75,34.8325,25.8925,34.0287,37.0274,44.2764,23.653,26.6338,28.0053,28.3581,23.1181,30.3479,41.3729,25.7373,41.8194,19.4239,34.8418
6734.375,34.7055,28.5151,35.6406,38.4417,36.4269,24.3129,28.6358,23.0608,26.442,24.683,25.243,36.316,29.3525,31.6194,33.2814,35.8839
6750,41.4823,25.467,36.9445,36.8782,32.2461,26.3002,20.3224,28.3082,18.9361,21.3913,17.8547,37.0039,23.1929,42.4943,24.675,30.8286
6765.625,31.8914,23.8592,35.6356,32.7719,34.9614,25.8221,23.898,19.4784,26.2245,24.1269,24.1953,33.9966,19.204,31.6183,20.1023,32.0561
6781.25,32.1644,21.4088,29.3827,29.3989,32.778,19.1155,25.5471,20.6113,22.514,22.6337,24.8225,31.605,22.5086,37.749,25.9979,28.9583
6796.875,26.0881,20.8745,27.4933,33.387,25.6958,20.7915,18.553,25.3081,18.9752,19.9734,16.4235,28.2416,22.3513,33.8822,16.2727,26.7367
6812.5,28.2548,20.9791,28.151,23.1968,25.4605,21.7341,18.9017,20.8345,25.2485,19.9893,19.0299,30.6407,23.9603,23.5001,19.9559,25.0051
6828.125,20.5225,16.2054,19.081,24.9681,25.877,18.1872,20.3686,18.4194,15.4889,19.8325,21.9072,24.0964,14.2709,21.2111,15.4688,23.3897
6843.75,21.4876,17.9039,22.2354,18.9774,19.0093,13.1429,13.1086,13.0848,17.7417,12.4465,9.1613,18.6173,16.5418,22.7059,21.8625,16.7451
6859.375,17.9816,19.0131,18.3356,17.6564,11.6982,17.3719,14.6028,20.2541,10.9981,18.1869,27.1125,16.8653,16.559,17.122,8.6453,15.1402
6875,15.7726,7.1491,17.6539,12.3701,20.017,14.607,14.8207,7.9264,19.9549,10.4735,13.7642,17.6463,13.4323,11.1718,22.2469,17.8616
6890.625,10.48,15.1456,6.7164,11.5327,5.4121,7.7389,11.4503,14.5753,4.2754,11.5321,12.6556,4.1991,11.906,12.8553,10.527,5.5471
6906.25,9.4957,9.53,11.309,5.9199,13.2427,14.2852,15.6951,12.9566,15.1986,10.7529,17.4162,13.171,10.0436,1.0052,14.3215,10.48
6921.875,7.7086,6.8817,5.423,9.9827,2.6573,10.7069,2.7484,6.1143,8.239,12.434,2.6224,2.802,9.6387,13.0411,4.9953,6.8019
6937.5,3.7264,9.0746,4.8427,2.0562,8.954,10.3967,9.5588,6.3745,7.9215,6.3605,6.4594,8.0873,8.5998,6.5886,4.9771,7.1323
6953.125,8.8021,6.2391,10.1776,7.2283,8.0916,1.8951,10.1646,10.4372,5.7071,7.5725,12.4299,6.8705,7.3481,11.8022,14.3055,8.0867
6968.75,13.3023,2.8831,8.2299,10.2111,6.6595,10.1805,5.3161,5.0676,5.4525,4.2854,11.2794,14.272,9.3364,8.4572,5.7683,5.5507
6984.375,7.8379,7.2805,13.3633,13.2151,13.5816,2.5291,6.7643,5.4575,3.144,6.6745,8.23,9.0662,7.0578,12.4904,7.4192,15.2324
7000,18.3399,1.3093,14.8432,15.5202,16.1095,4.0587,4.675,7.041,5.8529,2.2487,1.4903,17.3566,3.0435,17.2616,8.3811,12.1984
7015.625,16.6306,7.7426,16.4378,17.0114,15.8883,3.0346,6.8356,2.2219,4.1535,6.553,5.9363,15.8042,5.4804,12.4971,1.9145,12.0799
7031.25,18.9121,1.3453,22.5355,21.3657,21.0015,5.1076,5.5957,1.5015,2.2818,2.727,6.492,18.7938,4.4901,25.4516,4.2551,21.1324
7046.875,21.6636,2.7766,17.6793,18.5317,21.3766,1.4022,4.4238,7.1464,4.3472,2.7294,1.4206,21.4714,5.5456,20.6625,1.0356,15.2453
7062.5,20.0096,4.9182,23.1715,21.9548,19.3592,4.8569,3.5313,1.1849,5.0674,1.4307,2.2908,25.4323,2.3607,25.6697,3.9441,18.4725
7078.125,23.7764,2.4636,23.5039,23.8369,22.9549,5.116,7.7848,3.9948,5.4606,4.8163,5.1185,27.8662,2.9816,20.8538,7.2996,24.3218
7093.75,23.0003,7.9956,24.3419,25.1663,27.586,1.7454,2.8343,6.7955,1.599,5.6823,14.168,19.9316,5.9971,27.2426,3.6358,17.0851
7109.375,25.3584,3.956,22.5099,22.8388,23.1608,1.9096,8.4583,3.1292,5.9704,4.2748,5.6142,29.1907,4.1996,28.3197,5.1553,23.6581
7125,25.1235,10.7715,26.6031,26.0141,22.3854,7.8415,4.5852,4.5901,5.9885,2.3978,14.6375,25.8991,8.2974,24.2755,13.9012,25.8074
7140.625,23.0707,5.2204,26.0491,24.8745,26.1127,3.3466,7.0323,3.1192,4.6562,6.5528,5.8816,23.5136,0.9283,25.9548,9.7181,15.2825
7156.25,25.7619,6.991,24.024,24.2602,23.1653,5.492,7.9875,8.8557,3.1141,6.5457,3.0365,28.1776,7.7577,26.3402,7.9649,23.6923
7171.875,23.6612,7.9733,22.0031,20.6697,24.1066,8.1815,4.12,5.6245,10.3905,6.3452,9.6186,25.2749,10.4716,27.3224,2.4728,24.394
7187.5,20.981,4.0157,25.4571,26.2919,23.0206,2.7879,11.8554,11.8911,8.9216,3.9542,4.6129,22.8625,4.9408,25.2623,12.4381,15.3106
7203.125,20.8721,8.1043,19.2603,21.3069,20.1859,9.8184,4.4413,3.5146,5.1458,11.3129,14.2396,21.3648,8.2064,20.0342,3.4976,20.4697
7218.75,21.3055,7.0193,20.9362,17.0734,22.1765,9.6343,9.5392,7.443,12.6242,5.2929,3.4499,22.2101,8.3065,20.4811,9.9526,18.8095
7234.375,18.1647,9.2927,19.8128,22.0047,17.44,5.6476,8.909,11.0225,6.4254,11.0873,10.8251,22.6846,7.3328,20.3289,5.2771,20.2009
7250,16.0258,5.4332,17.4631,16.3673,16.6858,11.2447,10.3593,8.1129,11.2964,8.465,3.8054,13.8213,9.8552,19.5256,11.8485,12.9536
7265.625,19.4225,12.2955,13.5859,18.4822,17.302,8.2574,3.837,14.2101,3.6966,6.226,11.5881,19.8831,9.5215,11.8146,10.9615,18.0289
7281.25,13.2607,6.9467,16.6813,11.5265,15.9022,8.5956,8.1755,7.5764,14.0567,10.5541,7.3138,12.0713,7.0028,18.991,6.9478,12.0752
7296.875,14.36,13.9672,13.3492,15.9872,12.3438,14.9738,19.0829,7.4331,7.0315,10.0807,15.305,14.027,13.2441,11.9718,8.0167,13.4098
7312.5,11.5458,8.2545,10.0228,12.5008,11.9246,6.7865,5.9783,14.3216,11.8518,12.9621,18.8989,13.905,12,19.4626,18.1034,13.5665
7328.125,10.9246,12.5515,19.0108,13.3076,10.0872,12.9048,12.0837,11.2728,12.2202,7.7013,10.2438,16.2843,8.4232,11.5845,6.2516,15.9089
7343.75,13.7137,11.2786,12.1081,12.7564,18.7033,12.9587,11.4051,16.7082,10.3877,14.4166,14.544,10.6725,10.7173,10.3873,12.1934,9.5626
7359.375,19.0296,13.1981,13.956,18.5471,13.9149,14.4559,12.5012,11.4552,14.5033,13.246,9.7651,15.8685,13.7329,18.1569,12.6132,18.3123
7375,14.352,12.9112,15.3699,13.628,14.3173,9.221,16.3019,10.634,11.248,9.4789,16.5605,15.4106,9.6342,16.9479,16.6612,14.8656
7390.625,18.0066,13.4028,20.0662,18.4776,20.411,14.8152,11.1295,14.4201,11.848,15.1771,10.4199,22.5804,15.6586,16.3809,13.2789,18.5063
7406.25,23.1116,11.802,19.6373,22.5819,18.1238,15.1969,11.1299,17.078,14.5764,12.8106,11.9658,17.6145,10.3886,22.9199,6.705,15.5374
7421.875,21.4067,14.8737,21.1802,20.5838,21.4884,12.5054,18.9588,10.8969,14.4697,14.6749,19.9933,23.2903,18.3485,21.8757,17.8444,20.4035
7437.5,21.2082,16.64,23.8837,20.6584,24.674,11.5419,12.3408,11.0097,14.5499,14.7399,6.2165,20.1439,9.22,26.2191,13.5431,21.7582
7453.125,26.0821,11.0683,22.4971,29.7459,23.7375,15.7877,12.6492,16.1784,12.1578,9.861,14.9946,26.5382,15.0324,25.0157,16.1857,24.2878
7468.75,29.5868,15.2106,32.9102,24.8223,29.3052,11.7817,14.4366,13.9622,13.527,15.1619,19.8577,28.752,11.8979,29.16,12.4405,23.2762
7484.375,29.2473,13.532,22.9462,30.7736,27.1581,14.6795,12.0414,11.104,14.3244,14.4314,5.469,32.1588,16.6427,25.7147,15.0352,26.6073
7500,27.2474,16.2937,34.6254,28.6843,31.9542,14.8794,16.3415,16.285,13.2699,13.9379,14.9892,30.5732,10.9435,28.8913,14.7573,25.3658
7515.625,32.5887,14.8601,29.7097,29.8306,31.3659,10.3487,14.4668,18.3739,17.8604,14.0661,17.0464,34.5358,14.609,46.3911,18.7974,30.479
7531.25,32.3739,14.5002,32.0224,34.9802,32.7317,23.4914,17.0107,11.2322,7.9578,12.4528,8.3437,29.4746,12.8598,25.4934,16.6587,27.6299
7546.875,33.8456,11.5226,32.978,32.5399,30.3031,11.2657,14.2852,15.8442,14.5722,15.4463,28.9767,37.16,16.3912,27.1339,16.9725,29.0657
7562.5,28.9102,19.2352,31.9012,35.6726,39.2242,10.4688,15.1308,9.9398,20.5376,15.0488,5.4729,30.1936,7.3659,48.834,17.7071,29.9111
7578.125,36.0378,10.7119,37.6301,33.5699,30.751,18.2517,16.3143,22.6514,13.2977,13.7797,18.4076,39.2097,20.7612,33.6847,19.038,34.0287
7593.75,41.4517,23.3394,36.3072,35.8461,35.2988,15.8144,9.984,10.3083,11.3618,18.2467,8.8477,32.121,14.0932,31.7534,5.8656,29.464
7609.375,28.7566,10.801,32.4068,34.6839,32.7211,17.0418,16.6419,14.1608,19.7273,16.0877,17.5191,36.8165,15.5632,38.6663,30.4312,31.6753
7625,36.5891,12.6978,38.0979,31.7722,33.6016,17.1528,18.1626,17.9033,13.4816,11.0059,16.5144,37.7234,18.9555,43.3526,19.5742,35.2102
7640.625,34.4395,25.6276,32.9729,37.8798,37.828,22.3294,20.1323,14.7681,15.145,17.8931,14.8156,35.3883,13.5699,21.8002,0.6781,26.3617
7656.25,29.3751,9.5598,30.5402,28.3025,30.4662,10.0807,11.2506,20.459,17.8929,16.1955,19.6739,36.2318,22.9966,39.3683,28.0226,33.433
7671.875,35.6047,24.3258,36.845,37.8624,33.6759,20.9547,16.5051,16.9846,19.8412,20.0971,4.9858,34.582,13.9759,35.7609,17.8874,32.8994
7687.5,33.6743,16.4442,27.3574,28.8867,29.1307,19.2699,23.6217,21.9333,16.8939,18.1631,29.823,31.0696,18.5602,30.1825,23.5285,25.1077
7703.125,27.748,21.8292,33.048,27.9856,31.4908,18.57,20.3265,16.3497,21.259,17.6828,17.2606,33.2621,17.9115,26.1258,16.3682,30.8904
7718.75,28.4431,16.9233,26.4373,32.472,28.8768,21.489,18.1209,22.6572,19.3678,21.8785,27.4989,24.8551,23.39,34.2376,22.9431,25.6849
7734.375,28.607,21.5576,27.7623,27.8049,27.6895,22.9681,20.1798,21.4229,22.2782,21.0363,17.5445,30.6467,19.9075,29.6797,16.7868,29.6856
7750,26.6809,22.8171,28.4782,23.7183,27.3342,17.5914,21.775,21.1132,20.6649,19.3855,28.9001,26.6655,21.3661,25.2464,26.0093,25.074
7765.625,26.2939,24.7148,24.2149,26.3631,24.4212,25.7972,26.7693,21.5588,23.3123,24.0286,17.6521,24.6611,22.5112,22.403,19.142,24.5977
7781.25,21.3737,21.45,22.6293,25.3462,23.3122,24.1019,21.2032,26.569,24.1279,24.257,28.1884,23.874,26.1219,25.0902,27.3183,22.5993
7796.875,20.8941,24.8968,23.4628,20.1064,21.2836,23.0782,21.5796,22.7983,23.6172,24.8614,20.7876,23.418,22.5848,22.6516,24.5332,22.3505
7812.5,22.9126,26.0261,18.7108,19.9096,21.1008,24.9989,27.0762,25.6683,26.2447,25.3885,26.0887,18.0097,25.0557,20.998,23.7567,20.107
7828.125,18.5138,25.831,20.1412,19.8637,18.6132,26.9866,27.8351,26.9168,26.3745,25.5848,30.861,20.1263,26.5046,15.8807,27.6552,21.7959
7843.75,17.4415,26.2323,16.3125,18.0718,17.459,25.8485,27.6186,25.4641,24.8766,26.4292,22.1563,14.6569,27.5539,18.1654,23.9979,17.3591
7859.375,17.0608,25.4532,16.7915,15.3612,16.7673,27.9384,24.4793,27.758,27.2536,27.8071,32.273,16.0081,27.5358,15.722,27.7076,19.0987
7875,15.154,27.5684,14.6032,14.1598,14.1344,27.5534,26.8118,27.5647,28.2763,27.4178,26.5945,14.8636,26.976,15.1723,27.576,16.9092
7890.625,12.5879,29.6791,13.179,13.4274,13.1223,27.2772,32.2137,27.9664,27.3926,27.5549,29.5152,11.0277,28.6207,10.5532,29.3198,13.9668
7906.25,12.9395,27.3009,13.0853,13.4027,12.7275,28.8532,27.4753,29.746,29.6206,30.1015,32.5979,12.4961,28.9208,9.9921,28.3832,14.4258
7921.875,10.0761,26.5543,9.6507,9.0259,11.0954,28.987,25.9743,27.6769,28.1577,28.5746,25.2607,9.2082,29.3007,13.5631,25.6038,14.1342
7937.5,10.0665,30.4835,11.6234,10.3268,10.1699,27.6222,31.2988,29.2936,28.3947,29.478,33.1684,8.8789,28.2364,7.1281,31.6674,11.7065
7953.125,9.6454,27.9034,8.755,10.2662,8.8098,31.3592,28.6097,30.2318,29.6396,28.6845,29.8215,8.4519,31.6244,9.6497,28.4834,14.2359
7968.75,10.003,28.7425,8.2528,8.1439,10.4159,29.0801,30.7393,27.971,29.6736,30.1507,27.5279,7.3841,28.9999,6.205,24.655,11.3447
7984.375,8.4414,29.0903,10.5057,6.892,8.2172,27.0175,30.8903,30.9116,28.4517,29.4256,38.3068,6.719,30.3361,5.9161,33.3704,10.768
,,,,,,,REC10.wav,REC11.wav,REC12.wav,,,,,,,
,,,,,,,0,0,0,,,,,,,
,,,,,,,9279.3212,9299.039,9324.1923,,,,,,,
,,,,,,,80.02,68.2431,47.001,,,,,,,
,,,,,,,61.2213,79.7225,58.1663,,,,,,,
,,,,,,,65.8027,68.4383,48.3756,,,,,,,
,,,,,,,73.1588,59.0688,38.2084,,,,,,,
,,,,,,,63.3765,64.4453,54.0391,,,,,,,
,,,,,,,54.8618,42.7052,19.1906,,,,,,,
,,,,,,,44.7729,56.6813,55.4846,,,,,,,
,,,,,,,48.0182,51.5168,29.2449,,,,,,,
,,,,,,,31.0471,38.052,21.4728,,,,,,,
,,,,,,,40.4268,30.1575,34.7381,,,,,,,
,,,,,,,40.0771,33.3553,23.142,,,,,,,
,,,,,,,5.9182,15.8875,25.8467,,,,,,,
,,,,,,,20.7375,62.5189,21.2281,,,,,,,
,,,,,,,12.7153,22.1765,5.7628,,,,,,,
,,,,,,,15.9378,4.2452,19.7828,,,,,,,
,,,,,,,29.5282,35.3754,23.4276,,,,,,,
,,,,,,,20.4843,32.7682,8.7205,,,,,,,
,,,,,,,29.9466,28.6999,53.7566,,,,,,,
,,,,,,,23.002,54.6493,24.8614,,,,,,,
,,,,,,,52.7002,60.8608,38.6985,,,,,,,
,,,,,,,79.6268,265.6022,57.5456,,,,,,,
,,,,,,,39.25,317.8024,143.522,,,,,,,
,,,,,,,30.5867,314.2942,67.8087,,,,,,,
,,,,,,,94.2618,77.4589,81.141,,,,,,,
,,,,,,,12.9236,251.7281,121.873,,,,,,,
,,,,,,,111.5555,72.8787,17.7187,,,,,,,
,,,,,,,94.2664,38.4885,45.8821,,,,,,,
,,,,,,,48.4995,125.8088,49.7767,,,,,,,
,,,,,,,26.4826,83.0836,55.5821,,,,,,,
,,,,,,,111.4859,7.1857,47.2226,,,,,,,
,,,,,,,61.7394,95.0227,35.3574,,,,,,,
,,,,,,,54.6835,64.1902,16.8261,,,,,,,
,,,,,,,64.1089,44.6374,76.6534,,,,,,,
,,,,,,,60.369,66.7187,22.7857,,,,,,,
,,,,,,,46.5484,76.8765,45.1336,,,,,,,
,,,,,,,41.2752,30.0062,16.198,,,,,,,
,,,,,,,32.5929,45.6566,59.8932,,,,,,,
,,,,,,,56.0003,94.4498,35.3938,,,,,,,
,,,,,,,61.5081,22.4617,42.4819,,,,,,,
,,,,,,,25.0704,42.5039,10.0644,,,,,,,
,,,,,,,15.6975,30.0963,64.7503,,,,,,,
,,,,,,,9.8481,36.726,5.872,,,,,,,
,,,,,,,47.2133,8.5481,24.9905,,,,,,,
,,,,,,,21.1463,40.7692,35.099,,,,,,,
,,,,,,,28.2605,21.4463,2.9968,,,,,,,
,,,,,,,36.4147,66.753,26.5113,,,,,,,
,,,,,,,20.0669,23.6014,46.35,,,,,,,
,,,,,,,58.1554,81.4195,26.9435,,,,,,,
,,,,,,,14.7991,61.9424,18.774,,,,,,,
,,,,,,,60.3577,41.4381,50.2668,,,,,,,
,,,,,,,15.6821,13.1636,16.5538,,,,,,,
,,,,,,,40.8249,91.7949,35.0024,,,,,,,
,,,,,,,31.0579,74.2849,5.3143,,,,,,,
,,,,,,,60.8635,90.278,23.0969,,,,,,,
,,,,,,,42.579,96.072,30.3689,,,,,,,
,,,,,,,30.8617,14.6858,53.5014,,,,,,,
,,,,,,,50.8598,60.2547,14.2788,,,,,,,
,,,,,,,59.8204,90.4885,25.1103,,,,,,,
,,,,,,,30.9299,48.313,57.3608,,,,,,,
,,,,,,,57.7207,107.8524,19.0487,,,,,,,
,,,,,,,46.273,10.3092,47.0295,,,,,,,
,,,,,,,52.8683,61.468,47.912,,,,,,,
,,,,,,,59.4342,44.3111,46.1159,,,,,,,
,,,,,,,40.3204,75.8545,27.3548,,,,,,,
,,,,,,,52.5603,63.6857,70.9034,,,,,,,
,,,,,,,62.1449,53.2996,44.8002,,,,,,,
,,,,,,,63.4264,65.5246,80.4252,,,,,,,
,,,,,,,63.609,61.1763,57.7977,,,,,,,
,,,,,,,63.6806,29.1659,68.4663,,,,,,,
,,,,,,,59.164,108.274,71.2637,,,,,,,
,,,,,,,80.1815,68.0921,42.8887,,,,,,,
,,,,,,,68.794,53.6661,74.0209,,,,,,,
,,,,,,,86.3831,71.0956,74.3881,,,,,,,
,,,,,,,66.2532,74.7652,79.3992,,,,,,,
,,,,,,,92.7773,102.4986,72.0653,,,,,,,
,,,,,,,74.8346,112.7276,85.9305,,,,,,,
,,,,,,,91.2465,83.6248,72.0578,,,,,,,
,,,,,,,67.4276,80.7111,85.3875,,,,,,,
,,,,,,,113.0217,85.6157,83.7066,,,,,,,
,,,,,,,101.6631,97.2977,90.443,,,,,,,
,,,,,,,83.2227,90.8075,86.8286,,,,,,,
,,,,,,,85.2325,90.3796,71.9981,,,,,,,
,,,,,,,83.3938,95.2159,91.4675,,,,,,,
,,,,,,,82.2654,97.6511,63.4741,,,,,,,
,,,,,,,103.0919,50.867,81.0474,,,,,,,
,,,,,,,76.4684,99.9343,78.0529,,,,,,,
,,,,,,,81.5026,76.3163,50.986,,,,,,,
,,,,,,,75.4731,93.6767,88.0395,,,,,,,
,,,,,,,85.9927,60.0529,55.723,,,,,,,
,,,,,,,69.8518,66.8998,58.9744,,,,,,,
,,,,,,,65.7375,79.3383,52.5592,,,,,,,
,,,,,,,38.5432,41.4809,51.2686,,,,,,,
,,,,,,,62.8583,63.2487,46.805,,,,,,,
,,,,,,,46.8818,45.7374,33.2449,,,,,,,
,,,,,,,55.2059,51.5384,43.3417,,,,,,,
,,,,,,,22.4411,25.7889,31.2939,,,,,,,
,,,,,,,39.4615,21.703,34.5887,,,,,,,
,,,,,,,17.7264,39.5018,8.0349,,,,,,,
,,,,,,,18.393,15.2475,35.1709,,,,,,,
,,,,,,,7.4951,12.4395,4.5837,,,,,,,
,,,,,,,5.6633,8.2716,20.2504,,,,,,,
,,,,,,,11.7064,12.9596,4.7012,,,,,,,
,,,,,,,20.4109,24.4976,3.3363,,,,,,,
,,,,,,,16.7995,15.1073,19.305,,,,,,,
,,,,,,,27.7079,21.7665,17.1498,,,,,,,
,,,,,,,25.6639,26.1324,27.0272,,,,,,,
,,,,,,,25.2008,26.6889,8.1509,,,,,,,
,,,,,,,35.2357,49.2106,21.524,,,,,,,
,,,,,,,40.2387,31.8196,33.4735,,,,,,,
,,,,,,,36.8835,38.3373,21.8509,,,,,,,
,,,,,,,51.5223,45.2977,37.2592,,,,,,,
,,,,,,,36.8369,45.9983,33.763,,,,,,,
,,,,,,,50.3026,46.7198,29.9728,,,,,,,
,,,,,,,50.143,41.8824,33.9076,,,,,,,
,,,,,,,46.0889,50.4434,32.3339,,,,,,,
,,,,,,,53.2567,54.088,52.5935,,,,,,,
,,,,,,,40.3153,44.1307,20.9909,,,,,,,
,,,,,,,48.0505,52.1575,28.6219,,,,,,,
,,,,,,,48.7152,38.7631,34.2169,,,,,,,
,,,,,,,41.9613,40.7577,40.9434,,,,,,,
,,,,,,,36.2187,48.5071,23.6112,,,,,,,
,,,,,,,37.3174,26.8461,34.8096,,,,,,,
,,,,,,,45.3896,40.6341,29.3158,,,,,,,
,,,,,,,18.6556,28.0836,30.1298,,,,,,,
,,,,,,,40.9336,32.1996,27.2189,,,,,,,
,,,,,,,19.4948,27.6336,19.5079,,,,,,,
,,,,,,,20.8561,20.2961,33.4341,,,,,,,
,,,,,,,24.2704,16.4744,7.7629,,,,,,,
,,,,,,,12.7447,20.7436,25.5737,,,,,,,
,,,,,,,3.8344,14.1629,26.5543,,,,,,,
,,,,,,,18.1769,8.2753,9.086,,,,,,,
,,,,,,,8.14,9.3154,25.4647,,,,,,,
,,,,,,,5.8642,3.2377,11.1164,,,,,,,
,,,,,,,5.2293,3.8951,14.0837,,,,,,,
,,,,,,,8.6835,15.2252,14.7607,,,,,,,
,,,,,,,7.4768,11.1917,11.7089,,,,,,,
,,,,,,,16.6534,13.32,17.6295,,,,,,,
,,,,,,,11.1119,14.8226,1.7686,,,,,,,
,,,,,,,20.3387,6.1016,17.0462,,,,,,,
,,,,,,,14.0676,25.3788,13.2248,,,,,,,
,,,,,,,24.1573,18.1916,7.4371,,,,,,,
,,,,,,,7.9912,14.0436,18.1273,,,,,,,
,,,,,,,25.2175,16.4152,4.5301,,,,,,,
,,,,,,,15.8827,22.9484,13.418,,,,,,,
,,,,,,,19.9725,14.8404,10.152,,,,,,,
,,,,,,,15.1358,25.1952,16.5488,,,,,,,
,,,,,,,18.9175,12.5291,8.1846,,,,,,,
,,,,,,,19.7934,23.5265,11.705,,,,,,,
,,,,,,,19.9919,18.6189,8.0702,,,,,,,
,,,,,,,4.7799,19.9807,14.5843,,,,,,,
,,,,,,,21.846,17.998,7.2167,,,,,,,
,,,,,,,9.5955,8.1604,11.6688,,,,,,,
,,,,,,,8.0127,7.9887,14.0965,,,,,,,
,,,,,,,10.146,17.1924,10.3538,,,,,,,
,,,,,,,12.4921,9.7764,18.4983,,,,,,,
,,,,,,,10.5868,8.0652,9.158,,,,,,,
,,,,,,,9.9769,8.87,11.91,,,,,,,
,,,,,,,15.5375,19.6595,11.4579,,,,,,,
,,,,,,,12.9283,10.447,10.5036,,,,,,,
,,,,,,,21.2437,18.9156,19.6392,,,,,,,
,,,,,,,8.8588,13.7928,11.4428,,,,,,,
,,,,,,,28.5705,21.9001,25.546,,,,,,,
,,,,,,,19.1185,17.1235,9.9074,,,,,,,
,,,,,,,26.8691,25.6732,18.2654,,,,,,,
,,,,,,,11.9082,21.128,17.0415,,,,,,,
,,,,,,,29.0523,28.2487,15.2791,,,,,,,
,,,,,,,27.5693,24.7395,25.4761,,,,,,,
,,,,,,,33.4948,28.3267,12.059,,,,,,,
,,,,,,,22.1396,20.9989,22.7341,,,,,,,
,,,,,,,29.9713,36.221,27.8339,,,,,,,
,,,,,,,22.6481,16.1241,19.6488,,,,,,,
,,,,,,,37.7857,30.5704,28.5546,,,,,,,
,,,,,,,25.0824,26.4966,10.478,,,,,,,
,,,,,,,23.7612,21.0774,28.8064,,,,,,,
,,,,,,,24.4409,32.6183,23.0516,,,,,,,
,,,,,,,23.5317,28.7104,23.5574,,,,,,,
,,,,,,,23.6206,13.2625,25.749,,,,,,,
,,,,,,,28.8198,31.9284,22.5437,,,,,,,
,,,,,,,20.1033,20.2097,20.1733,,,,,,,
,,,,,,,29.947,26.9943,20.9342,,,,,,,
,,,,,,,17.6706,16.0055,25.1958,,,,,,,
,,,,,,,22.8753,26.2943,22.7416,,,,,,,
,,,,,,,23.5939,15.4504,27.2099,,,,,,,
,,,,,,,22.3241,34.9414,21.2854,,,,,,,
,,,,,,,31.497,22.2098,30.469,,,,,,,
,,,,,,,26.0379,33.18,19.1077,,,,,,,
,,,,,,,24.1987,28.3552,24.7606,,,,,,,
,,,,,,,38.7965,38.6117,25.6394,,,,,,,
,,,,,,,31.0922,29.3436,24.1199,,,,,,,
,,,,,,,40.296,44.1858,24.8081,,,,,,,
,,,,,,,41.5045,35.7583,25.1413,,,,,,,
,,,,,,,39.9918,33.3069,23.5632,,,,,,,
,,,,,,,40.8365,50.3183,25.781,,,,,,,
,,,,,,,44.866,45.9156,30.3025,,,,,,,
,,,,,,,47.4297,45.9065,32.7761,,,,,,,
,,,,,,,44.0808,42.2533,25.3347,,,,,,,
,,,,,,,52.0138,58.6107,25.7325,,,,,,,
,,,,,,,53.3944,45.8434,31.3073,,,,,,,
,,,,,,,40.6385,52.4956,30.0016,,,,,,,
,,,,,,,51.8548,48.4838,27.4721,,,,,,,
,,,,,,,54.6697,46.1598,37.8551,,,,,,,
,,,,,,,46.9916,53.0363,32.9154,,,,,,,
,,,,,,,54.5487,47.2388,29.4766,,,,,,,
,,,,,,,44.3993,52.0132,31.9283,,,,,,,
,,,,,,,50.886,44.5135,36.5525,,,,,,,
,,,,,,,42.9065,42.8287,38.9568,,,,,,,
,,,,,,,40.7439,49.0999,31.1335,,,,,,,
,,,,,,,46.8327,40.4983,38.9894,,,,,,,
,,,,,,,44.0589,48.109,39.4352,,,,,,,
,,,,,,,46.199,43.0896,44.335,,,,,,,
,,,,,,,39.1552,37.5747,38.0046,,,,,,,
,,,,,,,44.2345,45.153,49.8534,,,,,,,
,,,,,,,41.7536,42.606,41.8348,,,,,,,
,,,,,,,42.1721,45.0954,47.6026,,,,,,,
,,,,,,,44.8339,37.1999,47.174,,,,,,,
,,,,,,,45.9878,50.1603,45.6389,,,,,,,
,,,,,,,40.9606,48.4719,54.299,,,,,,,
,,,,,,,48.5318,42.479,50.8155,,,,,,,
,,,,,,,39.8524,41.7407,49.6944,,,,,,,
,,,,,,,44.9767,53.8997,50.0865,,,,,,,
,,,,,,,54.4306,45.1314,53.8419,,,,,,,
,,,,,,,43.7236,43.7045,58.2783,,,,,,,
,,,,,,,44.8076,44.1257,51.9743,,,,,,,
,,,,,,,44.2771,46.7234,45.6714,,,,,,,
,,,,,,,48.6444,40.4291,55.9431,,,,,,,
,,,,,,,39.2631,47.0809,50.464,,,,,,,
,,,,,,,42.6708,35.7934,46.6644,,,,,,,
,,,,,,,33.5958,44.1805,43.935,,,,,,,
,,,,,,,43.6279,33.1028,47.7998,,,,,,,
,,,,,,,29.4076,35.8045,42.6225,,,,,,,
,,,,,,,31.7131,36.1735,36.7756,,,,,,,
,,,,,,,33.6619,28.0386,42.7926,,,,,,,
,,,,,,,25.346,26.1238,39.1695,,,,,,,
,,,,,,,27.4683,28.1863,37.1669,,,,,,,
,,,,,,,22.539,29.0389,28.8947,,,,,,,
,,,,,,,28.3276,18.3931,44.4481,,,,,,,
,,,,,,,20.5644,27.9741,25.088,,,,,,,
,,,,,,,27.1031,24.946,38.9461,,,,,,,
,,,,,,,35.2149,28.1441,30.4564,,,,,,,
,,,,,,,33.4197,35.7196,34.9582,,,,,,,
,,,,,,,35.6435,39.4668,40.6992,,,,,,,
,,,,,,,43.014,42.4474,37.9319,,,,,,,
,,,,,,,42.5338,39.1404,43.4483,,,,,,,
,,,,,,,53.4212,58.2567,43.7564,,,,,,,
,,,,,,,52.5511,47.5727,52.2048,,,,,,,
,,,,,,,58.6431,58.6365,41.1422,,,,,,,
,,,,,,,61.5235,67.3353,52.0185,,,,,,,
,,,,,,,64.1905,57.0907,56.597,,,,,,,
,,,,,,,69.3119,74.8109,56.4937,,,,,,,
,,,,,,,75.3326,68.4699,59.3557,,,,,,,
,,,,,,,67.8965,71.1298,56.9522,,,,,,,
,,,,,,,74.2785,77.3808,63.2613,,,,,,,
,,,,,,,73.9101,75.6164,54.8171,,,,,,,
,,,,,,,77.0714,74.7455,65.4707,,,,,,,
,,,,,,,78.9847,76.3676,59.2021,,,,,,,
,,,,,,,72.3796,75.037,63.2956,,,,,,,
,,,,,,,73.3314,72.9744,59.9262,,,,,,,
,,,,,,,72.1333,70.7145,57.1692,,,,,,,
,,,,,,,73.8027,67.8665,54.9999,,,,,,,
,,,,,,,66.6537,70.4658,57.1199,,,,,,,
,,,,,,,64.8686,62.4778,56.7407,,,,,,,
,,,,,,,64.1158,65.1412,53.2782,,,,,,,
,,,,,,,55.6794,55.413,46.5053,,,,,,,
,,,,,,,59.6565,59.3229,47.6844,,,,,,,
,,,,,,,47.5245,54.9875,41.6406,,,,,,,
,,,,,,,50.6078,43.9437,41.9749,,,,,,,
,,,,,,,42.8311,45.0792,44.2744,,,,,,,
,,,,,,,39.555,38.2467,37.1102,,,,,,,
,,,,,,,37.1226,38.3603,24.731,,,,,,,
,,,,,,,31.3067,26.3474,35.2581,,,,,,,
,,,,,,,24.2315,30.2848,28.8954,,,,,,,
,,,,,,,19.6175,18.1879,26.9518,,,,,,,
,,,,,,,24.3531,19.0552,22.4259,,,,,,,
,,,,,,,15.6834,23.4684,22.2116,,,,,,,
,,,,,,,14.9061,8.8488,28.7713,,,,,,,
,,,,,,,6.3668,16.3358,10.5357,,,,,,,
,,,,,,,16.6954,7.11,25.5782,,,,,,,
,,,,,,,2.5395,6.5301,20.5216,,,,,,,
,,,,,,,7.0578,4.5836,22.6454,,,,,,,
,,,,,,,7.3748,13.7054,11.6848,,,,,,,
,,,,,,,14.7059,11.2269,21.2344,,,,,,,
,,,,,,,3.3146,7.8887,14.0138,,,,,,,
,,,,,,,12.8811,14.257,17.7475,,,,,,,
,,,,,,,7.8555,11.0439,14.716,,,,,,,
,,,,,,,13.3681,8.661,19.9128,,,,,,,
,,,,,,,6.0446,10.7775,17.291,,,,,,,
,,,,,,,12.8217,11.8088,19.8361,,,,,,,
,,,,,,,12.1624,11.3853,20.3744,,,,,,,
,,,,,,,11.1773,20.1958,14.0722,,,,,,,
,,,,,,,15.9509,16.6895,19.8187,,,,,,,
,,,,,,,13.3369,12.0152,24.3029,,,,,,,
,,,,,,,21.7651,22.9385,18.9296,,,,,,,
,,,,,,,20.3702,21.9037,27.6114,,,,,,,
,,,,,,,23.7072,28.28,27.1105,,,,,,,
,,,,,,,26.0633,19.7703,22.7035,,,,,,,
,,,,,,,27.5822,30.171,31.0511,,,,,,,
,,,,,,,28.0604,29.2588,31.4137,,,,,,,
,,,,,,,32.8218,30.8797,33.6951,,,,,,,
,,,,,,,33.2258,35.4144,35.5286,,,,,,,
,,,,,,,41.2694,37.8575,43.7317,,,,,,,
,,,,,,,39.2732,43.2354,37.3902,,,,,,,
,,,,,,,36.1688,38.5746,40.7448,,,,,,,
,,,,,,,45.9843,39.3997,44.9408,,,,,,,
,,,,,,,43.0646,45.6665,46.2177,,,,,,,
,,,,,,,45.93,45.721,44.7989,,,,,,,
,,,,,,,43.4083,42.7871,45.9326,,,,,,,
,,,,,,,46.4329,45.6621,49.2992,,,,,,,
,,,,,,,45.195,42.4824,46.7902,,,,,,,
,,,,,,,45.4362,49.8687,47.2103,,,,,,,
,,,,,,,41.755,41.911,52.0372,,,,,,,
,,,,,,,45.1693,45.1488,43.4964,,,,,,,
,,,,,,,46.7089,45.1051,48.0384,,,,,,,
,,,,,,,42.6539,40.1784,44.9751,,,,,,,
,,,,,,,38.5891,35.6303,46.4849,,,,,,,
,,,,,,,40.5062,39.801,42.2462,,,,,,,
,,,,,,,31.0987,36.3913,38.9523,,,,,,,
,,,,,,,39.2813,34.4266,40.0682,,,,,,,
,,,,,,,34.2324,38.6958,35.8887,,,,,,,
,,,,,,,26.7156,23.0738,30.8405,,,,,,,
,,,,,,,27.8773,24.7642,38.3259,,,,,,,
,,,,,,,24.0363,29.0897,29.422,,,,,,,
,,,,,,,19.0251,22.1214,23.9196,,,,,,,
,,,,,,,21.6732,16.4247,24.1954,,,,,,,
,,,,,,,18.7686,16.2054,14.4208,,,,,,,
,,,,,,,14.1204,16.4766,18.1628,,,,,,,
,,,,,,,18.0918,16.0291,8.1188,,,,,,,
,,,,,,,11.083,9.7683,11.4637,,,,,,,
,,,,,,,10.8634,12.9288,6.1498,,,,,,,
,,,,,,,10.3712,11.3656,7.4586,,,,,,,
,,,,,,,11.7601,17.9897,2.3139,,,,,,,
,,,,,,,12.7553,10.0055,8.9598,,,,,,,
,,,,,,,12.1672,12.4259,9.4561,,,,,,,
,,,,,,,12.3235,16.2956,7.354,,,,,,,
,,,,,,,15.8398,14.6968,7.4256,,,,,,,
,,,,,,,17.7405,14.247,16.2182,,,,,,,
,,,,,,,15.6569,15.7199,14.2867,,,,,,,
,,,,,,,16.8336,18.227,12.8164,,,,,,,
,,,,,,,15.5191,13.8237,17.3879,,,,,,,
,,,,,,,19.5347,23.5853,13.9929,,,,,,,
,,,,,,,17.9221,15.9796,19.8407,,,,,,,
,,,,,,,16.706,16.1653,17.0609,,,,,,,
,,,,,,,12.4392,17.3087,16.5356,,,,,,,
,,,,,,,19.9813,16.7511,17.1887,,,,,,,
,,,,,,,13.2199,12.0708,8.8016,,,,,,,
,,,,,,,19.7472,18.4776,15.383,,,,,,,
,,,,,,,12.4227,8.9584,11.0531,,,,,,,
,,,,,,,14.2046,21.2907,10.3973,,,,,,,
,,,,,,,8.1958,7.6113,5.3511,,,,,,,
,,,,,,,19.3601,16.1954,2.8777,,,,,,,
,,,,,,,9.2066,7.4099,4.1273,,,,,,,
,,,,,,,13.8272,16.0405,1.4506,,,,,,,
,,,,,,,9.6524,12.9473,6.16,,,,,,,
,,,,,,,14.3146,6.9728,14.1334,,,,,,,
,,,,,,,15.0971,17.523,9.5896,,,,,,,
,,,,,,,11.6332,16.4905,17.2745,,,,,,,
,,,,,,,14.1877,11.342,17.0427,,,,,,,
,,,,,,,16.7385,17.1321,22.5879,,,,,,,
,,,,,,,21.9828,20.0986,25.6344,,,,,,,
,,,,,,,13.2116,13.3024,28.654,,,,,,,
,,,,,,,22.0963,19.1799,33.2011,,,,,,,
,,,,,,,18.2834,21.7347,33.3127,,,,,,,
,,,,,,,21.9325,20.0461,33.9987,,,,,,,
,,,,,,,18.576,22.2341,40.1781,,,,,,,
,,,,,,,24.8046,18.5436,37.5848,,,,,,,
,,,,,,,18.7843,24.7117,40.3997,,,,,,,
,,,,,,,25.1206,18.8311,42.5512,,,,,,,
,,,,,,,23.9379,23.6421,41.7248,,,,,,,
,,,,,,,21.4914,19.2437,43.3666,,,,,,,
,,,,,,,21.0454,26.187,44.9955,,,,,,,
,,,,,,,17.3087,17.7403,37.3511,,,,,,,
,,,,,,,23.0584,21.9671,44.1019,,,,,,,
,,,,,,,20.1811,19.4044,34.9679,,,,,,,
,,,,,,,16.091,14.3479,37.212,,,,,,,
,,,,,,,19.0547,20.7356,37.6757,,,,,,,
,,,,,,,14.2844,11.7844,27.0043,,,,,,,
,,,,,,,15.3365,14.7939,30.6984,,,,,,,
,,,,,,,9.6883,12.0909,24.113,,,,,,,
,,,,,,,12.689,9.5857,20.8311,,,,,,,
,,,,,,,7.382,11.394,20.6059,,,,,,,
,,,,,,,6.0974,8,14.1078,,,,,,,
,,,,,,,7.1247,4.6902,12.8721,,,,,,,
,,,,,,,7.4169,9.1973,5.6682,,,,,,,
,,,,,,,9.5287,4.6723,9.578,,,,,,,
,,,,,,,6.1902,4.4271,6.2211,,,,,,,
,,,,,,,4.3616,10.4552,16.083,,,,,,,
,,,,,,,11.3817,7.2721,13.8913,,,,,,,
,,,,,,,9.3866,9.1067,16.951,,,,,,,
,,,,,,,13.1921,15.2046,19.5341,,,,,,,
,,,,,,,13.9744,13.2374,27.3201,,,,,,,
,,,,,,,14.3843,13.6532,27.2823,,,,,,,
,,,,,,,12.4711,16.8183,30.9954,,,,,,,
,,,,,,,25.6166,13.3746,35.9374,,,,,,,
,,,,,,,14.4953,19.1968,37.0161,,,,,,,
,,,,,,,18.348,18.1932,36.395,,,,,,,
,,,,,,,14.8786,15.8008,38.4547,,,,,,,
,,,,,,,21.6551,22.0373,40.9786,,,,,,,
,,,,,,,21.3296,15.697,38.7524,,,,,,,
,,,,,,,20.7906,18.6073,38.8994,,,,,,,
,,,,,,,12.1753,21.6743,42.2251,,,,,,,
,,,,,,,20.7027,18.4069,42.6494,,,,,,,
,,,,,,,18.6283,19.2677,34.2982,,,,,,,
,,,,,,,17.7834,12.8298,39.8812,,,,,,,
,,,,,,,18.693,19.6186,34.2998,,,,,,,
,,,,,,,12.9986,15.3401,34.0093,,,,,,,
,,,,,,,14.5997,17.2603,28.2916,,,,,,,
,,,,,,,18.2495,14.281,25.1019,,,,,,,
,,,,,,,10.5621,8.1863,30.704,,,,,,,
,,,,,,,14.6288,18.3748,18.691,,,,,,,
,,,,,,,15.2799,16.1553,20.9804,,,,,,,
,,,,,,,14.1119,11.5668,17.3142,,,,,,,
,,,,,,,14.2986,17.343,15.6044,,,,,,,
,,,,,,,15.6921,10.9006,21.1004,,,,,,,
,,,,,,,16.3524,20.8263,13.9021,,,,,,,
,,,,,,,23.6877,17.133,22.4254,,,,,,,
,,,,,,,16.2508,19.6047,20.1395,,,,,,,
,,,,,,,19.3241,18.4519,28.3449,,,,,,,
,,,,,,,19.8955,30.103,28.5406,,,,,,,
,,,,,,,30.3733,22.0023,29.4554,,,,,,,
,,,,,,,20.2731,19.5547,31.9337,,,,,,,
,,,,,,,28.4786,27.0996,40.8227,,,,,,,
,,,,,,,19.066,24.6599,33.4572,,,,,,,
,,,,,,,31.4615,31.0325,40.3195,,,,,,,
,,,,,,,23.7307,23.1807,37.4182,,,,,,,
,,,,,,,32.0377,24.4413,44.3838,,,,,,,
,,,,,,,21.0493,32.2245,43.3153,,,,,,,
,,,,,,,31.0396,20.7036,41.0053,,,,,,,
,,,,,,,26.3823,30.9736,42.9575,,,,,,,
,,,,,,,30.6748,21.6083,39.2936,,,,,,,
,,,,,,,23.1181,30.3479,41.3729,,,,,,,
,,,,,,,24.683,25.243,36.316,,,,,,,
,,,,,,,21.3913,17.8547,37.0039,,,,,,,
,,,,,,,24.1269,24.1953,33.9966,,,,,,,
,,,,,,,22.6337,24.8225,31.605,,,,,,,
,,,,,,,19.9734,16.4235,28.2416,,,,,,,
,,,,,,,19.9893,19.0299,30.6407,,,,,,,
,,,,,,,19.8325,21.9072,24.0964,,,,,,,
,,,,,,,12.4465,9.1613,18.6173,,,,,,,
,,,,,,,18.1869,27.1125,16.8653,,,,,,,
,,,,,,,10.4735,13.7642,17.6463,,,,,,,
,,,,,,,11.5321,12.6556,4.1991,,,,,,,
,,,,,,,10.7529,17.4162,13.171,,,,,,,
,,,,,,,12.434,2.6224,2.802,,,,,,,
,,,,,,,6.3605,6.4594,8.0873,,,,,,,
,,,,,,,7.5725,12.4299,6.8705,,,,,,,
,,,,,,,4.2854,11.2794,14.272,,,,,,,
,,,,,,,6.6745,8.23,9.0662,,,,,,,
,,,,,,,2.2487,1.4903,17.3566,,,,,,,
,,,,,,,6.553,5.9363,15.8042,,,,,,,
,,,,,,,2.727,6.492,18.7938,,,,,,,
,,,,,,,2.7294,1.4206,21.4714,,,,,,,
,,,,,,,1.4307,2.2908,25.4323,,,,,,,
,,,,,,,4.8163,5.1185,27.8662,,,,,,,
,,,,,,,5.6823,14.168,19.9316,,,,,,,
,,,,,,,4.2748,5.6142,29.1907,,,,,,,
,,,,,,,2.3978,14.6375,25.8991,,,,,,,
,,,,,,,6.5528,5.8816,23.5136,,,,,,,
,,,,,,,6.5457,3.0365,28.1776,,,,,,,
,,,,,,,6.3452,9.6186,25.2749,,,,,,,
,,,,,,,3.9542,4.6129,22.8625,,,,,,,
,,,,,,,11.3129,14.2396,21.3648,,,,,,,
,,,,,,,5.2929,3.4499,22.2101,,,,,,,
,,,,,,,11.0873,10.8251,22.6846,,,,,,,
,,,,,,,8.465,3.8054,13.8213,,,,,,,
,,,,,,,6.226,11.5881,19.8831,,,,,,,
,,,,,,,10.5541,7.3138,12.0713,,,,,,,
,,,,,,,10.0807,15.305,14.027,,,,,,,
,,,,,,,12.9621,18.8989,13.905,,,,,,,
,,,,,,,7.7013,10.2438,16.2843,,,,,,,
,,,,,,,14.4166,14.544,10.6725,,,,,,,
,,,,,,,13.246,9.7651,15.8685,,,,,,,
,,,,,,,9.4789,16.5605,15.4106,,,,,,,
,,,,,,,15.1771,10.4199,22.5804,,,,,,,
,,,,,,,12.8106,11.9658,17.6145,,,,,,,
,,,,,,,14.6749,19.9933,23.2903,,,,,,,
,,,,,,,14.7399,6.2165,20.1439,,,,,,,
,,,,,,,9.861,14.9946,26.5382,,,,,,,
,,,,,,,15.1619,19.8577,28.752,,,,,,,
,,,,,,,14.4314,5.469,32.1588,,,,,,,
,,,,,,,13.9379,14.9892,30.5732,,,,,,,
,,,,,,,14.0661,17.0464,34.5358,,,,,,,
,,,,,,,12.4528,8.3437,29.4746,,,,,,,
,,,,,,,15.4463,28.9767,37.16,,,,,,,
,,,,,,,15.0488,5.4729,30.1936,,,,,,,
,,,,,,,13.7797,18.4076,39.2097,,,,,,,
,,,,,,,18.2467,8.8477,32.121,,,,,,,
,,,,,,,16.0877,17.5191,36.8165,,,,,,,
,,,,,,,11.0059,16.5144,37.7234,,,,,,,
,,,,,,,17.8931,14.8156,35.3883,,,,,,,
,,,,,,,16.1955,19.6739,36.2318,,,,,,,
,,,,,,,20.0971,4.9858,34.582,,,,,,,
,,,,,,,18.1631,29.823,31.0696,,,,,,,
,,,,,,,17.6828,17.2606,33.2621,,,,,,,
,,,,,,,21.8785,27.4989,24.8551,,,,,,,
,,,,,,,21.0363,17.5445,30.6467,,,,,,,
,,,,,,,19.3855,28.9001,26.6655,,,,,,,
,,,,,,,24.0286,17.6521,24.6611,,,,,,,
,,,,,,,24.257,28.1884,23.874,,,,,,,
,,,,,,,24.8614,20.7876,23.418,,,,,,,
,,,,,,,25.3885,26.0887,18.0097,,,,,,,
,,,,,,,25.5848,30.861,20.1263,,,,,,,
,,,,,,,26.4292,22.1563,14.6569,,,,,,,
,,,,,,,27.8071,32.273,16.0081,,,,,,,
,,,,,,,27.4178,26.5945,14.8636,,,,,,,
,,,,,,,27.5549,29.5152,11.0277,,,,,,,
,,,,,,,30.1015,32.5979,12.4961,,,,,,,
,,,,,,,28.5746,25.2607,9.2082,,,,,,,
,,,,,,,29.478,33.1684,8.8789,,,,,,,
,,,,,,,28.6845,29.8215,8.4519,,,,,,,
,,,,,,,30.1507,27.5279,7.3841,,,,,,,
,,,,,,,29.4256,38.3068,6.719,,,,,,,
