Frequency(Hz),REC1.wav,REC2.wav,REC3.wav,REC4.wav,REC5.wav,REC6.wav,REC7.wav,REC8.wav
0,0,0,0,0,0,0,0,0
15.625,0,0,0,0,0,0,0,0
31.25,71.875,55.802,69.586,76.7419,45.2398,77.7519,88.2658,70.4158
46.875,74.3706,53.5052,64.9118,63.216,59.3366,56.5257,48.3989,60.1229
62.5,62.3175,33.6101,65.2257,62.5948,33.0118,64.7457,74.7915,65.8291
78.125,59.3015,46.269,64.4336,59.5658,50.9666,59.9285,61.4456,61.8296
93.75,55.5484,41.2787,52.9981,61.6588,35.0659,57.7779,38.6266,49.0994
109.375,59.0708,43.2692,49.3619,47.8044,38.1629,48.8888,59.4322,53.5854
125,42.2821,31.5558,47.88,47.3566,32.9106,36.6064,41.8324,49.4381
140.625,44.8288,31.3294,37.8469,49.0731,40.3913,49.9494,45.8723,39.5171
156.25,41.5967,27.5961,44.7529,22.8428,20.6895,36.7805,44.8605,31.1306
171.875,34.9447,33.3777,25.7157,34.228,35.5573,33.8655,22.9605,29.7326
187.5,23.0141,15.6108,26.4449,17.8111,22.17,11.2607,20.6894,37.142
203.125,18.4746,27.2751,19.3245,20.4804,16.8058,30.8464,15.8052,12.3352
218.75,21.0789,20.7895,20.2229,22.2845,20.2432,6.9807,22.0608,23.268
234.375,22.4406,16.5762,12.0649,13.0934,11.5711,24.4514,11.0932,14.6403
250,16.3615,28.5829,14.7527,8.2295,17.0029,9.3419,13.8507,15.0156
265.625,5.6425,13.2949,14.7666,13.2107,18.3899,17.2336,20.5489,23.6574
281.25,29.4314,29.7663,18.0692,27.6004,22.856,23.7156,24.1992,21.2375
296.875,22.6638,9.9125,31.4837,12.1644,7.8818,28.8696,32.3842,15.4968
312.5,37.5863,20.8836,44.6471,38.4828,34.3232,32.3561,25.4175,52.0205
328.125,22.2502,25.3945,18.9615,36.225,18.6503,24.1921,53.4156,6.413
343.75,129.0175,23.0753,138.6671,189.0277,127.5677,159.2142,8.1366,98.9051
359.375,53.8785,64.1845,64.5982,242.3013,175.5505,217.5588,94.2447,11.7623
375,85.1169,92.3656,80.3207,176.8565,86.0457,28.9557,125.588,66.9585
390.625,66.7134,97.5327,160.6494,122.8161,292.8521,84.458,126.6878,42.097
406.25,105.6633,49.6858,203.2418,80.3698,200.949,64.4617,130.6647,70.9908
421.875,23.4906,60.4762,84.7276,41.7918,306.1387,63.2729,118.3001,84.6257
437.5,139.8265,60.1687,277.9528,231.7233,273.012,144.725,101.4468,41.6637
453.125,42.3193,72.0138,36.6895,40.9889,92.987,35.6272,100.3808,75.4359
468.75,67.0396,28.4086,35.1626,39.9441,34.3919,71.8167,46.3536,71.3234
484.375,49.406,61.1063,93.0839,79.3116,55.7899,40.3343,75.4971,80.8554
500,74.1526,25.3584,62.8375,59.6451,42.1003,69.3446,63.4049,35.6712
515.625,30.5086,52.7014,64.58,54.6287,39.079,59.794,59.1858,72.9674
531.25,75.5671,35.3121,63.86,73.5269,29.6882,68.7781,42.1289,61.501
546.875,55.7159,54.0961,47.1385,53.4714,60.6174,30.6918,81.1323,55.7353
562.5,38.3536,20.6461,47.1469,40.4628,29.5473,55.0625,45.1349,48.6774
578.125,61.7206,49.6887,73.6765,43.2845,27.544,50.4651,40.164,43.3404
593.75,32.3218,18.1715,26.4311,45.7878,57.8407,55.0278,68.7927,56.4424
609.375,34.8406,40.2649,24.31,40.1806,16.8377,27.6359,30.5644,28.1029
625,42.7259,22.8517,73.8844,42.3301,33.5117,49.7835,36.79,41.1194
640.625,25.0097,30.3663,40.2142,27.8675,49.7985,19.6959,35.7829,31.9523
656.25,42.9698,36.0196,31.3977,26.2745,13.6334,37.312,11.4735,29.0262
671.875,13.5149,9.4919,26.491,41.8979,51.0148,15.4211,31.6094,2.3906
687.5,6.7789,30.18,15.956,21.5076,38.3469,4.5897,17.4522,25.3047
703.125,25.0134,4.538,19.3112,14.6643,9.1911,23.6611,6.6691,39.6085
718.75,20.1667,25.5855,14.1697,28.1689,18.2767,37.8849,26.1141,15.1879
734.375,38.9477,26.1755,39.6934,62.5049,18.2402,15.3364,30.2125,17.019
750,22.9451,34.0217,47.8065,23.4078,59.1836,27.9244,19.914,18.8449
765.625,28.3013,28.7415,37.0297,27.4591,36.9454,31.5945,37.559,30.909
781.25,11.7327,14.6105,28.2302,65.6582,50.1262,13.2754,28.9034,20.758
796.875,35.2974,39.6574,50.1193,51.9463,34.708,47.9635,26.9872,39.5231
812.5,43.627,4.3974,4.5035,61.7704,13.694,29.9463,62.3262,31.6616
828.125,41.9848,27.3933,39.3343,59.397,15.472,42.2849,33.0873,32.677
843.75,8.9265,9.6871,52.1491,20.018,52.1491,21.6487,30.4406,34.5901
859.375,59.8398,51.7176,30.3529,51.6313,5.8913,34.9924,58.1608,41.7196
875,35.7105,12.4132,45.805,37.732,35.0939,46.7041,29.4502,51.4426
890.625,48.3425,42.6692,48.0971,53.9664,36.0831,43.3787,56.0775,36.5722
906.25,37.0618,31.8378,42.9604,31.1388,23.4928,57.6133,30.0455,40.2038
921.875,48.758,35.6247,40.9378,58.3427,33.8331,29.5467,57.9764,42.2787
937.5,28.1771,37.2837,60.7614,36.5974,56.8991,51.044,39.4849,48.7585
953.125,66.515,38.1399,45.8087,48.7755,32.5522,42.3153,65.365,49.8058
968.75,48.0416,38.6698,51.3329,57.9906,50.977,59.7781,31.0637,58.8008
984.375,54.6515,48.1398,51.4506,42.1483,49.8265,44.7486,57.1503,47.5219
1000,46.5637,46.8632,53.4687,62.363,42.2585,62.7238,45.3582,58.9169
1015.625,51.0356,53.7583,65.0417,42.6534,43.9047,52.6201,55.4456,40.6068
1031.25,55.5774,54.1071,39.5369,55.4573,55.8063,50.4139,53.623,65.3913
1046.875,52.2803,47.7168,68.2272,75.2078,44.9839,62.0544,54.9965,58.821
1062.5,54.7294,52.0668,51.2482,45.2813,53.4551,45.379,66.3478,51.5956
1078.125,66.1048,73.833,62.3501,84.6196,74.1616,66.9256,62.8224,69.5612
1093.75,61.1311,44.7838,64.5582,65.2393,45.1468,58.4306,50.0708,64.7022
1109.375,73.5525,75.3668,64.0224,60.6162,77.0063,72.1631,77.3214,55.1529
1125,58.3613,57.0662,70.765,56.241,53.5174,64.9824,65.8574,79.771
1140.625,80.2594,80.3481,72.8551,84.9116,77.2811,76.5062,70.6452,78.0574
1156.25,87.3507,61.594,73.7332,66.9876,70.5858,75.2427,86.6745,70.3401
1171.875,72.0355,89.9129,70.6614,91.2209,75.9742,90.3099,75.7837,77.4363
1187.5,77.9761,57.3393,90.349,73.5044,70.47,59.6043,82.5519,87.0913
1203.125,86.7424,92.1579,83.3062,81.8894,80.0084,85.5212,77.8764,78.3656
1218.75,92.6519,73.496,83.6576,92.8944,82.9885,82.8854,88.9037,90.8824
1234.375,85.2718,82.3987,86.9531,72.9461,74.8466,86.0636,87.1438,78.621
1250,83.6794,73.6662,94.3425,98.7066,83.4338,94.6851,80.331,96.9024
1265.625,95.3914,83.0452,83.0861,88.6455,84.9747,81.2354,102.5875,83.3
1281.25,92.9612,80.908,88.3902,88.6817,81.4988,91.0935,91.8208,97.1646
1296.875,88.1123,80.2026,94.3473,88.5798,82.3736,92.8297,76.9721,82.3294
1312.5,77.6391,77.3843,81.6385,91.3863,63.0703,80.5192,85.5456,94.6483
1328.125,102.7701,80.5904,91.145,87.8941,84.2905,92.7749,92.9369,83.196
1343.75,92.8996,67.6043,91.3114,88.776,76.1004,77.963,88.2313,77.1406
1359.375,70.875,72.2697,75.6887,81.5085,57.9625,92.0165,74.0481,94.4425
1375,61.8336,77.8553,82.3525,80.5904,80.4096,79.633,83.325,81.0187
1390.625,104.2611,63.0687,78.6712,76.5286,65.0828,67.3525,80.536,74.0496
1406.25,66.0859,64.7724,68.3016,77.3363,61.7865,78.6608,56.2677,72.2574
1421.875,67.6751,62.5456,65.9747,62.5329,63.7622,65.5846,83.7195,70.1533
1437.5,72.8966,46.8053,65.1396,71.7701,52.2867,70.2956,67.1535,57.2278
1453.125,42.6166,51.037,59.1988,56.2418,47.3129,51.3323,47.5511,61.5459
1468.75,54.2023,47.1902,52.7511,56.113,55.4633,51.2984,46.0152,54.191
1484.375,57.7293,44.1892,46.6339,39.2295,28.9669,55.1909,51.0601,46.7327
1500,43.311,30.8931,36.7483,41.0043,47.5945,30.3218,43.216,34.0352
1515.625,26.7501,32.1672,47.6327,35.4255,23.779,43.4876,34.5266,45.4548
1531.25,44.6159,29.2502,8.3198,26.8474,27.6982,29.8203,21.876,23.6612
1546.875,13.6455,30.8135,33.254,21.2707,24.4762,22.9424,30.6209,24.2856
1562.5,28.0106,20.8348,10.1672,24.8808,21.9803,11.5464,13.2965,4.212
1578.125,11.0194,8.1593,17.8329,8.1748,20.5431,16.7026,4.5713,18.4441
1593.75,8.574,9.3635,4.2243,20.5457,10.7431,9.779,9.0754,3.8329
1609.375,15.3477,12.5089,3.2789,25.0673,5.7629,15.6445,15.016,4.3177
1625,5.9789,5.8253,14.8982,6.3858,12.8887,17.8501,8.9148,10.1223
1640.625,10.9106,18.5852,13.1065,6.5745,19.4872,17.1739,23.982,15.6277
1656.25,21.369,8.0146,23.4693,22.1045,19.1448,15.9129,13.9044,22.8889
1671.875,32.4148,24.71,25.8758,32.9859,18.4265,32.0601,29.3687,29.4667
1687.5,38.9889,16.2233,35.1636,29.3862,18.3242,30.6198,29.5901,24.1774
1703.125,32.4518,23.7741,34.4101,27.5442,25.0169,32.9104,41.0003,42.2475
1718.75,40.3224,28.8266,36.8727,44.3148,35.3712,36.3573,35.2721,38.9138
1734.375,41.2261,26.8016,39.7462,41.6652,30.7651,43.9381,42.0561,40.6147
1750,35.2233,35.1485,47.3099,44.56,30.4696,45.729,42.868,39.3685
1765.625,61.4034,25.1408,45.6167,47.0955,27.1814,44.3871,44.6218,46.1221
1781.25,21.2112,44.4042,48.8492,41.4237,37.703,40.7591,47.3413,53.8788
1796.875,60.6925,22.5207,39.7063,45.3976,39.1285,59.4884,39.6542,48.2652
1812.5,43.9939,36.6766,59.0864,47.3474,34.2284,35.9246,56.0445,38.3303
1828.125,57.4802,43.268,48.2008,57.3146,19.8724,51.3159,50.1075,55.8423
1843.75,47.0986,30.0768,49.3098,39.4564,49.1505,58.3675,43.1694,50.1545
1859.375,45.893,33.6793,43.3385,57.1754,33.014,39.9629,49.3682,41.5419
1875,49.973,31.126,41.8639,37.9559,26.2553,40.6132,45.2708,39.5988
1890.625,29.533,29.5892,46.3512,47.6406,42.7408,47.5145,49.2856,50.7741
1906.25,45.5658,31.6814,33.4302,31.5323,36.4718,37.0713,27.4085,40.676
1921.875,49.4451,34.9637,42.8275,49.4674,32.9228,36.5989,39.0511,36.1201
1937.5,32.5487,22.4637,33.5717,33.7301,19.2332,36.918,46.0835,37.062
1953.125,30.5876,33.2251,33.327,25.8549,39.0393,38.6849,33.7907,32.0926
1968.75,26.3721,23.6739,28.6587,31.0961,14.8837,17.989,21.5102,29.7226
1984.375,35.2396,21.3868,22.4334,27.937,28.8102,26.3145,28.161,25.3544
2000,21.8662,26.2935,24.0652,20.2216,19.8884,29.513,24.8542,21.5956
2015.625,26.1301,17.1519,15.5829,24.9338,28.7327,14.8469,14.4824,19.0773
2031.25,11.6772,19.7463,14.6882,10.9507,25.5021,27.1711,19.4923,11.8983
2046.875,6.9645,19.2635,16.1137,12.5176,13.8454,11.6238,9.6248,9.7007
2062.5,18.4783,23.6219,9.9186,8.0383,10.1836,11.4872,13.4488,7.4623
2078.125,20.5514,12.4514,11.2166,12.7149,28.2461,14.1776,11.7286,23.9287
2093.75,8.0029,19.6243,8.422,6.3257,10.9314,12.5609,8.55,10.8233
2109.375,8.3525,11.8652,7.617,8.0855,13.7995,11.2214,5.8019,8.0271
2125,12.1636,16.6356,5.0974,10.5629,19.7795,14.6612,11.5677,6.1989
2140.625,4.994,12.4307,6.3018,8.308,18.8763,3.947,6.1776,10.4039
2156.25,10.3989,14.4202,14.1982,20.2207,24.0862,14.1744,17.761,16.8068
2171.875,15.5168,15.0672,8.2899,14.3027,6.619,13.519,14.6195,16.0619
2187.5,18.3485,11.5387,15.2466,16.6924,14.1304,22.2308,15.5501,12.8095
2203.125,10.7772,14.6163,18.1436,21.9864,16.4505,14.0692,10.8992,22.1591
2218.75,16.5373,9.4382,16.4888,9.2083,11.7999,15.7794,26.3397,13.5525
2234.375,18.7062,11.9712,14.6854,22.0923,9.0154,13.0107,14.7894,24.8031
2250,13.0302,5.8007,28.5592,17.5882,14.0769,28.4898,19.3922,18.164
2265.625,30.6978,21.4351,12.0742,24.0201,18.9845,19.0434,16.1834,18.8782
2281.25,14.4841,3.4987,17.7555,11.2385,2.1579,13.049,19.4659,12.4458
2296.875,17.7835,13.926,18.6042,20.7457,18.7532,24.7614,16.3086,26.369
2312.5,21.757,9.1297,13.9805,27.7198,21.4205,16.019,13.9758,10.2303
2328.125,11.0122,20.4729,20.5488,15.0584,6.6331,15.4936,23.2263,16.9643
2343.75,15.1779,11.3991,15.3297,15.6404,18.0129,20.1816,14.6349,16.4307
2359.375,21.7502,13.3033,16.6374,13.3149,14.5074,13.299,13.965,20.6021
2375,18.6193,12.5718,24.9467,14.7062,12.5272,12.0828,15.9943,11.2165
2390.625,15.9934,16.2767,15.9908,12.4142,12.5127,16.9464,17.2929,19.9933
2406.25,10.5184,6.696,8.8299,9.5477,4.9556,5.1926,10.0372,5.4201
2421.875,5.0513,11.0716,9.0757,11.0359,19.032,10.4872,3.8943,14.5996
2437.5,7.937,18.8837,12.6935,12.1376,10.7549,12.7301,20.4988,6.4506
2453.125,16.4079,2.2292,8.5003,2.5574,14.7451,13.4785,7.6019,14.6012
2468.75,7.2807,19.857,14.3218,23.8875,15.7024,12.0488,11.8878,10.9496
2484.375,24.4872,15.2778,11.6121,5.8615,5.2582,10.7027,14.8206,21.3218
2500,13.473,9.8677,22.8945,23.9023,20.6645,14.2472,19.0058,18.096
2515.625,17.8931,12.3367,10.0971,18.6969,7.342,19.9523,8.2499,14.7094
2531.25,18.889,14.4344,21.7109,17.5369,23.0946,17.0902,21.0262,25.4718
2546.875,24.3075,20.1277,27.1521,19.1555,12.0297,22.9307,28.5723,14.0001
2562.5,15.0293,15.0566,21.4818,23.7439,15.6971,14.0446,13.5762,26.54
2578.125,29.1106,14.9938,24.3726,24.7945,27.2731,29.2116,26.2311,24.456
2593.75,22.9122,21.4246,26.7676,24.1449,7.3646,25.1913,28.0249,30.533
2609.375,21.8488,18.6667,24.0196,27.346,20.6388,21.2484,23.5483,21.2606
2625,21.9876,15.4992,25.9363,19.1252,22.3812,36.1032,25.9772,29.9078
2640.625,32.2755,25.329,25.7389,27.9162,18.3759,23.9079,27.1269,24.9372
2656.25,26.1232,14.5407,35.5888,32.3315,15.9635,20.1709,32.0583,31.3734
2671.875,32.117,28.1937,29.4321,24.4926,24.8161,35.1535,18.5403,25.676
2687.5,27.4005,19.8152,22.8329,27.6767,21.6389,33.6266,41.3847,36.5779
2703.125,25.4155,21.2653,29.4309,32.0549,23.3504,16.4923,17.9786,22.4102
2718.75,34.7592,18.1023,24.3625,27.9997,18.8708,37.6351,40.7881,38.2591
2734.375,29.3517,26.6841,34.7662,27.7014,29.6332,26.7736,24.8791,19.4177
2750,30.5577,22.0958,19.82,31.5661,18.7653,20.5677,19.0571,29.4243
2765.625,16.5571,27.884,31.6114,28.2058,23.4279,26.9491,29.8038,27.8463
2781.25,28.5855,24.6865,19.6167,20.4236,21.9365,30.9585,30.2085,27.9993
2796.875,21.8131,13.5331,29.7619,26.7414,25.8812,18.9366,24.7732,20.7484
2812.5,28.972,33.9959,22.0513,20.7296,19.4205,25.7542,22.0319,23.1306
2828.125,25.5762,18.3736,24.1379,23.2944,23.8952,17.0286,25.5104,25.1799
2843.75,27.5567,22.7089,14.7782,25.5935,24.0326,30.6745,23.332,25.3257
2859.375,22.4656,23.6617,27.0053,23.7808,32.1204,23.0297,21.8548,20.9067
2875,21.1536,28.1028,27.9641,22.932,13.046,22.5643,30.9353,24.0693
2890.625,26.3884,20.9827,25.9103,24.0342,30.7049,24.4113,22.3526,17.7497
2906.25,29.629,27.3373,26.1845,28.0373,16.7983,27.1564,23.6117,33.2142
2921.875,27.2042,22.1562,27.7287,26.2675,27.362,29.7541,30.8213,26.1099
2937.5,46.7288,22.4344,29.1361,32.13,18.5659,31.3408,36.0345,36.3925
2953.125,25.538,28.0267,27.2445,35.5709,28.7892,24.5592,33.2508,22.979
2968.75,35.5034,23.9457,47.8777,28.5518,25.2377,43.2345,34.0445,44.8711
2984.375,35.3521,21.9359,30.425,40.5289,24.8438,31.8922,26.2462,35.0442
3000,40.3175,28.6331,44.7104,38.6561,22.7116,41.9968,49.7966,37.6112
3015.625,37.8319,20.6485,41.9403,44.7426,27.2662,44.1316,40.5449,41.8543
3031.25,49.6809,34.2229,39.554,38.8345,29.7328,49.0374,43.4364,46.851
3046.875,39.7292,21.1486,43.6614,40.6781,25.987,34.0165,44.9456,41.7978
3062.5,45.2597,26.5433,51.2987,53.1849,23.0094,53.2056,49.2696,49.0004
3078.125,46.7239,25.4465,47.2926,43.8532,26.8384,44.4175,47.5372,40.4363
3093.75,50.9183,34.9844,42.3571,57.3082,36.9208,49.7578,51.0461,56.6428
3109.375,59.7655,19.2257,54.6197,40.5293,20.3834,49.2952,44.3866,47.7466
3125,36.6429,38.5458,47.969,52.5868,30.2381,49.1511,52.6319,48.4053
3140.625,52.0779,27.1343,51.1849,47.94,34.9035,46.8036,56.4287,46.6641
3156.25,53.3445,30.4192,47.46,57.5976,30.5702,54.7343,44.4596,55.1145
3171.875,52.1879,31.5064,48.4957,44.9533,31.8056,47.0075,50.3344,48.5995
3187.5,43.8059,29.6667,53.1863,47.3585,33.8664,43.973,49.2592,48.9253
3203.125,48.9821,38.1506,46.5944,49.4437,34.9265,47.9483,46.699,50.295
3218.75,48.1602,32.1895,45.6634,51.6826,30.4646,56.309,45.7424,45.7954
3234.375,53.0783,41.0708,43.8965,38.9242,41.3475,38.0682,42.1405,44.543
3250,34.8471,32.0317,43.4336,51.1833,38.7333,55.3262,44.5758,42.7745
3265.625,50.6538,37.2257,48.6208,38.7676,35.2002,38.6607,44.6715,46.3883
3281.25,40.0615,43.0758,37.6332,52.8914,40.2566,46.7446,42.8091,42.5986
3296.875,41.5705,37.8177,53.397,37.2498,37.6457,37.2084,46.6289,43.2662
3312.5,42.8817,42.141,38.5163,43.3686,41.2162,45.9688,38.5819,39.4257
3328.125,42.8107,42.2526,38.4112,42.2427,43.9495,42.4101,42.8292,42.4297
3343.75,48.7357,48.6264,43.9815,43.7495,49.3746,42.5158,51.8448,44.6449
3359.375,43.5443,46.2237,38.5626,38.649,37.5295,45.5951,30.5263,39.841
3375,41.208,45.2824,48.7353,42.4145,57.2699,38.9206,52.6016,43.4345
3390.625,43.1955,46.562,46.5611,49.121,48.6415,43.1541,37.7604,47.0766
3406.25,39.1808,55.5038,39.8334,43.0995,39.8232,48.8872,43.5677,45.518
3421.875,47.5535,47.6382,50.5315,46.7281,58.0987,44.0373,47.7771,42.7886
3437.5,48.774,57.7099,44.2699,45.0572,52.5529,47.4002,46.518,48.4194
3453.125,43.3988,46.7992,48.7231,44.358,49.3312,45.8929,49.2621,49.2642
3468.75,53.7636,52.2374,43.2578,48.4372,48.4418,46.5788,41.2082,46.4843
3484.375,38.0301,54.3498,49.1618,44.7251,58.9124,46.7595,45.4317,48.4711
3500,50.514,56.4384,47.1811,45.1814,47.2511,41.296,51.2747,44.5505
3515.625,42.8371,49.0255,48.2844,55.654,52.221,47.6206,48.0268,46.6597
3531.25,40.9497,48.1062,43.7463,34.9979,47.2694,43.6542,46.4127,50.3908
3546.875,44.3208,46.8927,41.0435,48.8924,56.0871,45.1624,45.4378,44.5909
3562.5,37.9326,55.3383,44.2116,43.2634,47.664,42.004,44.508,39.9125
3578.125,43.5259,39.9445,41.6418,38.3347,51.4188,36.3589,37.0964,36.0549
3593.75,29.1206,44.7486,36.6679,42.4429,40.9607,44.9178,32.5772,43.4765
3609.375,42.4104,49.5073,29.7207,32.1564,45.7141,35.8923,38.9805,32.7914
3625,29.5917,36.7784,41.7937,38.9082,40.4681,29.553,35.0097,39.6312
3640.625,24.6915,41.333,25.8943,23.3941,38.702,29.0762,28.463,29.278
3656.25,32.0554,39.0343,29.9815,35.4892,42.8815,29.6098,29.5023,27.8266
3671.875,20.9624,31.9511,24.6102,20.0881,27.4945,22.1476,30.2997,27.9461
3687.5,26.8707,38.9768,24.3172,25.2543,37.6162,26.73,23.0872,23.3949
3703.125,18.7233,32.713,26.5115,27.4453,30.7288,27.4681,20.3114,28.6857
3718.75,30.929,36.2446,22.9918,25.278,38.8414,23.4654,30.2012,17.3471
3734.375,21.6579,30.6878,29.2174,24.264,32.1297,28.6505,24.6512,31.0978
3750,31.8614,33.9173,17.0839,35.2218,30.965,31.8463,28.2556,31.0957
3765.625,31.1903,37.5356,46.4469,30.5008,37.5029,30.9655,38.503,32.3339
3781.25,42.5798,34.9255,26.2063,42.9701,39.3986,36.027,39.0301,37.7018
3796.875,45.2523,41.0483,48.4215,41.0683,40.3863,44.6962,35.2169,43.3016
3812.5,46.4941,41.5571,41.9853,46.0041,39.3567,41.9194,52.3041,45.6684
3828.125,45.2495,45.1292,55.532,53.4353,53.4245,51.0021,45.4942,49.4739
3843.75,49.6724,49.1542,53.5464,54.1022,46.9153,57.9096,61.4577,54.2557
3859.375,70.3235,45.5397,54.5374,56.2387,50.5382,61.0399,52.1456,61.4992
3875,59.6183,55.9807,68.0387,62.3082,46.2316,60.6138,65.1524,63.3443
3890.625,54.4118,53.7734,65.1085,68.2132,57.6764,59.8291,71.5371,64.0182
3906.25,74.1206,55.3966,66.6718,66.1771,54.6721,72.3642,60.3026,68.7741
3921.875,78.0316,60.2446,71.0224,76.4984,54.5641,73.6687,71.5548,74.739
3937.5,61.4187,55.867,73.4781,70.2944,69.8249,68.7911,73.2849,72.7483
3953.125,78.4413,63.3842,74.9587,73.5983,55.4638,76.948,81.1198,72.1256
3968.75,74.6098,60.9871,74.9194,75.944,65.4556,70.0654,67.8998,75.3036
3984.375,77.0513,62.189,74.4078,76.9372,53.4206,79.3419,80.7235,78.4439
4000,71.1965,62.0761,78.8027,77.2337,66.8318,79.2243,75.9036,75.5783
4015.625,79.6169,60.3477,73.1183,76.6596,57.3969,76.2571,75.941,76.3562
4031.25,73.2601,58.5914,78.9334,71.1621,61.9931,69.6361,69.4534,73.9772
4046.875,67.5664,60.1821,72.3823,76.2056,57.8428,75.4159,74.3695,74.3039
4062.5,79.517,54.6869,70.5734,71.2092,64.4038,70.3446,77.814,75.7783
4078.125,62.0595,59.101,68.213,65.4955,51.6815,70.8525,66.0545,66.0438
4093.75,60.0147,54.0947,69.8232,75.4762,52.2448,69.581,61.0165,66.1033
4109.375,70.7426,52.699,61.6623,51.6874,56.9817,57.578,66.8633,62.4382
4125,55.6363,49.8865,54.9814,65.1412,46.6174,65.4873,60.209,55.2152
4140.625,56.1829,41.9332,59.5069,57.4142,47.9161,49.5979,55.5154,62.2273
4156.25,52.7173,48.2041,50.6513,49.4037,43.384,48.2995,49.9441,48.4188
4171.875,49.5943,39.2974,50.8284,49.6929,43.3053,56.8921,49.6587,50.9648
4187.5,37.5937,41.5129,39.574,42.6591,40.0551,41.577,43.8085,38.9115
4203.125,41.5915,38.4774,41.1103,40.6345,32.849,38.0512,40.7281,41.2415
4218.75,38.2956,29.2271,38.6371,32.0295,41.5573,33.7955,31.7737,32.6723
4234.375,25.771,30.7348,24.5997,32.5079,30.6623,33.7764,36.2905,36.1971
4250,33.9516,29.7079,33.61,26.0086,20.8297,25.5919,23.9416,23.4627
4265.625,16.1807,26.8456,18.1775,21.1837,29.3305,19.5486,25.8409,22.478
4281.25,22.6812,23.145,25.3731,27.2396,22.5035,23.8458,15.9875,23.8481
4296.875,17.9246,22.7127,11.1982,8.5036,26.3476,13.587,15.9308,10.6703
4312.5,18.7626,22.9656,19.555,19.8582,22.4791,13.7033,17.8358,14.6382
4328.125,11.0762,17.4525,2.1323,8.6217,15.2177,7.7829,10.4292,8.7156
4343.75,5.8843,16.0202,13.0484,6.0339,19.4437,11.2195,8.543,10.4071
4359.375,12.9882,26.6991,3.7555,6.6765,15.4276,7.1405,7.2375,1.4563
4375,7.889,13.9861,7.506,3.5555,20.2552,2.934,11.0638,9.9618
4390.625,3.5339,17.8794,7.3111,10.4697,18.0724,11.9638,5.2876,3.6286
4406.25,3.3003,19.6424,9.6651,3.791,19.9967,3.7753,7.3684,9.5591
4421.875,10.6993,12.8334,5.2157,14.0252,13.7825,6.579,7.6206,4.0994
4437.5,13.4192,17.9608,9.6269,5.734,16.2496,9.0183,10.4737,13.4709
4453.125,10.9504,16.9259,7.5251,11.5021,16.5414,13.2614,3.7244,9.4877
4468.75,12.4032,16.0661,9.2211,9.7661,16.7047,12.8603,14.5224,9.2602
4484.375,7.5697,16.503,5.2806,6.9091,16.7215,11.527,6.2483,3.737
4500,16.9964,21.4947,16.4754,11.807,20.2481,7.5824,18.1952,12.1563
4515.625,3.3579,13.7163,8.9689,15.6205,14.1004,10.1266,6.2473,10.486
4531.25,14.6351,16.6226,11.4472,8.9099,17.7963,16.1359,10.353,12.4269
4546.875,18.8164,20.5594,15.9211,12.8371,24.8993,13.0814,11.8184,14.2914
4562.5,19.1316,19.8108,12.9783,14.751,14.3467,12.9954,15.574,16.429
4578.125,20.0013,27.419,12.8222,19.4508,24.6704,23.5385,20.7417,16.4144
4593.75,17.3985,20.1875,28.4388,19.0702,20.5752,15.0962,15.2011,21.4169
4609.375,25.272,24.1676,18.7467,19.9597,32.8765,27.2058,29.5614,23.64
4625,26.6564,26.8567,27.4127,28.7855,22.5376,22.2106,23.0273,22.2373
4640.625,22.2972,33.5002,26.2128,24.7106,32.6021,29.6941,20.4295,29.4129
4656.25,30.3935,27.1453,30.3013,34.3247,30.0719,32.3112,33.0156,30.0911
4671.875,37.4315,36.6137,32.6791,31.8134,38.8704,33.0511,30.7805,29.5504
4687.5,29.9243,35.258,36.4391,32.5356,33.0571,32.8568,42.7493,36.9684
4703.125,39.2939,39.0213,37.7962,37.6482,37.3123,37.972,32.4737,37.2494
4718.75,40.4494,40.9896,40.0082,42.2475,40.6331,38.8227,40.7897,38.34
4734.375,38.1391,43.0178,40.1349,36.3536,44.0345,43.5424,41.0873,40.4376
4750,45.0529,41.1581,42.5409,41.805,41.261,38.9145,41.3505,44.6409
4765.625,44.1959,47.3203,44.2145,50.7562,48.1033,48.1849,44.1448,44.005
4781.25,43.8545,45.4541,46.2668,39.5414,47.5217,41.1789,43.1456,48.664
4796.875,40.1614,48.9155,44.5356,50.0287,43.9754,44.9839,43.0183,44.673
4812.5,47.1871,46.1499,45.9217,40.0985,54.8756,47.4761,51.2158,45.1618
4828.125,46.0236,49.28,47.4927,53.5301,45.1836,48.4791,49.2639,49.5328
4843.75,46.3375,52.6391,44.7164,41.5459,48.6199,44.3696,41.4242,41.7099
4859.375,43.0877,46.7105,45.7596,45.142,51.9309,49.5669,50.2662,49.7259
4875,47.6142,44.3397,47.711,47.2109,49.9551,39.9396,40.9084,44.7892
4890.625,33.7859,54.2828,40.2225,44.6011,41.7712,47.3249,48.0784,48.2128
4906.25,48.7133,41.3241,43.9426,41.7909,48.6928,43.9391,44.3831,37.5602
4921.875,40.2772,46.327,42.7232,42.3555,45.0928,44.3009,40.0603,45.5221
4937.5,39.3605,42.9968,39.2691,41.5197,41.1254,34.7821,39.7194,39.5092
4953.125,32.1469,45.3791,38.5643,34.8853,44.5793,41.8873,37.0324,38.7479
4968.75,35.5422,32.6805,36.6217,34.3466,35.7987,30.3325,35.3692,34.7102
4984.375,32.858,40.5802,26.0996,36.021,38.3928,32.68,32.6749,32.1214
5000,37.502,32.8396,32.9187,29.4981,30.9611,30.5068,31.627,32.8234
5015.625,18.0618,34.407,34.9703,30.5066,35.9967,28.9248,24.3452,27.8459
5031.25,25.0515,25.2179,15.6238,24.1643,27.1982,22.6098,28.6072,20.991
5046.875,25.9645,24.9678,30.8183,20.8766,26.292,19.3327,19.6333,28.6657
5062.5,15.5753,22.6367,14.5644,19.4061,20.3706,24.8888,19.8011,16.2492
5078.125,18.2961,20.2786,20.2882,18.7562,18.0384,16.9407,18.9514,19.9411
5093.75,14.4152,14.1011,13.8262,13.9714,16.7103,17.008,14.8227,9.8469
5109.375,14.7198,13.5309,14.7157,17.092,13.5882,10.5803,16.084,20.3885
5125,21.3269,11.9006,15.0059,9.0422,9.1651,14.5202,13.4641,8.1975
5140.625,2.1722,1.6605,9.7393,15.4416,7.2571,8.6665,7.5553,15.2234
5156.25,16.5603,7.3808,13.5482,6.3234,6.2987,12.4457,14.231,7.4005
5171.875,10.723,4.2407,8.628,13.0502,1.3089,9.8041,8.7875,15.6612
5187.5,17.1113,7.716,10.9803,12.5481,5.3843,14.655,20.4941,9.9526
5203.125,15.2311,2.4627,15.5584,10.2652,6.019,15.4082,6.7485,15.4123
5218.75,6.6412,11.707,14.8438,19.1294,13.6286,8.5633,19.5102,11.0587
5234.375,19.1322,10.5801,13.445,15.3702,9.0616,17.4717,15.8902,16.7502
5250,21.9595,15.6368,16.5318,12.677,13.7717,18.8,17.4191,14.9552
5265.625,16.26,14.275,16.332,18.9134,10.8584,15.5709,16.8517,18.5531
5281.25,12.7872,16.0616,21.2241,15.1663,18.0468,12.8979,18.4028,13.6664
5296.875,18.8555,15.8631,15.2395,19.2167,16.663,18.343,14.2815,22.2933
5312.5,11.3931,18.0464,20.0877,14.8555,17.1028,20.2909,20.6645,17.2014
5328.125,25.5621,15.5935,14.5083,21.5181,15.3811,12.5845,18.5979,13.7859
5343.75,14.5225,16.5134,20.5205,13.7572,20.4612,20.8417,14.8573,17.9374
5359.375,13.8668,21.0852,16.8516,20.3766,16.2939,19.8137,20.176,17.5416
5375,18.2971,13.2883,16.9784,17.9341,16.9533,11.7433,16.0581,19.0947
5390.625,16.212,17.3716,13.3456,15.4199,11.4456,18.8638,13.0633,16.6062
5406.25,12.9608,9.362,17.1629,12.8659,17.0996,12.9622,15.7575,13.5081
5421.875,17.505,8.8374,13.6515,15.7681,7.6435,13.8702,15.244,12.9239
5437.5,11.5582,11.9515,14.6801,13.5368,13.7482,14.5546,11.8178,12.4969
5453.125,14.6789,4.3686,9.0408,12.7086,4.2284,12.9385,15.258,15.7686
5468.75,10.0112,7.66,12.0818,15.4205,6.0882,10.8849,12.9252,10.9166
5484.375,13.4675,2.1744,15.7533,9.5332,1.6485,11.8107,7.1497,11.5554
5500,16.5947,5.7545,9.1247,15.2865,4.1998,10.9025,17.0259,12.1405
5515.625,7.181,2.7209,12.5253,13.5815,6.2336,11.9703,13.6456,9.63
5531.25,17.2948,12.149,12.0986,8.3892,14.1598,13.7321,7.4049,14.496
5546.875,8.3143,12.8721,13.6818,15.8935,7.2183,11.9072,14.7538,13.2356
5562.5,19.4553,13.2836,9.9606,14.744,20.583,15.7795,20.2749,14.5901
5578.125,16.4038,22.4,20.4165,13.8433,16.443,15.2139,10.1204,16.1043
5593.75,15.3809,20.5324,15.622,15.2505,25.0622,18.8213,13.4273,16.6544
5609.375,12.1948,27.4779,18.0473,21.1636,23.4052,16.4568,20.0743,13.938
5625,20.9674,25.0084,17.1907,20.5306,24.7919,16.9854,21.9156,22.277
5640.625,17.0309,35.181,19.3953,14.5915,35.2188,19.0001,17.3732,17.169
5656.25,21.2064,30.662,24.2771,21.9041,36.4566,22.1284,22.4458,22.3269
5671.875,19.1048,37.0951,16.3538,23.8567,33.1252,20.0839,21.975,18.9498
5687.5,20.2649,37.2944,24.378,21.3342,40.8253,24.2548,22.1913,28.9507
5703.125,24.354,41.1174,20.0415,21.6808,36.8259,19.8095,21.47,16.0009
5718.75,24.7592,43.0499,26.0451,22.6772,43.966,19.6963,23.698,29.2449
5734.375,16.5745,41.7434,22.9223,24.7801,38.9366,29.7472,24.0951,22.9478
5750,21.2649,42.4725,22.5355,19.3716,48.4714,19.7666,22.9992,22.9343
5765.625,24.9286,42.0143,22.492,28.0434,40.8736,24.0379,20.7334,21.8259
5781.25,14.9201,41.8334,24.285,21.6222,39.3552,19.9176,24.1519,23.5868
5796.875,26.2386,41.0679,18.9,20.8993,47.1977,24.0013,22.8368,21.2425
5812.5,19.0166,43.2968,20.2653,21.7119,36.0869,18.0384,20.4335,22.7556
5828.125,20.5708,35.9559,24.5438,22.1156,38.652,22.0042,19.0249,19.2897
5843.75,19.065,38.9469,19.4806,17.6105,41.7423,16.1365,21.3287,21.1664
5859.375,12.9787,32.8499,17.8615,13.7507,29.06,17.6104,16.5792,17.1826
5875,13.6891,33.5309,13.3322,16.772,37.1195,16.6644,14.8649,16.1024
5890.625,17.5335,27.4254,16.217,15.9698,28.6794,11.6865,17.0062,13.3781
5906.25,10.257,24.8826,13.1077,13.6061,22.0855,13.5249,9.477,15.4991
5921.875,9.9076,23.4466,11.4616,8.9488,25.3296,8.6176,11.6264,11.3944
5937.5,8.857,18.6259,7.1123,12.3519,24.4196,11.3229,9.7859,14.4995
5953.125,4.2482,14.8902,8.7016,1.6776,8.6599,8.5222,6.3041,2.8095
5968.75,6.0849,11.0433,6.734,9.8489,11.0113,6.3013,7.7106,7.6668
5984.375,10.6276,9.8964,6.5551,3.2043,10.5139,8.1272,4.6581,3.6976
6000,8.5606,5.0994,3.359,5.9898,5.7281,5.7426,6.9212,10.106
6015.625,3.8931,9.19,5.2239,3.9784,7.7614,5.3893,11.2083,3.6161
6031.25,3.2834,11.7241,8.9762,8.1278,8.6716,11.536,6.2043,10.7379
6046.875,7.8599,13.4686,8.2559,10.0164,20.1919,9.8389,6.017,3.0886
6062.5,13.4454,20.5459,12.6199,14.5785,16.119,11.4466,12.4415,15.2619
6078.125,11.1681,20.7043,10.9856,6.0684,19.2503,13.3156,13.387,10.5067
6093.75,17.0084,23.9525,13.6458,19.4627,28.7769,14.9945,14.3268,18.3579
6109.375,8.3813,33.3126,19.1262,11.6707,31.3668,11.3333,13.7457,10.1418
6125,23.3639,29.0702,14.3373,17.0718,31.6512,19.2859,18.5177,17.3871
6140.625,8.9275,34.8703,20.7198,17.5896,32.1945,17.1245,14.5587,20.3362
6156.25,21.7851,37.0922,16.1774,19.5103,41.6446,15.7037,19.5997,21.2095
6171.875,15.4438,36.1891,20.5648,18.8053,34.729,19.803,20.0123,16.0892
6187.5,18.1287,40.2087,18.9418,21.6205,39.9771,23.6289,21.2833,23.1301
6203.125,19.615,41.9631,19.725,21.0092,39.2416,14.4628,19.308,18.9061
6218.75,19.8853,39.8499,17.5206,18.8772,41.8174,20.487,17.0106,18.8467
6234.375,17.1107,39.3588,21.9262,19.4641,43.4466,21.929,23.0314,21.3912
6250,17.5758,42.3647,17.9875,18.7906,40.1354,17.1423,16.7441,21.0202
6265.625,23.27,37.7873,23.8859,25.1027,37.3396,19.7065,20.9547,20.6144
6281.25,13.0719,40.8713,14.8553,14.2206,39.732,16.6465,17.8217,17.2868
6296.875,18.0029,35.4925,18.1373,15.5961,37.324,19.09,17.7024,16.9164
6312.5,14.7807,36.4612,17.5319,21.8932,36.2459,18.2519,17.8335,19.75
6328.125,13.1038,30.6706,17.9664,10.1317,32.1998,13.695,15.4988,16.5015
6343.75,17.9403,32.0552,15.7771,20.7046,27.0185,18.1795,15.384,14.5042
6359.375,12.2261,26.334,13.7249,13.9821,31.0678,15.2865,17.0518,14.6297
6375,18.4008,25.3844,13.651,17.1189,24.0485,12.0239,13.7751,14.7582
6390.625,8.9812,22.2517,15.3662,12.9128,21.0551,13.4928,13.389,17.225
6406.25,20.1353,19.7527,13.6593,16.3074,19.6905,12.986,15.252,16.0913
6421.875,13.1349,18.6987,15.6728,16.5582,22.7948,16.4062,12.6925,13.1903
6437.5,14.9863,15.9561,11.5607,15.2675,13.3722,15.5845,18.0431,13.8279
6453.125,16.9325,19.3779,18.189,15.6843,17.7021,17.9648,15.9864,17.1339
6468.75,14.7032,18.2369,21.2719,18.1711,18.917,16.231,17.322,19.2505
6484.375,23.3505,15.9929,13.3485,18.222,23.5455,17.4543,18.3843,16.5331
6500,19.3939,24.9076,22.5538,18.9472,21.731,21.131,19.4292,19.5941
6515.625,21.8838,25.2885,17.6978,25.6375,21.9644,20.4078,20.6496,19.7914
6531.25,20.1891,30.3971,25.6308,20.88,29.5639,21.5108,22.7389,24.5073
6546.875,23.188,29.7489,21.5478,23.6099,33.3812,24.1516,21.4965,22.2145
6562.5,22.388,32.3879,23.9837,24.0344,30.8506,25.7143,26.3379,27.0784
6578.125,30.837,34.8044,26.6461,23.5961,39.1292,24.7673,25.1033,23.3715
6593.75,22.4782,38.989,28.0644,25.2139,32.6331,25.3238,22.6886,27.7124
6609.375,27.2074,39.3738,26.2876,29.0259,41.4849,28.2329,31.9749,28.4863
6625,22.8099,38.5559,27.0118,26.8886,44.0321,25.6494,28.8102,26.8924
6640.625,28.6239,41.5158,28.5135,29.4448,35.7588,30.1055,25.7973,27.3832
6656.25,28.3678,45.8875,28.3958,27.0266,45.3144,26.2661,24.2309,31.0943
6671.875,26.4005,38.5184,25.9727,27.7516,42.941,27.1524,28.8557,25.4305
6687.5,29.3758,43.677,29.5647,25.6003,35.773,27.7957,29.8297,31.8553
6703.125,22.2213,40.0986,25.901,28.2497,45.8348,26.8166,26.8992,24.1537
6718.75,25.6924,42.6201,27.8068,21.9113,41.1481,26.3434,26.414,27.4423
6734.375,21.5177,36.8861,25.2261,30.9656,37.9092,24.5814,23.9874,26.9328
6750,28.2246,38.5236,24.6382,25.1802,37.8469,24.9836,23.5312,24.2184
6765.625,19.3559,34.7451,21.2358,22.7189,33.1896,24.5377,26.3857,24.2713
6781.25,25.9904,33.8211,25.6527,21.8613,34.7337,21.5495,20.6925,21.2981
6796.875,17.5763,27.9836,19.817,20.0104,32.0663,19.086,23.0669,23.055
6812.5,18.6122,28.023,17.0599,20.7838,21.9935,22.7936,16.5649,18.8328
6828.125,17.0038,23.1523,19.8367,19.6793,25.2611,15.6062,21.2121,18.5762
6843.75,14.9619,18.9261,16.3934,16.0783,22.2653,17.3926,18.002,15.8224
6859.375,17.4289,18.168,14.6927,16.0032,14.6691,12.7714,11.1386,15.5738
6875,15.9063,13.4591,12.7743,11.3189,14.2842,12.7449,16.5629,11.1465
6890.625,6.2152,9.1724,14.5902,12.6979,12.1533,11.3117,10.6366,16.1839
6906.25,11.9151,9.3657,6.948,10.7077,2.8221,11.8361,10.5673,8.0495
6921.875,12.3997,5.2066,10.8353,8.7335,7.5157,8.5478,9.9486,12.1357
6937.5,6.5319,7.108,7.7118,7.9059,9.2984,9.9406,5.3661,6.2406
6953.125,5.5628,5.6479,5.1509,6.4986,8.0291,3.3357,4.3104,6.4859
6968.75,6.5896,13.3549,6.4469,7.2784,7.2491,7.2281,10.773,5.8658
6984.375,4.65,11.9218,2.189,1.6154,19.2733,1.8939,0.8907,2.8768
7000,3.9397,14.7047,4.2263,7.518,12.9623,5.9163,4.3065,3.7395
7015.625,2.534,20.4509,3.9222,4.9076,18.1122,3.5116,2.5392,4.7764
7031.25,3.5694,18.3468,3.7293,3.2321,20.7099,4.5963,3.8283,2.9867
7046.875,6.0972,23.3402,3.0718,5.6155,24.0461,1.0714,2.7181,3.0834
7062.5,1.6938,22.6291,3.6755,2.4162,20.0663,3.8931,4.9242,5.2438
7078.125,1.9921,26.7559,2.2906,2.0959,24.5122,3.6567,4.2808,3.9102
7093.75,3.9214,24.2274,4.865,4.8025,29.4897,5.1455,0.7852,5.7936
7109.375,3.7159,26.7568,5.6478,3.1003,24.7026,2.6396,6.9761,0.6025
7125,2.1006,25.3199,8.1669,8.6991,20.3066,5.0924,3.9407,6.9165
7140.625,7.75,29.2949,1.5989,6.1106,32.8917,7.5436,6.9572,5.0819
7156.25,2.8567,23.3555,10.0572,4.2827,19.198,5.7332,6.7832,7.3805
7171.875,10.7065,25.7772,5.0639,14.5754,28.7747,6.3393,4.5638,4.4654
7187.5,8.6015,23.6613,0.9719,1.6352,21.6864,6.4352,6.4298,9.0323
7203.125,6.0278,21.8279,12.1139,5.5828,25.1452,6.5254,7.4896,6.4161
7218.75,7.5114,19.914,7.365,11.9562,18.2156,5.5667,10.6247,6.9887
7234.375,12.5575,22.099,8.9959,11.0656,23.0281,9.8114,4.0449,8.9388
7250,7.4806,17.2574,11.448,8.6533,15.5004,7.8912,11.4729,7.1977
7265.625,11.4097,16.3029,9.856,10.3983,18.9505,12.5449,6.2222,10.5157
7281.25,10.4852,15.9073,13.1045,11.65,17.9893,6.0452,13.5698,10.3752
7296.875,12.044,11.9675,7.9554,11.4354,7.2912,12.6082,8.247,10.0669
7312.5,8.9978,12.5953,14.9454,9.0394,13.4423,6.9592,13.1525,11.062
7328.125,9.0698,14.6573,6.0416,12.7401,13.7415,16.5365,8.3769,12.0176
7343.75,12.8387,11.662,13.6861,7.1187,15.3999,8.8377,16.1059,9.1668
7359.375,11.6176,16.5795,12.937,16.4708,18.2709,14.9328,8.2045,12.3405
7375,12.1848,17.8342,10.1139,9.6386,16.2193,11.0151,12.8757,15.6824
7390.625,15.5441,18.1559,15.4968,13.43,19.2823,13.1113,11.5661,12.7525
7406.25,10.9231,21.7569,12.3469,14.2033,18.1117,11.4566,15.3264,11.5665
7421.875,15.6591,21.9502,13.764,15.3565,25.2032,14.5882,15.3535,14.5772
7437.5,11.6282,24.6455,13.1532,12.2217,22.1905,13.2617,10.9163,14.2881
7453.125,12.4849,26.0675,16.1986,16.1341,26.7613,14.2665,14.9119,15.437
7468.75,12.7458,28.518,11.5871,11.4313,24.4822,12.7295,14.3721,12.8123
7484.375,16.299,31.0653,16.8255,18.1696,39.8215,15.6601,14.705,15.5333
7500,11.9103,33.776,11.0399,12.3701,24.9735,13.6538,12.6262,15.0316
7515.625,15.4751,30.886,22.5358,16.0249,44.6434,15.5082,17.7494,14.4706
7531.25,10.0281,34.1602,7.4803,12.1439,19.5628,12.6389,11.7366,13.917
7546.875,16.5883,35.9553,18.8602,19.7529,37.1031,16.0513,15.3243,16.5579
7562.5,11.4062,28.6103,8.8723,9.5822,41.1142,9.8423,21.2009,15.4304
7578.125,14.2443,41.0089,25.6247,22.0664,34.5422,17.903,12.0163,15.8158
7593.75,13.7887,35.7055,18.852,21.9867,34.7543,20.6441,19.7545,13.4533
7609.375,16.3679,34.6269,10.277,10.1225,33.7688,8.2681,12.9358,19.5104
7625,16.5767,34.6248,20.7887,16.6995,41.2838,17.5318,18.0634,15.4127
7640.625,14.9305,36.5011,9.9406,22.6209,32.2317,22.8819,22.0314,16.7065
7656.25,19.0716,33.8877,23.1579,18.5977,44.3232,10.8365,12.255,19.0168
7671.875,14.0821,35.2966,14.188,15.5306,35.0618,19.0775,18.4585,18.0236
7687.5,21.6062,33.3579,27.7696,24.5721,25.2521,21.8578,20.187,21.6376
7703.125,17.4242,29.0302,15.1358,18.756,34.3634,18.8367,19.1108,18.2884
7718.75,20.2042,29.9113,22.5708,17.2328,31.1426,17.4307,23.7565,22.7657
7734.375,20.3995,29.1551,17.819,24.2974,28.18,23.6737,19.4286,20.0056
7750,24.2552,25.2071,22.7181,21.765,26.1165,20.805,21.309,23.014
7765.625,21.9744,26.9393,22.4626,23.986,25.3254,24.7246,23.8307,22.7495
7781.25,24.2205,23.3661,25.8277,22.3227,22.8686,22.0272,23.8774,24.6974
7796.875,22.6987,21.4131,24.5487,24.4811,22.9787,23.5729,24.7208,23.7414
7812.5,26.8008,20.5575,26.1549,25.1684,18.0168,25.5562,25.6539,25.1465
7828.125,27.4157,17.471,24.8112,26.3841,18.8098,27.8671,23.7655,25.7159
7843.75,23.6131,18.1319,26.7448,25.3934,17.1158,24.8881,26.6118,25.8311
7859.375,30.3801,13.7275,25.4129,28.148,17.6346,27.07,27.6579,26.1094
7875,28.2789,13.2861,27.1453,27.226,12.2261,28.1872,27.045,27.6028
7890.625,26.5981,14.1554,29.6745,27.5946,10.0915,28.4984,27.1056,27.4621
7906.25,29.9624,10.2573,27.795,26.9222,13.271,27.9721,27.6278,26.6745
7921.875,29.7174,9.2911,29.8602,30.3946,10.8994,27.4601,28.9232,27.3454
7937.5,28.9947,8.7472,25.1131,25.3267,5.81,28.9664,29.2875,29.4469
7953.125,31.769,7.5681,29.7754,30.9906,8.9717,30.5929,28.607,27.9919
7968.75,28.8205,8.153,28.5217,28.9508,9.8182,28.2447,27.6553,26.8964
7984.375,31.2383,6.4342,30.1682,29.3972,6.4477,29.3333,29.2691,28.485
