Frequency(Hz),REC0.wav,REC1.wav,REC2.wav,REC3.wav,REC4.wav,REC5.wav,REC6.wav,REC7.wav,REC8.wav,REC9.wav,REC10.wav,REC11.wav,REC12.wav,REC13.wav,REC14.wav,REC15.wav,REC16.wav,REC17.wav,REC18.wav,REC19.wav,REC20.wav
0,0,0,0,0,0,0,0,0,0,0,0,0,0,0,0,0,0,0,0,0,0
15.625,0,0,0,0,0,0,0,0,0,0,0,0,0,0,0,0,0,0,0,0,0
31.25,107.3958,99.3189,103.3811,94.2284,69.0915,72.5012,107.8801,105.2035,110.232,116.3749,112.846,110.2843,136.044,82.9938,73.5832,116.9111,102.3653,98.6829,52.1018,35.0135,66.115
46.875,125.6367,84.955,103.141,116.7455,100.3073,68.2619,106.7432,95.6206,92.7848,120.7768,103.0001,103.1682,94.7284,85.2812,69.7599,97.6873,70.9853,77.1587,44.8412,43.7024,49.6445
62.5,118.5154,78.109,112.187,105.4037,73.1377,102.5428,94.1268,103.1691,106.3636,86.8557,93.9956,102.9062,102.6495,67.978,72.0626,87.1979,69.6859,87.8014,37.6112,20.6837,53.1675
78.125,103.9813,99.1075,101.5729,92.0661,84.3003,83.2914,91.8025,88.1537,89.7647,89.9488,94.414,91.7269,85.0023,77.3199,64.3782,101.3994,89.82,63.3835,33.9334,35.5954,56.579
93.75,105.5336,79.509,86.6012,89.9699,66.689,57.4549,89.6077,105.9637,92.516,102.5192,90.1407,99.769,94.308,68.2529,65.7459,85.5581,62.461,69.0163,39.6692,34.2682,29.7376
109.375,90.2936,73.6995,91.5335,89.9101,77.9343,87.2688,89.3131,79.585,78.9159,79.1101,77.0866,69.3888,80.0938,69.7834,48.5463,84.5773,63.4288,64.4487,29.2899,30.1376,53.2144
125,95.3487,63.5928,90.4115,71.8319,62.4012,62.3374,76.0936,66.161,84.6008,69.3136,79.1665,83.5186,73.1612,62.139,63.8706,77.0179,68.5226,65.0482,43.3289,25.1188,37.177
140.625,74.7923,82.1546,78.2429,74.7926,68.121,47.0801,65.2371,78.0206,65.5365,81.9312,74.9126,65.5627,66.108,46.8067,46.0822,66.557,44.5231,45.1972,25.9402,32.944,36.3972
156.25,75.2556,51.5261,48.1363,70.7396,52.8583,56.5596,68.5856,58.814,58.3814,63.0327,57.9629,65.9043,54.0974,55.8068,45.7652,65.5417,58.9931,61.3172,28.6743,10.3765,49.6672
171.875,63.65,52.4555,73.3908,52.6268,46.6002,50.8304,53.6921,69.241,66.1918,45.5876,53.4625,53.2758,67.3631,54.6366,56.7209,44.6856,54.6698,32.6557,22.7665,27.8381,17.7341
187.5,54.5599,40.6235,30.1632,32.6044,49.8196,49.0016,47.63,32.9098,41.8231,61.9424,53.44,46.336,44.6361,33.5015,30.0602,64.9288,34.7345,60.2303,20.1663,25.3542,44.8437
203.125,46.0345,49.8025,58.9151,54.6368,23.4419,34.7043,45.0518,51.7498,44.9207,16.2055,24.157,45.0785,33.5899,38.3429,33.4658,24.6323,26.6297,23.2598,16.1336,7.0091,13.9225
218.75,35.158,19.7986,33.6277,40.9332,59.2995,72.906,27.3257,26.3833,25.2914,47.7748,54.5271,20.2124,41.2181,28.9667,39.9006,34.3911,43.1386,46.5751,20.1526,30.9078,23.6374
234.375,19.8565,41.6452,30.2276,21.0332,15.132,5.4401,37.6339,25.6548,30.0569,13.0324,5.5557,32.4415,13.1504,23.9369,30.1225,22.6589,24.5168,22.7267,23.0155,8.3638,2.8661
250,29.3531,24.4522,25.9501,12.7436,25.3742,22.195,24.7518,22.6668,25.357,16.8698,14.1554,31.5517,20.9294,27.445,19.9285,12.8641,31.1723,22.0995,14.4559,19.9198,35.4745
265.625,18.9426,7.049,5.7556,10.1402,31.2448,28.3374,18.9892,17.9452,5.7465,28.8012,29.4253,16.8388,9.0793,10.8159,15.0178,13.0277,2.4285,7.3076,10.0487,19.8134,24.3239
281.25,2.9611,31.5171,22.6605,12.8918,15.6155,12.6832,13.5001,16.7096,26.6741,18.9151,1.0602,40.4826,25.9794,22.6822,27.0316,12.573,18.0522,27.9379,20.4058,11.6126,8.192
296.875,24.2307,6.4641,19.8242,15.1045,27.7937,38.0772,7.5358,6.2658,33.2531,29.8489,34.4133,16.0173,63.462,2.2995,13.5994,28.3242,19.9749,7.8711,17.954,16.2577,14.2996
312.5,11.0141,37.5643,22.7174,35.5885,13.2135,9.9577,51.3477,38.1508,22.2743,32.3195,26.5594,20.4745,28.5865,20.506,14.8364,17.7841,12.6711,24.0749,8.173,29.633,37.2392
328.125,58.7909,39.8173,30.6197,37.8986,32.6063,41.5164,7.282,24.0575,58.2608,27.907,24.6834,45.0902,42.941,11.1018,22.9813,37.556,29.1452,15.8037,56.6425,35.3223,13.2956
343.75,24.341,43.4063,59.4785,39.5355,29.0956,16.0171,49.17,96.9521,8.4027,59.8832,54.5005,29.1519,47.5606,49.6073,22.9128,46.9876,12.2658,31.9682,14.689,28.3355,21.4098
359.375,59.5697,66.7463,101.331,16.3238,46.0052,108.4187,32.4258,43.8764,104.0534,28.6717,148.2924,83.5115,58.258,10.1003,23.1507,45.3871,36.9043,22.5185,66.6959,17.8889,20.9219
375,56.116,55.9103,103.6416,162.7859,24.8609,57.5905,102.7265,14.0344,65.6205,121.904,165.8392,39.8588,75.4841,77.7159,21.8392,50.6395,30.2175,57.9251,102.9762,51.6191,55.8883
390.625,31.4522,64.2603,116.8134,47.8541,81.1231,78.674,45.7258,117.854,79.2337,21.4146,111.5301,91.3334,47.4971,180.4293,25.9701,7.477,82.0229,19.7508,66.5407,95.9969,7.8076
406.25,74.9712,56.3503,69.2082,131.0091,79.5128,108.274,85.8747,90.5111,98.4549,51.3808,129.6618,89.5161,111.8502,19.6701,28.9263,138.4504,10.7478,84.1781,49.462,30.6332,64.5604
421.875,62.9328,71.2133,77.6817,58.7646,147.9365,26.6601,92.3449,82.0487,56.0637,82.5864,31.1365,53.9299,134.1149,56.9129,38.7448,78.8103,55.568,44.7932,22.8987,17.1699,21.1895
437.5,75.8254,15.821,70.7925,34.5006,38.2887,65.6693,72.7459,50.3947,72.313,33.3353,147.0901,71.1277,35.2154,47.7551,39.7146,60.3853,41.8098,12.229,35.7926,49.3785,36.0223
453.125,67.3666,88.2432,95.9864,89.4443,107.366,63.8424,41.371,74.3679,60.4955,76.3531,57.9409,82.9746,74.5919,64.8165,20.7116,67.8894,31.0653,90.7649,46.5564,33.6468,48.7036
468.75,71.9797,31.9034,59.8972,52.6308,25.11,31.4586,62.9447,63.7737,73.7148,56.4817,61.1764,88.1337,47.6522,43.1873,49.9691,72.3887,61.1646,29.0517,48.9098,26.4498,44.1537
484.375,60.257,54.13,90.2678,70.054,65.0693,63.7209,99.3788,77.6903,79.6154,80.7852,83.3354,78.5453,82.8346,57.6624,28.8531,76.7062,45.7947,40.2813,37.6993,35.0792,41.6831
500,91.6915,64.8727,76.4883,74.8943,53.8929,43.2796,54.7142,73.8786,72.8093,62.7723,64.8312,74.6921,58.3337,44.1314,39.5966,60.0172,31.6659,67.7894,50.7284,33.3768,41.8501
515.625,57.3055,21.8672,44.0557,72.7523,51.4219,72.2119,60.1251,49.3033,67.5551,77.7071,68.9949,65.0306,77.6953,45.0814,53.6773,59.6448,69.4089,38.7987,53.2741,9.9356,27.0447
531.25,86.0425,72.1662,87.9138,57.0479,50.5005,27.0507,52.0337,75.6664,30.9785,52.0721,57.0931,71.7124,70.9816,36.1854,26.5825,73.3032,44.6309,51.4467,31.8767,55.3729,43.8013
546.875,52.8511,40.0295,50.7775,64.4393,88.8497,58.3472,65.3641,79.1061,89.6714,72.3247,73.4016,50.1729,35.061,62.5337,30.0384,58.8948,63.4712,24.8918,26.0506,22.1763,57.6292
562.5,76.7486,63.8041,69.8183,63.2327,6.2534,20.1026,67.7739,21.1388,54.9318,39.8863,32.3589,78.9562,85.6425,44.458,47.4239,63.7201,52.1687,73.2943,28.0762,29.7433,13.3907
578.125,43.1854,34.0674,69.5944,59.9867,54.9331,82.9052,56.1433,66.7043,60.5542,90.8369,86.5129,57.2925,24.7187,51.6799,30.4477,46.3548,25.3215,29.008,53.8796,39.0354,47.666
593.75,58.5902,51.6924,34.5683,60.9264,67.5751,31.2925,55.3899,59.7957,56.0469,25.4167,61.6172,51.7947,76.8276,27.9164,33.9389,52.2241,37.876,34.3399,29.6064,18.4101,25.0348
609.375,40.5911,45.3127,63.0313,41.4483,16.887,62.9218,46.629,34.6551,28.3399,40.4444,11.1245,71.9303,13.8146,45.2147,48.0206,43.5915,49.8572,31.2464,37.7711,32.7554,28.0284
625,36.0773,16.4622,34.4063,46.1106,60.1703,42.4588,57.499,51.2113,58.3327,46.4124,75.497,18.7528,76.2592,27.0618,18.2522,54.224,25.0496,25.7563,33.0267,27.4418,29.3595
640.625,44.3426,68.7226,49.865,30.0009,40.1612,28.4635,5.4742,54.9105,10.9826,38.3174,24.2896,106.8672,20.8396,42.8244,25.2413,25.4876,43.5576,46.3488,14.8109,33.6194,23.3504
656.25,33.4418,13.4185,34.1663,27.2891,21.788,30.5877,27.5542,15.869,40.0419,32.6348,26.2268,117.5185,56.9251,23.0067,32.6722,31.4354,26.2755,14.2786,21.0724,16.4612,32.3838
671.875,26.4583,34.6025,3.1263,25.8927,23.4392,10.4218,55.9486,32.2827,21.7642,32.2865,23.5883,78.971,27.8003,28.0391,25.1391,22.7387,22.1606,19.0445,20.8191,17.5133,30.1528
687.5,9.4328,34.7398,62.5004,24.1351,43.6854,51.9346,29.1711,23.5763,33.794,3.8179,41.3619,42.7314,52.9613,24.8743,30.6863,9.1912,25.269,42.9179,32.2633,21.5538,16.9129
703.125,21.9678,35.7771,33.0853,16.1022,40.4365,10.9744,19.0969,29.2496,9.5157,31.2968,17.5048,12.752,27.0158,65.3221,19.732,49.674,37.6206,60.2852,7.1393,4.1047,14.8674
718.75,22.3614,18.7784,28.6174,9.4527,59.362,45.6774,39.9735,27.4955,18.426,25.7669,6.7081,32.5923,58.1017,56.2837,16.8832,31.0245,42.8775,34.9951,20.0582,43.4702,28.0404
734.375,13.7862,58.7121,21.282,14.3171,21.8216,59.8268,24.3417,12.8404,34.1368,32.2643,60.8821,36.8086,14.6131,9.1287,33.1147,15.5956,22.7531,37.5554,46.8304,19.5375,26.2775
750,35.9943,21.3004,10.1899,17.6205,27.1875,67.8052,36.5026,9.1427,38.6857,11.0797,20.8606,16.5005,52.3673,50.9374,15.0909,19.6945,14.2496,27.4776,27.1874,12.4706,19.1713
765.625,13.0536,13.3732,40.8865,43.654,24.9999,55.7779,30.1238,23.2165,19.1506,23.918,18.0007,50.3886,13.7553,16.4406,9.4431,27.8112,15.0096,22.2001,46.9022,33.3774,34.6358
781.25,24.1473,15.18,24.1822,10.7734,61.0825,14.2318,35.0741,64.7661,32.6247,38.5294,36.7944,26.1249,44.9115,82.7098,13.0868,31.7271,8.6531,20.5494,17.2249,14.6435,26.9655
796.875,38.1789,48.108,33.6855,22.1506,24.7193,18.9883,33.9591,27.4074,53.4455,46.0263,18.7132,41.0069,25.289,78.9131,30.9825,31.9943,27.5575,39.8,26.3381,21.4426,20.44
812.5,31.1651,19.4946,21.1305,67.5447,36.3722,49.7213,50.7531,32.9903,21.0008,310.4747,61.6485,69.5801,44.4214,22.9017,3.7923,43.4222,24.1044,15.7487,26.6717,10.4833,22.0336
828.125,31.5643,19.8203,70.1707,35.7781,41.1421,35.1953,25.6342,51.4679,18.995,467.9693,14.0772,24.8134,56.6572,15.3096,18.6754,60.1008,49.8967,41.7391,13.9757,27.352,21.8772
843.75,40.1385,31.8913,39.5529,19.8431,50.8279,47.4706,64.4637,25.4754,49.9388,146.7747,38.7467,38.8731,22.8849,42.6843,35.8816,33.5247,6.2642,16.379,15.822,10.9107,9.0971
859.375,32.243,22.661,40.2508,43.4437,62.4379,19.6794,33.3346,50.1581,33.7606,58.5628,44.6107,65.6973,37.9088,12.8928,18.8457,32.6513,36.0671,31.0779,44.1107,25.6976,36.0102
875,54.4183,32.362,41.4091,41.5634,23.4391,31.7825,48.7295,35.0794,42.7492,80.2067,45.6107,33.1416,68.2922,37.2521,18.3611,54.1039,24.9116,31.2949,14.8222,19.0131,9.894
890.625,52.0827,38.8109,56.3666,45.9053,53.2017,56.3542,44.9055,53.5769,48.2362,42.0053,50.4094,43.3954,72.9498,9.8261,21.6001,48.9303,24.3148,22.8505,15.9202,25.2059,30.772
906.25,55.6081,34.9078,49.7986,52.6572,50.0559,34.861,59.1261,53.4681,54.9186,6.7866,36.1173,46.703,29.2085,41.8373,17.67,39.7496,32.48,32.2339,45.4931,27.358,37.7077
921.875,50.9807,28.9888,41.642,44.5923,21.468,26.0834,42.0285,61.1198,43.7147,68.7585,58.7789,55.5122,58.3605,43.1098,37.1082,50.8301,38.7122,41.9975,19.4163,6.1071,17.2827
937.5,48.2552,45.3366,53.885,45.7474,56.2847,50.3206,53.8076,73.0468,52.6415,37.2952,37.096,64.729,45.5856,15.7353,19.6225,45.7445,42.1135,22.8042,39.0822,49.7459,43.7386
953.125,60.5965,32.7406,65.343,46.7687,41.1239,22.1937,25.626,40.0468,36.6334,66.1979,55.5599,53.8117,69.5476,47.9681,34.5519,54.8364,36.7026,36.2636,35.6176,27.0072,31.776
968.75,38.346,53.6871,49.662,54.4246,46.541,74.7195,63.3002,68.3282,64.5807,43.5167,54.7826,57.066,11.9752,48.4781,37.413,43.9983,42.8207,46.0736,39.0824,21.5783,36.0637
984.375,68.5,34.9041,49.5962,62.323,5.7829,31.7372,68.0513,44.7438,51.8694,53.9922,43.7132,46.1732,66.1623,50.357,37.2101,58.2325,26.6551,42.1572,43.9602,46.8577,47.0905
1000,36.3048,57.6166,52.174,52.5323,95.3352,53.221,49.5891,63.6908,54.2372,61.7932,65.8989,71.3546,66.3119,38.2412,45.2347,49.9435,56.6745,49.7146,36.5355,41.018,46.0824
1015.625,68.3753,44.5098,39.1999,44.4721,41.3738,31.9015,36.8446,44.2238,55.3503,38.0396,48.1557,35.3959,33.8705,41.4384,35.6094,50.8243,54.5022,51.3101,57.2109,36.1496,31.1909
1031.25,50.8375,58.5976,60.8173,63.5331,35.9272,55.851,69.7525,60.2917,50.01,59.3423,64.084,68.4602,63.6925,63.342,51.145,60.9813,39.8213,66.9864,50.7199,49.7058,51.9306
1046.875,55.7217,44.7048,66.5532,45.3578,85.8319,55.1518,60.5696,70.012,61.006,51.8961,52.8575,57.5736,62.98,41.152,49.3877,48.3452,55.678,50.7555,42.6999,53.711,57.1507
1062.5,64.5343,66.2212,57.1017,73.2002,44.8836,60.5622,72.9679,42.7275,55.2493,43.7393,55.3657,51.1458,59.6717,63.6743,50.816,61.7532,54.4678,60.9777,63.032,53.4012,53.8975
1078.125,58.655,57.0385,62.3902,65.4697,63.484,64.3222,47.4754,67.1527,54.7921,75.5474,67.4837,77.0098,63.6264,54.9917,64.07,63.2038,59.7242,52.3894,50.8649,59.6411,63.2223
1093.75,66.0518,57.4384,68.0075,53.3672,65.3086,67.3525,41.5993,61.5635,72.1213,71.442,64.4363,56.0765,60.8625,58.1904,57.9518,57.2056,67.9434,71.3874,65.1848,54.2583,54.3133
1109.375,57.1328,68.6313,58.5532,64.1028,68.23,58.0261,92.4961,76.176,66.1089,59.4166,63.7009,69.3009,60.5693,70.9717,66.1797,71.2747,53.005,61.3703,64.2858,66.7138,74.366
1125,79.2492,70.9305,73.1814,76.8999,55.6499,37.0529,63.5326,85.7986,66.3758,67.179,70.8603,80.3235,80.3266,70.2621,69.0426,68.4349,83.6044,64.3213,67.7827,67.3354,61.6357
1140.625,63.2476,66.2617,70.1369,78.7052,72.5082,126.9121,67.0755,68.1842,80.9663,82.753,74.1724,57.1441,76.5846,66.0569,68.8387,62.321,62.7751,71.7847,80.6403,69.0933,70.3074
1156.25,90.6297,81.7384,85.0401,73.1808,105.1834,64.3403,67.4311,71.1209,66.9514,57.5627,58.2404,76.4671,66.9449,76.8818,71.4529,83.9456,70.0025,67.2752,63.2531,72.0422,65.0256
1171.875,78.5943,73.3109,76.7208,79.845,88.1929,66.8679,75.4651,81.9948,78.7314,87.418,101.4237,91.0422,104.258,72.1206,68.0992,76.861,86.4337,87.1106,81.6268,77.0362,83.637
1187.5,76.1956,65.7439,81.2938,78.415,98.2693,106.2905,83.1506,80.8887,91.894,79.4369,69.8489,54.5901,85.8287,85.21,79.8085,86.6812,62.4843,76.6526,70.6104,78.625,69.9144
1203.125,91.271,89.1161,81.1072,98.3999,69.1312,54.2823,97.8457,94.8378,70.9655,90.0463,73.8312,104.4176,61.2577,81.3843,79.7394,82.9593,102.8486,64.0212,75.5481,77.8187,82.0406
1218.75,78.8737,75.7844,87.6043,80.2869,95.4581,76.9485,101.7248,89.34,107.2712,100.4651,116.1583,96.7586,86.5169,75.6588,87.9748,86.2589,57.5759,96.1723,83.9247,73.6573,78.1988
1234.375,100.7634,87.5173,95.3808,87.5296,89.8211,138.5183,85.6145,86.7168,80.6912,73.6108,78.7599,79.3392,97.8609,68.1944,83.8139,94.8097,94.5402,73.8581,84.1953,92.8936,85.5333
1250,88.1162,79.8235,93.6562,93.0541,78.2288,58.6858,92.8738,78.4812,94.3397,98.6482,84.3748,88.7277,76.3821,107.7747,75.6217,84.9552,78.8198,90.1519,82.0095,78.7375,72.7233
1265.625,93.7944,78.6474,89.3786,81.1647,82.4682,98.9993,78.4725,115.9559,84.245,90.2578,99.5412,100.2513,108.6931,74.8447,92.0999,87.616,80.0879,69.9938,69.5738,84.0948,81.1274
1281.25,98.7848,84.0282,85.2992,90.7267,73.1141,57.0075,100.8484,78.3234,95.6419,84.0863,98.2802,93.7594,82.852,80.7325,84.3837,96.2223,78.6645,90.5643,81.3497,76.9561,90.0047
1296.875,85.6893,93.8431,94.9639,105.6518,109.5002,106.3653,92.0409,95.0542,87.9243,97.104,76.3167,89.3219,88.6844,84.0735,86.2223,90.5934,87.8204,82.2205,82.9056,78.9911,73.9072
1312.5,97.1255,72.5369,88.6759,73.7751,71.049,72.7272,95.4406,94.5743,96.0294,82.819,101.0446,91.1575,85.5486,80.6349,75.5024,88.348,75.3524,78.8698,75.6394,82.9779,84.6521
1328.125,83.3576,77.0701,95.5081,97.9255,68.7753,72.2084,89.7356,89.6941,82.0179,99.9069,93.5578,90.0394,111.241,65.4645,78.1085,98.5357,78.1756,78.7275,84.1616,91.0241,75.958
1343.75,98.5282,79.9232,93.4205,84.5794,87.0293,100.7482,85.857,79.217,93.7711,87.7984,77.542,95.8205,78.1104,90.4928,83.4209,70.825,78.0671,75.8054,77.815,65.3252,73.1236
1359.375,79.6989,73.2495,74.1865,86.4477,81.2832,52.8099,85.103,88.2495,85.6093,75.8434,92.6148,77.3543,83.5416,70.8479,73.3434,100.4655,78.2785,72.1765,60.4563,75.8621,76.5553
1375,86.5964,67.7876,93.3169,84.4338,69.2806,92.3908,74.5333,90.2682,70.8566,91.7442,79.4612,72.4206,84.1009,66.9445,75.8258,70.8795,60.9825,71.6287,76.0409,72.2612,74.0217
1390.625,79.8144,72.4822,72.9987,73.5301,74.1692,56.9328,83.4757,66.7835,88.1437,70.8333,77.015,89.093,85.1614,68.5848,66.5786,82.4266,71.3289,65.1449,68.802,72.4802,62.0188
1406.25,67.3937,53.9847,83.751,75.3188,55.4,62.3793,71.6002,70.6947,62.4453,81.6546,73.2152,75.4565,60.9057,62.2099,62.6352,72.1971,54.5003,63.7219,53.6893,60.1708,63.6082
1421.875,72.5623,58.5015,62.9393,72.1957,50.0961,58.5494,79.2667,74.1121,86.0782,53.4089,63.7136,63.9763,79.4591,64.2306,64.659,69.7099,62.424,58.2371,66.0679,65.384,55.4328
1437.5,62.7701,58.6542,58.8825,52.9056,63.2657,73.3022,49.544,72.7909,48.9144,77.0079,74.4797,66.1737,62.8574,48.6236,53.3237,59.9527,63.7495,59.5416,55.9459,50.4259,59.447
1453.125,56.9863,62.4362,60.0971,67.1255,62.3709,46.2718,65.4196,48.9306,63.8147,54.324,59.4484,52.929,58.9897,54.146,54.4091,56.0571,43.8371,43.8686,46.0775,57.7168,53.0526
1468.75,44.54,35.2944,53.9787,49.246,31.137,38.2372,53.175,56.6025,48.8356,51.7575,46.9941,58.0769,50.7047,41.6067,47.5066,55.6451,51.8712,52.1094,40.5832,34.9747,38.6714
1484.375,53.4658,39.0575,43.9258,55.7583,48.7756,44.2734,44.141,33.237,59.0649,44.4398,47.7414,57.2319,41.4099,45.7815,33.9531,45.153,33.7488,36.5701,50.4784,55.8869,52.1934
1500,38.6099,40.5569,47.015,27.1299,37.0575,40.8687,38.8043,47.1967,27.1336,33.4589,42.0143,27.7548,45.3054,26.2053,46.862,39.8875,41.1976,33.1966,34.1511,34.2131,30.7686
1515.625,31.1023,25.9755,28.775,36.8182,47.491,37.3208,14.4057,37.5481,34.5344,42.2483,29.9707,42.9595,37.886,34.9477,28.497,34.1731,25.3013,30.3036,27.3564,30.7053,27.266
1531.25,25.6853,16.9949,22.0596,30.7647,32.0526,12.5574,46.8778,28.1215,31.7294,25.0531,22.6373,25.8823,20.4051,26.9819,19.4505,27.6956,25.4365,31.1019,22.7566,29.7399,27.2406
1546.875,8.5551,29.4916,30.2209,22.5265,27.0332,20.1228,17.4645,16.7879,23.8915,21.1827,20.8183,14.0447,31.1834,31.6399,18.9092,21.2319,31.5494,18.2853,28.6279,23.2991,29.5792
1562.5,18.9112,6.184,5.1558,10.6558,24.6569,7.7213,7.4173,15.7396,7.626,18.5193,13.5378,20.1099,19.2119,8.2515,20.1714,9.4116,9.5794,10.6776,22.3993,17.8843,13.7419
1578.125,2.2098,21.856,13.7422,12.1624,18.6118,17.9662,16.0032,17.6883,9.7583,4.1204,6.7656,10.397,14.5606,14.3313,10.6684,8.5076,17.698,23.0154,15.469,10.9461,14.0565
1593.75,8.9423,10.7025,5.039,4.7582,4.4927,14.9261,10.0424,8.392,8.6937,2.0418,10.479,8.8844,9.5605,1.7159,17.0975,4.4637,5.5342,9.7153,11.636,17.5341,13.0838
1609.375,6.221,6.9572,12.1764,8.1674,7.9657,19.5095,9.0842,5.9388,7.236,5.9577,7.1457,15.1753,10.4941,9.8077,9.5734,4.9762,10.3789,4.9411,14.8913,11.7398,11.5774
1625,20.4232,18.5038,18.6108,13.7137,20.555,11.619,16.7884,22.7474,4.7254,17.3943,18.6991,3.9626,15.1777,11.2737,13.8765,19.6743,8.4897,17.2435,20.457,20.3388,10.8249
1640.625,16.6747,4.1374,25.1623,26.9853,29.9189,10.4625,25.687,18.0873,26.3222,23.1245,6.9186,21.3573,18.7832,26.1027,17.0735,18.0188,22.1958,11.6412,4.8812,15.783,9.9295
1656.25,23.1367,22.4864,28.6477,15.3805,6.4627,32.5336,12.9137,27.8889,21.2391,27.1919,34.1891,25.8986,24.5493,18.7301,23.455,32.0758,16.4967,21.6594,21.262,23.0551,26.7297
1671.875,31.9995,12.9887,31.281,33.0386,27.1448,6.783,32.6041,22.8412,31.4217,35.9384,19.1152,31.8768,27.4536,11.1401,25.4545,22.991,10.7134,18.7384,13.3461,22.1374,22.4876
1687.5,30.9842,33.0292,31.7691,29.9535,29.8321,32.9333,34.5187,34.3247,39.2577,23.2758,37.4102,18.2846,39.6562,37.4019,20.3927,27.3321,30.8042,19.5662,21.0479,26.2152,15.0464
1703.125,41.0235,17.9642,40.4437,35.5393,15.3242,17.1298,43.8359,36.5309,31.8668,48.6297,38.7738,43.3025,32.7514,22.6155,37.0927,40.6609,20.2253,31.4856,27.5105,28.4367,25.4499
1718.75,33.7361,28.162,39.0159,41.8685,35.0321,41.989,32.3203,38.5444,36.8728,29.2508,40.2228,38.5786,33.2597,30.6285,29.7289,42.3874,34.4859,23.8928,26.8719,39.3714,25.9815
1734.375,50.3843,28.9546,45.2102,46.5514,23.0809,22.0531,28.441,44.3563,46.7111,40.1186,41.409,36.5795,44.4437,23.1328,35.6744,42.9135,27.7382,37.3028,31.8425,30.6114,35.3467
1750,39.8817,27.2421,42.0851,40.7358,48.7755,47.8147,49.946,43.4074,42.8672,57.4273,39.93,49.2458,48.9491,41.5054,33.1842,49.8917,36.3798,28.7283,31.2305,41.7557,32.197
1765.625,43.7678,38.1267,47.6359,45.1181,15.4755,32.4909,59.4271,50.9704,46.1729,38.0235,47.9725,54.7409,52.3804,24.6001,36.5431,50.5372,23.7717,36.8689,29.0675,31.7254,34.2543
1781.25,50.6351,32.4321,44.2008,45.9428,32.4824,39.6826,36.8498,43.482,45.2221,56.7709,45.7141,34.5122,41.1655,35.4766,40.0736,39.4825,37.8983,34.1033,25.3971,36.3483,37.6022
1796.875,43.9007,30.0709,56.4621,47.9013,41.6335,28.1671,49.1773,58.6712,44.2437,42.273,47.4547,53.3767,45.2037,46.0576,38.8582,53.767,34.1719,35.462,38.6154,48.8125,27.9746
1812.5,52.4034,35.3924,45.8087,53.9061,39.4977,38.839,57.7524,34.0266,54.5825,53.09,53.3931,44.5646,36.3255,23.4992,40.1135,45.9136,30.1771,30.8678,35.5689,30.8126,37.6869
1828.125,44.0976,44.4161,43.7351,49.0618,29.2238,32.5082,36.3217,54.686,41.45,43.3255,47.6862,50.8904,69.8922,39.7664,38.6399,51.7342,38.7628,36.4432,33.8439,37.0153,40.895
1843.75,51.5648,22.9227,52.0842,35.3046,33.1416,40.216,57.9031,49.5026,55.5588,46.3909,44.5206,43.7227,36.5019,31.6661,35.5868,44.499,30.24,29.5525,46.6094,46.1776,33.5122
1859.375,40.69,43.338,42.2569,59.1526,41.4537,31.6169,34.3117,45.6782,37.627,45.7106,41.4329,46.2381,52.8283,40.0603,36.9556,51.2092,35.8604,40.1464,30.149,26.2913,35.4997
1875,46.3742,21.0255,39.9449,31.9398,39.1847,28.7131,53.5048,34.2242,43.67,45.946,50.0642,43.5613,36.9054,22.8588,36.6734,32.2383,32.0584,25.6453,35.8677,40.6396,35.9657
1890.625,40.5051,37.5931,53.089,46.8177,39.4406,27.9179,35.3233,48.82,46.8832,38.6753,33.8004,44.3132,42.9413,38.3471,29.1973,48.3409,33.0717,40.1495,33.4187,39.287,27.9172
1906.25,39.9995,37.7644,27.0666,36.9403,34.6686,40.245,44.7848,37.9835,34.6383,40.5029,40.7043,39.4765,40.1328,32.8516,39.425,35.801,24.263,24.3892,35.9129,23.8258,35.0183
1921.875,28.4404,22.9362,39.7664,34.6639,36.0163,20.9168,32.9294,33.6156,35.3068,40.5892,35.0903,32.2232,36.0334,19.6145,19.5554,42.4576,32.4271,29.7572,20.7947,35.3641,26.8506
1937.5,35.8676,31.968,27.7936,31.2765,14.6074,32.21,29.0568,37.7924,39.725,34.2866,37.4787,32.6716,36.284,32.8046,31.5968,28.9974,30.1662,29.0411,36.6894,37.4982,32.1465
1953.125,30.2129,22.5726,39.7491,34.9872,33.1747,33.3464,43.2958,40.4973,25.0502,24.2519,27.4879,36.8702,26.2306,21.7968,33.5111,35.3558,19.2961,24.281,24.1127,17.6468,23.2475
1968.75,32.3935,18.0517,16.986,28.9053,18.6878,18.6084,22.3812,14.7843,23.8664,36.8447,34.0189,24.1759,25.1934,31.8322,21.7323,25.6505,28.6324,20.5631,18.4354,31.4512,26.0005
1984.375,17.0228,25.8579,22.5185,18.3672,28.7193,27.5855,21.3141,28.2102,30.4654,13.1591,15.3266,20.676,27.8794,17.6545,24.435,21.8414,20.8605,20.8866,32.9549,27.1259,26.0095
2000,25.079,20.7957,15.3934,23.7477,15.8259,15.0388,18.5556,20.5242,15.8108,31.4459,19.3891,31.0841,21.8032,22.2912,17.9354,26.4373,25.0733,25.0694,29.8294,17.5412,26.9383
2015.625,10.3059,21.9916,24.9493,13.1106,23.283,27.9859,28.7605,12.8562,11.9041,9.9692,14.502,16.6097,11.7001,16.2396,21.976,8.1684,19.6137,14.7883,19.0544,27.477,13.9574
2031.25,15.3154,19.0608,8.6906,24.4051,20.4043,8.3265,8.1074,8.5501,17.3608,17.0927,18.6747,9.5332,21.7835,23.8221,24.3774,17.2445,13.9432,21.4954,22.7828,24.2872,23.3131
2046.875,11.9149,6.1833,12.6029,6.207,20.2947,26.3657,13.7721,16.0355,13.3754,9.7622,12.6605,2.3961,9.4506,12.8893,17.063,6.1811,23.2325,18.3721,18.2526,10.6923,20.673
2062.5,8.1124,16.9704,13.5795,5.198,11.7768,6.9659,3.0239,14.0706,5.4835,9.0488,5.8967,8.5,8.5722,17.7597,20.198,9.2584,11.0459,14.1581,22.2161,29.4625,18.2598
2078.125,6.7437,8.8121,16.0782,15.7859,17.1034,22.5678,4.762,7.4548,8.1575,9.5486,0.7347,5.3783,0.2885,17.4645,22.1381,6.2924,10.9541,18.9983,24.7479,19.1367,15.4297
2093.75,8.0129,22.1077,7.0144,14.3599,8.2761,21.9558,9.426,4.8489,12.1172,14.4,9.1807,5.3578,13.0855,10.6854,14.4038,8.6283,22.3501,11.5795,14.9959,20.3603,21.9209
2109.375,4.1186,14.7495,8.8131,4.0883,27.817,11.21,8.0949,3.2343,13.0683,11.2915,7.1602,8.1669,14.1471,28.5888,23.0859,4.9251,8.0559,18.3867,11.5301,22.4987,10.9743
2125,12.171,8.3713,14.3007,7.4213,9.7379,16.5843,11.5591,6.5221,6.933,12.6506,13.0807,10.6937,9.8485,5.2517,22.3346,14.2811,16.2194,8.3178,10.1608,16.637,21.3192
2140.625,3.7062,17.6356,7.5308,13.1144,14.8922,11.0202,10.5421,9.3275,14.685,10.1069,14.4012,9.6679,13.459,22.9508,24.515,3.6581,13.8355,20.1474,16.0126,29.2973,14.0475
2156.25,17.4394,4.7435,12.1502,10.3777,13.4662,15.4526,18.1578,9.9149,8.4966,16.2575,13.8403,10.9758,13.9796,12.2707,24.5197,20.7457,10.4292,14.6429,15.0472,14.7476,18.9476
2171.875,8.7408,15.4189,7.9344,10.6244,13.3893,18.4481,8.6639,14.0285,16.5547,19.8072,22.7501,16.7689,9.5224,13.5454,21.0219,13.9793,12.913,5.8472,11.8265,29.1591,12.4221
2187.5,20.6552,12.052,18.7104,17.1915,13.4483,12.0979,22.1285,10.8497,5.6275,10.5913,6.491,12.3482,6.7842,10.417,19.973,16.4361,14.0341,11.3179,15.817,27.237,16.8828
2203.125,12.9453,7.0047,16.5181,17.6662,14.3034,20.374,15.8169,17.717,29.5391,18.2216,17.5506,15.5669,20.3257,13.1731,26.8713,17.2881,15.2665,12.069,13.0405,9.8773,22.4024
2218.75,18.0332,22.3394,14.437,10.177,7.188,7.9122,21.9838,15.2436,6.9947,17.3503,18.9985,14.1857,16.2399,18.2965,21.8362,19.0865,10.2832,15.6721,9.3542,23.7678,18.7567
2234.375,16.6959,7.4315,18.1768,17.3836,10.6129,17.3286,8.2478,20.7797,19.4015,15.9794,13.8681,12.3324,22.6828,10.5906,21.3274,17.3191,15.6785,13.2559,13.6849,30.7077,9.7732
2250,15.5832,2.3772,13.1226,20.6482,18.2667,7.6754,26.3151,14.1754,12.2097,20.3682,20.522,20.3837,12.9368,16.5596,19.5864,19.4219,13.6929,11.1915,11.6059,19.2267,21.3727
2265.625,22.8138,12.0124,16.2982,14.434,15.9248,9.4245,7.6458,15.9951,19.5334,17.5367,28.7965,14.2611,15.9343,13.8354,20.8315,9.553,6.8532,18.1628,11.0916,24.8205,7.6164
2281.25,9.6895,12.1581,21.2546,17.516,14.9503,17.7418,18.5014,17.6102,11.9873,13.7746,13.6573,18.6705,23.5985,10.2661,27.5338,16.1577,17.2709,8.5271,16.1707,20.6342,19.2495
2296.875,23.4499,19.2943,14.3502,13.3084,12.1075,5.7823,19.8262,15.8066,26.3814,19.0103,10.6779,17.9212,15.4423,10.606,15.6199,27.0816,12.1485,9.1466,9.6641,18.1051,12.2845
2312.5,2.254,12.5485,15.3966,21.6542,8.4953,20.1018,14.443,17.4475,7.5483,23.4549,21.6733,12.4633,13.6983,11.618,24.1342,1.3016,12.9847,10.2123,17.8515,21.0201,17.0506
2328.125,22.8676,8.3068,12.1772,9.4245,16.1454,14.6078,13.8822,15.4282,18.2231,17.1908,11.6202,22.4347,15.0488,17.0008,18.0998,25.4662,15.7793,19.0501,11.0389,21.8945,14.7888
2343.75,4.6709,11.4891,10.852,16.0654,12.8122,22.6818,13.5248,15.1242,20.8494,18.9802,14.6512,11.2015,19.8661,14.3732,19.8546,6.4927,7.6189,13.6473,12.5013,16.8972,15.0085
2359.375,19.1572,11.835,22.9114,12.4114,11.2048,15.5436,17.1246,10.0784,10.1605,10.8112,20.9027,22.2696,9.8369,7.1924,12.4549,15.1837,11.2051,14.2858,14.9078,24.3339,7.9106
2375,9.5487,3.1637,3.2886,17.1855,10.3804,14.1291,3.0729,11.2905,19.1637,11.3393,6.2203,7.8337,19.4359,9.6057,17.8481,14.4421,14.6495,5.4643,10.963,4.4809,23.7819
2390.625,8.7684,18.7274,18.1312,4.7022,14.3735,3.3187,10.0134,8.8234,12.4108,10.9042,6.0577,20.0503,4.323,19.5713,15.9569,13.4053,10.8108,17.0551,14.6344,24.6858,11.4682
2406.25,10.715,17.8843,15.0528,14.6961,11.42,19.2175,14.2475,19.1188,13.6079,14.7634,23.4738,10.1952,7.6345,6.0653,12.4042,6.5972,11.1583,6.9743,11.8143,9.8114,11.5278
2421.875,7.7552,8.352,7.7861,15.431,7.2483,7.2794,10.3895,6.3286,19.1279,14.6288,6.4038,21.2469,10.6133,15.0369,13.4939,9.387,13.2114,14.698,7.3376,17.4634,11.1811
2437.5,11.8841,14.9517,6.4541,2.9525,15.9253,21.7025,12.1386,12.4002,2.0114,5.7503,14.1001,5.2365,14.3345,8.8325,12.584,6.2525,8.3822,8.4297,16.5622,7.6895,14.1388
2453.125,9.8828,12.7002,13.012,15.8171,19.3467,8.7491,6.7658,10.9714,10.4105,14.108,7.0238,15.5896,8.1569,11.095,13.1248,12.022,13.4079,17.4981,17.8321,18.673,9.2992
2468.75,13.6991,13.851,14.362,14.5113,10.4779,7.7381,20.0917,9.34,12.2053,8.431,16.0793,10.5735,14.5134,17.1943,13.4696,11.2425,15.5878,9.1823,10.4599,9.624,11.7069
2484.375,16.8974,15.0319,14.988,11.7729,11.407,16.7321,9.204,9.5176,14.6114,17.577,11.5188,16.0324,14.361,6.5249,10.6149,12.5288,9.8017,11.4096,12.7877,15.3071,15.8517
2500,12.5346,12.3042,10.2157,14.2439,13.8362,12.5134,8.6462,24.3699,16.9042,15.1452,17.3254,13.0537,16.5388,19.1384,9.9146,14.2715,16.9074,12.2002,8.7115,11.7285,9.8058
2515.625,19.1648,18.2923,22.0738,16.0302,20.5442,9.3317,28.9483,17.2631,18.844,19.0911,10.9049,13.3184,11.8088,11.89,8.5455,16.4035,10.6602,16.7385,17.6563,6.8966,13.5024
2531.25,14.2717,20.2219,19.0298,16.6468,18.8718,22.3811,13.8821,13.1326,7.0922,18.354,22.29,21.0158,26.0664,16.9019,12.7795,15.7904,17.5782,15.0549,17.5255,16.5605,13.3861
2546.875,20.0052,12.1535,17.2808,22.951,12.9044,7.7058,25.7482,24.5885,26.5891,19.8296,17.0884,19.8251,20.8936,14.3287,12.648,22.0259,12.6693,9.1277,13.8396,10.3494,15.5662
2562.5,23.18,19.7695,22.129,15.8667,19.7006,21.8857,11.4954,14.1073,17.766,29.8579,26.1235,24.2032,16.5007,18.987,9.2004,17.5473,17.8598,21.2222,20.8137,13.4227,11.245
2578.125,25.9467,17.333,26.7681,26.3183,18.0227,12.2801,31.5033,32.9372,24.9463,15.0798,17.2173,17.4858,25.0664,19.5414,10.7368,23.8606,13.8698,17.834,5.4931,6.045,14.3954
2593.75,25.3234,18.2722,23.088,23.5358,21.5878,18.9357,17.5142,18.8113,28.9795,22.0215,27.9162,23.871,25.9584,13.6398,10.6786,21.8426,21.9064,16.1983,17.1425,10.5863,13.3178
2609.375,25.3695,22.0669,26.5398,24.9483,18.0843,17.4334,23.069,26.429,15.0373,30.4877,22.5158,28.2767,22.0823,16.2005,14.8894,28.1187,19.0542,17.6394,23.4068,13.1795,14.8005
2625,24.9284,23.1163,31.2956,23.8313,24.2884,27.6387,27.0133,26.4187,30.2771,26.3945,25.7638,27.308,34.8432,29.7752,12.6415,28.4543,13.5186,21.6519,11.409,18.1302,17.7536
2640.625,23.8608,19.3475,25.8031,31.0428,37.5039,4.0598,31.2883,25.8869,25.4736,18.2622,28.0755,28.489,20.0386,15.8202,17.7866,21.6602,22.1592,19.3906,25.1929,8.8929,14.3059
2656.25,31.5253,19.8602,32.2236,24.2416,12.8712,29.2726,15.6266,27.445,25.0088,30.2621,22.1368,25.2875,23.9193,18.4214,14.9736,33.8926,23.7983,25.2019,18.5909,12.8034,18.4907
2671.875,30.714,24.4507,18.3559,28.3122,20.7518,20.275,36.3301,23.2604,29.3724,26.8457,30.2228,23.3855,33.8997,17.3244,9.8877,24.1262,13.9788,17.1402,17.5097,15.7299,20.9149
2687.5,25.2385,23.3055,34.9825,25.9191,26.6495,18.8723,17.9178,35.0685,27.1362,28.2793,24.3406,29.5818,23.5556,22.2801,24.391,30.194,26.3507,26.1892,22.6597,12.5848,15.5703
2703.125,32.5788,25.4635,20.7307,30.9047,8.5354,24.0855,34.3007,22.2494,27.448,29.1179,27.9938,24.7447,29.7635,30.5077,14.0918,26.8934,17.163,12.3883,13.947,15.1084,18.4054
2718.75,24.2409,18.9978,28.0333,22.5797,34.0222,27.8402,23.7525,33.091,19.4899,26.296,28.4685,32.5433,23.9818,17.9644,14.7913,21.6034,29.1364,29.0584,25.73,15.0736,23.3379
2734.375,28.3779,29.9398,31.6497,27.0799,17.3557,15.1535,24.9907,19.6759,28.5994,24.2822,29.2073,23.7961,24.1572,25.1934,14.368,33.0829,22.9004,13.7718,23.2033,18.8076,14.8971
2750,25.3812,17.7508,19.904,26.7545,34.6549,28.9064,35.8477,25.7311,24.1166,26.3702,24.8951,25.4291,23.9362,19.3319,20.3391,26.8182,24.7201,28.4789,22.8398,13.8011,23.4855
2765.625,24.1548,32.084,28.1339,22.135,14.6476,15.9624,16.3472,24.5045,29.3284,21.5479,23.3467,24.608,33.2199,32.3238,17.016,19.3182,24.596,21.1546,15.9749,16.7071,21.9542
2781.25,28.1284,18.5561,27.1972,22.1058,29.6231,30.8421,25.0371,19.7639,20.1669,26.3551,25.8802,18.287,20.1894,16.9192,22.6405,30.9732,18.4967,30.8892,25.1783,20.5938,15.1124
2796.875,21.8438,28.0828,24.1851,28.3379,20.5699,12.2006,28.299,30.0887,27.8193,26.364,23.9828,29.7461,25.7338,25.0868,13.8681,17.2606,22.41,14.6582,24.1269,20.9037,29.1914
2812.5,24.8572,26.1302,17.3834,23.0928,27.6485,32.3581,17.1578,20.6596,23.0243,18.2897,23.5961,21.7957,18.1154,22.3388,27.7558,26.4128,31.7671,27.5787,18.4925,23.8901,17.0333
2828.125,27.587,23.9144,34.1926,20.993,24.5092,29.3004,19.824,22.1245,23.5583,25.3155,22.6352,28.087,25.4998,26.8123,20.2327,21.7439,13.6896,22.9237,25.8388,21.9692,25.1781
2843.75,18.4462,23.3999,21.6846,21.0827,27.173,21.9175,20.8391,25.9768,19.0505,22.853,23.8421,22.0984,21.8037,17.0548,17.9069,26.1588,29.6389,27.2218,22.3423,24.9396,21.7192
2859.375,29.6859,28.0975,20.4431,25.0181,21.0973,25.2196,28.882,23.784,23.9391,26.0403,20.9016,21.0289,22.1689,25.5865,18.8146,23.0533,23.6924,22.2606,21.4935,17.7488,28.4953
2875,20.0717,14.4419,31.9673,19.2701,28.6575,26.34,29.0035,21.096,29.7397,20.1788,25.7653,29.2888,20.8766,29.1958,28.7288,21.4872,19.8423,25.9322,26.5292,23.1742,15.7407
2890.625,27.2192,33.0783,22.82,27.4397,23.1414,21.6421,33.0229,27.8052,25.0278,24.8908,27,27.009,21.1018,19.8694,20.8994,30.0629,26.9671,22.0827,17.0736,19.6531,25.0735
2906.25,22.5958,24.0957,21.5451,32.3444,19.9039,22.7715,19.8,26.1769,23.6218,27.4984,28.5121,18.2327,30.2454,19.8803,25.5276,23.2619,21.2226,24.013,25.8804,25.0696,19.7232
2921.875,30.9159,16.5885,35.4629,17.0152,26.0668,24.9974,26.6399,29.8781,42.2592,36.0086,24.2745,33.5157,27.4086,26.5017,20.4234,31.9101,22.9713,20.133,25.903,23.917,32.7547
2937.5,31.1021,29.0979,26.7988,36.9317,31.109,30.0871,29.3811,31.5732,24.6292,22.846,29.8142,27.9956,39.5881,27.5512,25.2424,28.3064,27.4724,24.0148,21.4701,26.2159,16.8016
2953.125,28.2443,19.0223,35.6376,29.2401,12.6452,14.6922,38.6043,30.348,29.2575,34.3963,39.2604,34.784,28.4226,15.0912,22.9641,30.4809,22.0231,31.0536,26.25,24.1401,25.6822
2968.75,39.0309,26.0701,34.4656,34.2298,31.3425,31.7258,36.0774,34.4425,38.7662,30.6696,29.7183,29.8952,32.6573,29.0807,28.7527,39.6013,24.0304,20.9395,24.8081,31.852,27.8716
2984.375,34.0842,28.4815,34.8432,41.2849,23.3331,24.2252,31.3955,32.0544,32.8795,29.7195,34.3072,33.3396,39.6598,21.9932,23.9106,29.4763,28.2855,27.1847,27.4422,18.9276,26.9689
3000,34.2949,21.5399,31.8247,37.8676,18.4068,17.3468,41.5213,42.2289,47.8018,49.3617,49.2184,50.4869,37.5143,29.0324,25.0176,45.8854,20.6804,22.3289,24.962,31.4813,22.6293
3015.625,45.1833,29.0955,46.3879,41.4841,28.0354,32.1982,39.5184,42.7159,33.74,39.3518,35.9811,37.784,41.2056,17.4821,32.2514,34.602,30.4192,24.4006,22.8738,27.258,25.6211
3031.25,36.1628,20.5932,39.5068,38.9161,34.2302,22.7009,45.1676,38.8422,45.6317,40.9462,37.7579,37.2075,42.6759,24.8295,22.4367,43.8862,20.9095,24.6512,35.4702,28.5005,33.4112
3046.875,47.714,23.186,46.2499,43.6619,15.3789,21.5158,40.9334,47.5599,45.6562,50.806,45.1998,43.2674,43.6043,28.2149,33.0454,45.2694,26.9673,27.8293,16.1758,33.6811,18.0534
3062.5,40.5801,24.4053,44.7276,49.2162,28.5554,30.2191,52.1892,42.3449,40.6964,36.174,49.6733,50.0822,41.0566,24.9108,32.683,46.9259,23.213,23.1241,29.4033,28.0877,33.6763
3078.125,50.3577,29.2238,44.3198,41.2905,31.0579,21.766,32.0171,45.8484,47.6046,51.4691,44.805,42.1323,51.8771,30.6467,26.4003,42.5222,25.2556,31.4779,29.8818,25.4381,29.1007
3093.75,46.2272,27.9939,49.7908,48.0987,24.9062,29.9304,51.3938,49.9509,46.2612,48.326,46.1799,50.0443,49.5321,23.7029,29.9057,50.139,35.1687,25.1668,36.2697,37.0019,33.305
3109.375,47.2557,24.2435,45.0771,49.9576,22.2842,22.3119,44.6254,43.5236,55.6265,47.9586,54.3631,55.2216,42.6204,27.2754,31.2641,43.2856,17.3292,31.7928,25.0517,37.9827,23.0137
3125,47.2482,37.736,48.7235,48.5818,29.4159,29.4963,59.6091,48.1494,42.1751,48.4394,41.717,39.4069,53.6881,31.8951,31.4121,51.5815,36.1503,25.2995,27.702,28.2987,34.3323
3140.625,48.9578,25.8143,46.1562,45.0965,33.0221,34.4347,41.3095,48.5352,47.681,46.8342,49.0375,50.9394,47.7956,26.8029,36.1281,43.7144,20.5508,34.7324,33.8105,36.2294,24.7317
3156.25,45.122,28.1305,50.9046,48.2366,25.8142,25.3205,45.6809,49.1048,54.8055,46.8491,49.1931,49.9314,48.7396,32.0733,28.2951,50.7204,40.3743,26.9645,32.1467,37.831,40.1157
3171.875,45.7883,30.3252,52.7076,49.2336,34.3016,30.0246,57.0085,47.8771,41.6868,48.5531,48.3414,49.6094,47.029,27.6546,41.3147,51.9722,27.4196,29.9127,25.9789,29.8475,25.8303
3187.5,51.4163,36.0376,42.4562,46.6718,32.9402,38.0909,39.0704,44.9129,47.6341,53.2649,46.9475,43.9391,47.3157,30.6358,38.6954,42.6245,31.8384,32.6333,36.6527,47.419,36.5743
3203.125,45.9141,26.4712,48.4273,49.601,30.4451,22.0981,56.087,49.0267,48.9002,44.437,45.2307,45.2658,45.142,38.3367,37.2048,48.3459,32.1497,32.8558,34.2944,32.1675,37.4248
3218.75,45.727,32.7629,42.9813,45.1836,37.9667,51.7553,38.6384,46.0468,52.1423,44.3221,46.8997,51.4886,46.8622,33.9653,31.9147,47.7536,39.1171,27.5713,31.4483,44.1288,39.2374
3234.375,45.1584,40.6175,53.1936,45.4378,34.898,26.6302,56.1028,49.3664,42.6705,49.279,53.2581,40.4852,44.8249,27.4878,44.8409,48.5465,35.8643,43.9258,35.9525,36.7906,33.4289
3250,46.8071,32.0345,42.6577,46.8622,30.6511,37.021,36.2012,44.303,43.6141,46.3355,40.0878,48.6327,43.4599,47.2796,43.7618,39.853,33.6345,31.9113,37.6321,43.3831,37.4435
3265.625,41.0648,40.3339,46.2193,49.1775,44.1534,36.262,48.3807,37.2675,41.8302,36.9107,40.8619,48.4176,49.6651,35.818,38.6384,53.0411,42.6858,42.6697,34.7334,40.022,43.0879
3281.25,40.8508,37.974,42.3938,36.7673,36.5172,39.8346,43.8322,49.5286,50.9747,51.1245,43.6348,40.181,42.4859,35.9857,38.9879,33.1155,35.5028,37.0869,45.575,43.5319,41.0814
3296.875,45.3213,38.6994,44.1859,38.9704,48.7344,42.9043,41.7564,45.2301,38.7538,40.2621,44.8125,41.216,41.8986,43.7417,44.8594,53.171,40.3256,46.2906,35.5199,45.6109,37.438
3312.5,41.6087,46.1503,38.749,49.4595,40.0339,43.8982,45.9358,36.4421,44.4632,41.895,43.892,49.099,38.7766,38.5078,46.3256,35.8817,43.0407,37.7678,46.4389,40.512,44.4059
3328.125,41.8343,42.9787,50.7658,46.7487,40.5067,45.8196,45.7954,44.7934,46.706,44.2807,42.3283,38.6481,50.4426,48.9623,45.2925,47.1534,46.9552,43.3829,45.0562,48.4326,46.1851
3343.75,46.7804,48.8838,40.3272,42.6245,54.8311,43.9783,44.4228,46.3509,39.1053,43.1343,46.2961,41.1783,40.0929,44.3226,43.1758,39.3317,44.3496,47.9142,41.7558,43.939,43.7282
3359.375,45.4943,46.9211,45.7105,42.8655,38.0829,50.5948,39.0296,47.7661,43.7189,49.3502,45.4233,50.2961,39.6542,46.6081,48.8481,47.9911,45.4059,44.5766,47.1382,44.3493,44.6234
3375,43.9352,44.1357,41.7505,44.1464,49.7173,49.8824,45.9396,36.7581,48.8593,39.5044,38.2862,42.2846,50.8547,47.3322,47.5804,44.3066,51.2524,50.3967,44.1157,45.7377,49.0273
3390.625,48.2057,54.2444,44.3276,41.2533,47.6419,40.9383,46.326,47.4644,47.2075,40.0979,49.0082,44.8328,39.5214,58.6432,46.6144,41.549,47.1165,51.1438,54.4886,49.3066,51.9886
3406.25,43.5858,52.8856,50.1815,52.1201,48.7924,56.9269,42.9732,48.0191,39.3043,56.1398,49.9677,45.2881,56.4253,45.4626,45.587,48.5602,52.3839,48.4179,48.6165,46.4193,45.452
3421.875,51.115,52.715,44.5534,41.0317,59.9086,56.2944,50.1265,43.8507,54.1032,40.9569,44.8038,48.1382,35.1935,51.2757,47.1888,44.2645,50.4618,55.8768,46.2136,48.2881,45.9399
3437.5,44.3859,48.7389,45.0566,49.2445,43.993,50.3427,43.6763,45.6393,37.4031,48.6758,46.7404,40.3166,52.1156,47.5746,48.5917,48.4867,54.8541,46.6894,50.7301,41.0421,54.8473
3453.125,47.7321,52.0638,50.8947,40.978,58.8781,45.8896,50.0822,55.6047,47.6904,47.7994,43.3883,44.4812,47.5985,61.3445,47.7124,43.0067,52.9772,56.3757,56.2629,48.2993,48.9159
3468.75,50.5416,63.3643,42.8906,47.2281,46.8526,53.6061,44.878,41.9909,52.0534,40.5982,49.66,57.1485,43.4992,48.0024,46.053,50.5106,48.5605,54.6711,47.9605,44.7435,47.5765
3484.375,47.9416,46.6181,50.4073,50.0327,57.884,55.4227,40.9914,46.7944,42.0575,50.6906,48.4086,40.6483,49.7277,55.8035,44.5648,45.1134,55.694,48.5761,53.6446,49.4404,47.583
3500,44.3647,59.5248,50.7694,45.0672,50.1876,56.0047,52.1018,50.45,51.1276,41.3623,45.5375,41.7421,47.412,48.5023,45.7769,48.4356,53.7557,59.6535,50.7588,39.2769,49.9083
3515.625,51.675,55.1511,39.4728,49.3037,52.9616,49.6486,42.1604,40.1137,36.4466,49.7744,45.1472,51.3661,40.5346,53.0314,44.3646,46.9057,50.6286,46.431,49.8304,42.0496,53.3279
3531.25,40.8115,47.2861,47.0962,42.7761,46.1656,52.215,48.8249,49.1027,51.5139,37.2162,37.6471,47.3873,44.6813,53.3331,46.0892,45.6262,47.0556,48.2259,47.1155,39.6188,44.8115
3546.875,46.6446,54.155,46.0143,38.0233,57.5822,42.4125,36.7668,40.1437,38.8026,54.5384,45.0399,36.0766,42.6927,46.1738,43.6558,43.0733,54.7423,51.9041,50.1986,45.0636,45.269
3562.5,37.0865,45.7773,43.4568,49.0418,47.562,52.7956,41.7603,44.8585,44.2651,41.0261,40.544,44.3066,42.6563,49.4628,37.5238,40.1528,44.6083,50.5124,48.8038,42.4364,44.9398
3578.125,46.8053,53.1884,45.8356,38.1569,42.6174,51.7761,48.7373,36.7444,34.7323,32.0192,39.0491,38.0306,35.2785,53.0322,40.7517,39.2636,50.0495,43.852,43.4091,33.9495,44.345
3593.75,35.9857,41.6005,32.6235,42.0734,53.4697,38.7003,23.5365,37.588,36.2914,39.5892,41.6564,38.0611,33.2102,32.7581,33.7955,40.5911,45.5424,49.3696,43.0527,41.8677,40.5925
3609.375,38.6835,50.51,37.8269,24.1899,38.4328,46.1682,39.7087,31.0993,39.3291,35.5498,29.8078,37.8418,38.6786,47.5096,45.0566,28.3403,39.5079,33.9598,46.1704,29.7333,40.3546
3625,34.5473,34.6724,27.1759,33.9242,40.3888,40.4187,26.9447,37.5482,25.3329,32.286,31.7145,30.6824,36.0099,41.0573,33.1578,36.9033,44.3248,45.2363,43.0834,43.5877,36.6897
3640.625,28.7519,44.3558,33.6708,32.3679,37.7617,41.1623,32.1036,21.2729,31.0358,33.7362,32.6157,26.26,28.1445,38.4931,30.4388,28.8774,35.4026,39.9789,30.6086,27.145,40.4949
3656.25,24.2636,32.7402,26.4329,23.0341,33.1317,35.8947,19.2528,35.5083,33.8822,20.9598,21.8543,28.0799,23.9378,37.8495,34.2184,29.0122,40.9866,33.4783,43.0951,36.5062,31.7433
3671.875,25.8247,40.939,27.7306,23.6912,44.0078,26.5164,27.1331,18.7682,15.6513,18.9795,29.7856,24.9308,28.2661,34.6821,35.2576,25.6673,29.8836,39.5666,34.7165,30.7393,34.8589
3687.5,20.2798,35.3235,20.9897,22.851,25.3346,43.1312,22.1119,31.7452,26.1458,30.7178,13.159,23.2903,24.4764,30.1759,31.0019,18.7708,42.4282,33.6697,34.8985,32.8133,34.1194
3703.125,24.137,30.5177,25.4673,25.7531,39.3306,25.187,30.3542,15.8671,26.9648,32.8841,30.6746,23.3456,16.8561,37.5421,32.3538,26.6719,23.6091,32.6624,32.4026,25.8016,40.5525
3718.75,23.5162,35.4971,19.82,23.4209,22.2401,35.7976,16.728,29.3423,15.4269,20.8227,22.5814,20.1304,27.3733,32.0662,30.7765,19.6442,36.4227,29.4656,35.9506,41.8065,27.9926
3734.375,25.4871,37.2701,27.7986,28.0129,48.2494,32.5545,30.5829,19.958,33.8484,14.2215,23.715,23.4075,27.5517,30.1325,36.3657,29.2566,37.5077,34.6316,32.0802,31.0502,32.0631
3750,32.1901,25.9675,27.3832,27.4033,27.1258,28.3016,27.7117,30.4913,33.8466,36.4114,30.0989,39.266,30.9289,32.8117,30.9046,30.0819,24.8307,28.5261,34.4611,29.0507,35.6844
3765.625,28.3633,40.8625,33.5515,31.4333,38.3347,36.3049,30.3273,37.4371,26.1934,35.6318,34.4123,25.0868,31.6115,38.261,34.6278,31.8518,44.2447,36.9295,35.3742,39.1035,37.4791
3781.25,43.2526,32.5489,36.3972,35.5488,33.3033,42.3978,43.1586,36.8805,43.3991,34.0419,37.9373,40.0414,38.5288,31.9334,37.7171,37.2157,29.4787,38.4485,41.6555,34.1639,37.6822
3796.875,36.9706,47.7794,44.2409,43.5785,40.7697,37.832,34.0422,36.7331,33.9389,39.8789,43.1662,40.8446,37.3993,41.4544,37.3228,38.2387,44.6455,38.7206,38.8358,42.0649,35.837
3812.5,47.9007,32.8675,46.3747,40.4998,39.4495,35.2647,51.5915,43.8621,48.164,51.2624,40.0937,46.8714,44.4603,44.2006,37.1703,48.1699,42.0186,40.4192,39.7768,40.5238,40.4725
3828.125,48.8938,46.9239,49.8618,53.2944,50.2969,52.1636,44.7007,57.733,58.6988,48.0017,50.4546,46.0435,51.9463,42.4288,43.6613,50.0475,44.5019,45.6241,43.9906,32.4866,47.7426
3843.75,53.1622,47.1333,53.1861,55.1644,44.2642,45.6765,64.4592,50.9399,49.0505,48.6561,61.4061,61.6043,54.458,51.4922,41.0651,53.1295,44.79,43.6711,47.6541,51.3232,43.6711
3859.375,57.9097,51.1804,62.9765,58.3197,45.6035,40.7031,56.5797,58.7904,53.9739,65.0724,51.3283,51.4916,61.3292,45.8587,42.7046,60.0359,50.0424,53.3082,51.0882,42.2978,49.6651
3875,63.0954,50.8352,56.1267,60.048,52.696,58.9903,57.5098,57.3231,68.3291,62.239,63.7522,62.4561,59.1597,52.4333,48.3322,61.6154,54.4333,47.6521,50.9085,51.2507,49.9278
3890.625,63.3563,54.0272,63.944,66.7047,53.9957,52.0838,60.8888,67.7775,58.713,64.4906,60.5537,67.1703,62.9536,53.4249,46.6882,65.1659,51.5429,54.2723,52.579,40.2076,52.2171
3906.25,68.9855,59.4894,72.2419,66.0632,55.7999,53.1092,74.3635,67.7868,68.8245,66.1834,70.6587,69.2572,70.8923,55.0286,52.5455,70.8481,53.8901,62.8734,58.0847,50.9435,54.8332
3921.875,67.1458,54.8687,67.2874,74.8961,62.1229,60.7688,65.0426,72.5162,77.1819,75.6678,73.8397,68.0871,71.3973,59.8513,46.6357,66.7058,57.5456,50.6044,54.254,50.7061,52.9773
3937.5,74.8184,61.9485,77.0093,67.5074,51.9878,56.8359,72.6381,67.5912,75.3697,64.1366,65.9502,69.5321,72.7406,55.7514,50.7586,72.2519,60.789,58.6034,61.0026,51.5017,58.5994
3953.125,72.2003,58.0964,69.2544,76.51,59.1431,62.3355,75.3249,78.0709,63.6196,76.5114,78.2652,78.5531,74.7313,59.7184,52.6531,75.9026,57.861,61.9219,56.9564,50.3015,57.495
3968.75,77.6788,62.8699,75.7597,72.2125,62.3106,60.6206,70.1331,73.9227,77.8395,71.5905,71.6505,72.858,68.2848,60.9196,50.4324,74.7478,57.3126,59.3689,58.93,51.6707,54.3702
3984.375,75.5993,59.6883,78.6064,74.037,60.0212,61.7558,81.5331,74.9308,74.4822,79.7428,74.498,73.4384,81.2133,58.1939,54.4373,74.4831,62.8827,61.2534,61.0748,57.7815,56.7015
4000,80.0993,62.8309,77.1305,79.3586,60.6368,57.8575,65.1506,75.7472,74.5759,74.9532,73.5033,74.5465,73.8036,64.9024,50.6427,72.1482,61.9761,59.2109,59.9706,47.6824,58.9976
4015.625,73.6487,61.7747,75.2942,71.51,59.02,56.3555,81.8927,75.4223,77.5609,72.0665,84.0367,73.3357,74.1582,56.8586,50.3581,80.2278,55.7422,60.9151,58.7727,54.9347,57.6089
4031.25,78.1172,62.6517,74.6359,73.9304,58.1881,63.1426,75.1432,78.0081,70.5681,78.1388,65.4847,79.58,73.7198,61.3161,53.1809,71.4358,62.1341,58.3558,60.0745,45.9949,58.6109
4046.875,67.428,51.4555,68.7734,73.7623,61.7479,58.189,66.8444,62.664,78.3682,65.6245,69.1411,73.7911,71.89,54.3978,52.4266,75.4243,57.794,57.6901,56.1674,54.8576,51.762
4062.5,73.6007,63.5162,70.3355,69.2248,57.7589,56.5534,77.3333,77.0097,67.5004,71.1646,80.37,63.4745,68.774,59.0328,49.5353,67.1254,56.824,55.4718,57.7964,50.0971,56.3419
4078.125,66.1593,56.7029,71.4875,70.7309,50.3166,48.8186,63.7877,62.3185,63.317,68.1585,63.9814,74.454,70.6268,54.1056,50.1234,74.5613,55.9381,58.5936,54.1836,47.9205,54.142
4093.75,66.0235,53.9786,69.1052,63.1721,54.3575,52.322,67.3589,72.4506,64.6159,71.1033,68.6911,63.2353,60.8516,54.1889,44.5701,59.2794,54.3817,50.3442,53.7917,46.7274,54.4589
4109.375,63.2244,50.016,58.4181,57.5114,53.7507,58.0617,61.4912,63.6851,72.4199,55.8906,51.794,62.6262,62.1235,50.4396,45.8138,64.03,51.2508,47.5116,50.7511,48.1465,43.2423
4125,56.6701,50.4967,62.3836,62.9829,49.4407,37.5023,56.8548,50.6589,44.2077,59.4454,65.4656,60.6667,58.4531,50.3619,45.6004,58.5023,45.9659,56.3373,52.0845,43.3219,45.5769
4140.625,58.3058,46.6098,56.465,53.6507,42.0524,54.4475,59.71,60.803,64.6146,59.9367,59.1067,52.3745,55.5125,44.6325,42.9644,52.9171,48.3472,40.8154,41.2885,43.4616,46.066
4156.25,47.4017,43.4545,49.6886,51.0919,44.4137,45.1235,45.0989,48.4436,59.309,52.7593,50.4246,52.8426,54.0278,42.7067,42.164,56.224,43.2857,45.9404,47.8581,39.8138,44.9505
4171.875,50.8048,41.1486,50.044,44.8331,40.592,36.4099,53.2432,51.1114,35.0491,45.7571,42.3951,46.3615,44.0047,42.4038,36.4084,43.992,42.5731,39.7379,39.4726,44.2745,38.3597
4187.5,40.7114,41.8005,36.9925,45.7528,43.2038,42.4318,37.8076,41.0754,47.6662,45.2459,45.5616,47.3652,46.3387,36.0383,38.1504,45.4289,32.755,36.788,37.2869,32.0268,38.777
4203.125,39.5031,36.0246,43.2679,40.6802,32.1456,32.9985,39.9172,37.5377,41.2315,35.5922,39.9098,33.5774,34.4018,39.7642,39.1772,34.8376,38.0139,38.5234,39.7062,36.2176,34.8102
4218.75,36.6779,31.4493,31.9276,33.1701,30.3529,33.4556,33.8377,35.2922,32.4516,34.0038,34.0786,31.7623,39.4864,29.3851,29.7162,37.3791,36.637,33.529,30.202,33.5471,34.8556
4234.375,30.1104,29.834,33.0865,32.224,33.9112,31.0018,38.6837,31.4992,31.0026,31.8808,34.2206,40.6295,30.8527,34.6363,33.4798,31.4876,25.3226,29.7551,32.5218,32.6377,30.7729
4250,28.5684,30.8508,26.4015,27.9906,32.0677,34.62,24.6038,32.6286,32.9286,31.0051,21.5121,22.2385,26.9479,23.2141,29.381,26.9022,37.4406,32.7739,28.7646,32.4435,28.6453
4265.625,19.8706,22.8711,22.1124,23.2905,24.2188,22.7423,25.5462,20.7554,21.131,21.2987,26.0058,23.5378,23.0031,31.9756,27.5374,22.7703,16.764,23.1162,26.1471,27.3877,29.6554
4281.25,22.9232,26.2968,17.3908,20.6576,26.3346,32.4626,15.5515,21.7796,18.5139,15.3698,19.9568,16.9011,18.5531,25.7864,30.4614,18.6755,33.9265,24.8859,26.4015,29.2511,24.7752
4296.875,12.4065,27.0276,16.9999,14.8286,17.9892,19.0452,24.1582,12.9995,16.792,16.6459,18.1965,21.4847,19.6143,21.1866,21.0676,15.5833,18.1181,26.5898,23.4224,26.0045,21.8876
4312.5,14.3722,19.9457,14.4612,15.069,30.3464,22.2863,9.6655,17.713,14.857,18.3043,15.2476,12.724,10.0279,19.8689,31.5957,15.3729,24.4158,19.3644,18.7711,27.4429,22.7266
4328.125,7.0689,23.8232,14.2565,7.503,11.2158,22.709,11.6487,10.9042,13.8266,8.4492,11.9559,13.653,11.7484,23.4346,20.0002,7.2035,21.5415,18.1539,21.6973,20.7284,22.9942
4343.75,11.2914,13.992,5.5887,17.437,28.1351,14.2928,6.7054,8.1466,7.6186,17.9792,11.9466,3.4397,9.7799,19.5299,20.9105,14.125,18.894,24.1158,22.1533,25.6745,19.5348
4359.375,3.7154,23.2629,6.9589,2.5917,7.2398,23.8607,13.9261,9.2669,11.2157,4.507,2.9702,10.1807,13.3127,18.6256,25.7842,5.6905,18.2148,13.6439,17.3719,25.9305,19.4565
4375,10.9552,16.1398,9.3946,6.1834,24.3396,12.6203,7.5812,8.6702,11.3529,0.7885,12.5964,7.4733,2.5461,16.515,23.7144,8.7691,16.0919,24.2674,18.7183,18.8602,23.0321
4390.625,7.5274,21.5644,1.6934,8.2814,16.7209,20.4942,11.6162,9.0826,7.1545,8.1031,5.8814,5.4474,8.1549,20.3645,20.9227,13.6035,21.9059,16.0244,15.2567,19.2778,19.2438
4406.25,7.8312,16.9713,10.241,11.2681,18.6381,17.0748,11.1136,8.223,10.9647,17.9353,9.786,10.2828,10.9274,12.0212,20.6562,3.9355,15.3484,15.43,19.4666,18.6724,18.168
4421.875,13.805,13.8897,2.3887,5.5643,18.9614,17.203,5.3697,8.519,12.5564,6.3639,8.939,7.3671,5.9236,17.9516,18.7927,14.5621,20.1292,21.0517,15.2039,29.7283,14.2978
4437.5,6.5979,21.6353,19.6404,7.9873,10.5512,18.9837,6.4263,7.5374,6.3048,11.6031,6.8945,2.7262,10.087,23.2568,26.3265,3.7159,12.3614,16.8491,15.5951,15.9547,19.4039
4453.125,11.6457,13.9449,5.958,8.6708,26.8955,11.932,13.5857,15.6306,12.6536,12.6359,12.8936,18.2846,13.5474,10.9328,16.541,14.2072,19.9149,12.9565,15.9988,25.6409,17.995
4468.75,2.1817,15.445,6.8047,10.2766,13.9783,18.8555,12.8094,3.535,12.6464,14.6594,8.2566,11.3708,10.5794,16.8328,25.5124,11.2742,17.3016,19.4522,20.8423,13.2201,18.5267
4484.375,16.2559,16.7003,12.5877,13.2652,14.9771,17.0227,8.4372,18.8566,8.5608,12.3003,15.0823,7.2274,11.5772,18.1881,19.4064,5.3925,16.1404,13.5613,16.0269,27.1134,15.716
4500,9.9326,26.1024,13.3079,15.3119,20.5464,19.7812,18.546,6.0504,14.574,9.5814,14.8213,10.6406,6.9947,13.6441,24.394,15.7542,17.795,17.9737,16.6714,23.1763,19.1402
4515.625,12.8654,9.4047,11.039,11.4621,18.5892,16.963,12.6081,22.0881,18.332,12.9957,7.9789,17.8215,18.3374,24.5427,21.4408,11.2733,18.8062,21.9225,18.0186,22.2783,19.7947
4531.25,16.1509,17.8589,15.2736,12.0144,17.2515,15.7338,8.4927,11.7979,5.19,13.5049,14.9478,11.5417,15.917,13.9629,25.8463,14.6889,16.4437,12.8827,18.6961,21.8584,24.1268
4546.875,14.4867,24.3208,12.7189,15.3196,18.6054,23.1615,20.6902,19.3903,21.0893,19.5347,15.555,17.1187,12.0357,21.0258,27.6985,15.799,18.0246,20.9499,21.1247,26.1165,16.9527
4562.5,16.8513,15.864,20.3732,23.1782,21.149,22.9187,21.1155,19.4452,19.4251,13.8965,16.6091,19.454,22.3293,21.8376,25.6712,17.64,27.1368,20.4479,19.6261,24.4666,21.5464
4578.125,17.3522,24.6204,16.8692,18.0447,24.406,25.7776,13.8093,17.6195,15.6739,20.7076,25.7062,22.1737,20.9936,19.1651,25.5481,21.3646,18.9225,24.2242,23.705,26.9422,30.9429
4593.75,21.5239,24.4716,23.6662,21.5066,27.5947,20.768,24.3374,21.7913,18.4746,24.8648,14.2239,19.0195,17.0363,27.1903,26.9855,17.0397,25.4571,23.7432,22.6637,31.0048,18.2316
4609.375,24.9515,25.9372,22.0404,22.6547,19.47,26.8432,26.7229,26.0009,32.567,22.9777,27.0815,27.2812,30.9102,27.3475,31.2473,25.1871,25.5387,25.5552,25.0692,26.4439,26.1016
4625,24.0578,27.2802,22.2002,25.534,37.6042,28.2418,25.6529,22.0188,21.3956,28.5702,24.5302,24.3112,18.08,25.6242,31.9276,22.2105,27.9032,30.6362,28.8056,30.4224,32.8976
4640.625,30.8286,28.1882,30.2498,24.6275,29.4447,33.5314,24.346,32.8579,24.5747,20.2479,28.4273,25.678,35.015,29.6515,30.0022,32.0977,30.1954,30.3977,34.7329,31.724,31.2481
4656.25,28.9689,32.7006,32.4342,33.3583,29.0909,32.6412,32.5652,30.1822,39.0549,34.1455,29.4238,31.3359,26.1944,35.8527,31.5052,27.023,33.4857,29.1051,27.0851,29.7002,28.4796
4671.875,34.0126,39.4993,33.4417,37.0684,42.4744,35.9039,32.8957,26.3896,25.0914,34.5168,35.3921,33.4366,34.5953,33.5757,35.4428,37.4671,34.6635,36.7389,35.699,35.9895,33.6372
4687.5,31.775,33.5242,32.0111,28.4595,29.6958,32.3849,35.9974,41.5243,38.4876,33.6239,34.8481,34.7038,33.2393,36.7443,33.8428,34.5932,34.3504,38.3787,35.119,34.5577,37.4233
4703.125,38.0728,36.8823,39.7536,39.5759,40.744,41.2035,32.9428,36.4687,39.4414,36.012,37.3037,36.4755,37.8177,39.4627,35.4833,33.5728,38.5348,38.4612,39.7647,31.1005,38.7908
4718.75,41.7559,41.0192,37.4428,37.6967,35.725,39.2788,41.0347,34.1881,35.4487,40.7648,34.5853,37.8747,39.7911,43.1997,36.1852,43.6944,44.1213,35.9951,38.5761,37.9857,37.2335
4734.375,37.6608,43.3295,41.9531,42.9232,46.551,36.7534,40.4961,43.3112,42.1908,40.4145,45.4543,42.3659,36.7173,37.5913,39.6271,35.8556,35.2843,45.0645,40.7063,40.1236,38.1955
4750,44.1305,45.2256,44.1903,41.6976,40.2637,49.7262,43.7137,44.2152,36.6196,39.6684,39.5774,40.9491,43.2219,43.6555,36.9657,47.5523,49.0754,42.3696,47.5204,36.3227,41.4799
4765.625,43.8501,44.6917,40.5623,41.409,44.8988,43.2583,41.5771,40.6045,51.3176,42.7111,46.2903,40.8995,43.5369,42.8018,34.1807,39.7123,41.3089,40.1745,38.1201,35.8204,43.0389
4781.25,46.0803,44.3781,50.7932,39.7471,47.704,42.7632,43.9645,44.4699,36.1268,50.7544,42.1911,44.2341,41.5149,45.8434,37.4739,44.9107,45.3403,52.0419,47.2592,39.2253,42.0888
4796.875,42.3927,48.9148,36.2444,48.1595,45.9594,45.8055,38.8444,43.2065,48.8359,40.3251,43.5843,44.7252,48.6797,45.0034,41.9417,43.1965,45.5091,42.1183,46.5774,40.4199,41.268
4812.5,47.5884,44.2584,54.2864,45.5469,40.7741,43.7949,56.7285,44.7208,43.0381,46.7754,49.0496,48.7859,44.0576,46.9531,34.2007,47.8004,46.3258,50.0793,49.1429,37.5922,46.8773
4828.125,44.7842,52.4687,43.0285,44.5726,46.6205,46.4967,33.6864,43.9165,45.7559,45.5784,40.4087,42.667,44.8858,47.7996,37.1241,44.2023,50.2589,44.6407,43.4415,37.0125,42.5037
4843.75,43.4004,45.6296,45.0369,43.1967,47.8665,46.6827,50.0547,47.6821,44.6634,44.7602,49.9487,45.908,44.0336,43.9262,38.2515,43.7594,44.3583,49.0897,47.7746,38.3507,46.0351
4859.375,46.7644,49.5479,47.7857,45.2497,51.2005,52.2509,43.0038,42.1589,45.0231,42.096,42.3547,40.9407,42.9946,49.8538,34.8186,46.3846,49.367,45.7644,48.1698,38.1079,43.4976
4875,43.8336,43.4292,40.9388,46.9232,34.9158,37.2408,46.517,44.9163,45.0007,47.0826,43.3389,49.2212,44.5003,46.7087,37.2033,45.3355,42.1806,45.8434,48.83,38.204,42.8588
4890.625,42.1324,46.8571,45.4104,40.864,52.1754,47.6976,43.908,44.4908,41.7236,40.7406,39.5485,37.0686,40.0305,42.3608,35.2496,42.8295,48.8588,42.8008,41.6152,36.0006,45.0683
4906.25,42.3222,50.7268,39.4299,37.2745,47.9223,43.2816,35.7391,37.4194,39.6674,44.4426,40.3917,43.7853,43.1597,43.2275,36.8515,39.0744,40.3749,45.9258,49.014,30.4063,40.1165
4921.875,42.8209,38.1242,38.1357,38.9125,38.0261,41.2889,44.035,40.759,41.13,34.5095,42.8159,45.3251,35.8788,43.3182,30.8613,42.1404,47.9058,38.215,45.8317,35.8237,38.3034
4937.5,38.6614,43.9965,41.4046,42.7782,37.8172,42.5042,34.1904,35.5658,32.4412,36.9327,34.8387,30.4947,39.4618,43.9433,28.4668,38.3084,39.3032,46.8102,39.8493,34.8494,39.5627
4953.125,36.9283,42.7544,35.9426,30.7982,44.0527,39.2391,38.93,37.3268,34.7003,40.9189,29.4082,36.142,36.6259,38.2767,28.7285,34.0185,40.3894,37.8682,40.0325,28.3217,38.1576
4968.75,29.21,39.5366,33.4149,36.4163,32.0986,34.3905,35.4892,32.6075,37.6662,30.2939,42.2697,36.0798,30.8876,36.271,32.2979,32.8167,37.301,37.5496,40.0059,30.4658,32.0548
4984.375,34.693,30.6385,33.0227,27.457,35.0054,37.9478,23.8873,30.5334,31.5936,32.2582,30.3408,30.5941,34.5636,36.1454,26.5846,32.7609,33.8259,33.4497,32.8819,27.8001,33.0186
5000,25.7065,37.9126,27.5092,28.4488,35.3659,29.7682,27.1339,29.0693,28.8962,27.9294,22.6863,26.1194,30.7231,31.1325,20.4873,25.3872,37.8836,32.4712,33.4508,23.2372,34.2503
5015.625,27.5929,25.7819,28.978,27.2504,31.718,35.0462,26.8707,24.642,21.1367,26.0743,28.7997,27.0387,19.2119,32.0243,26.4636,30.8729,24.1824,29.3236,29.401,27.5591,29.1696
5031.25,26.4533,32.1649,19.4454,24.2321,21.9485,18.0965,22.7767,25.3256,23.9128,23.6809,23.6042,23.5252,27.1649,26.3786,21.93,20.7101,29.4736,28.9743,32.8609,22.0851,20.3376
5046.875,20.8471,26.0626,27.1726,16.4312,30.5459,30.7287,27.7937,18.4928,23.2986,22.9261,23.9752,23.4084,19.3044,28.607,21.5395,24.0845,24.8075,24.0638,24.5045,20.9058,25.3854
5062.5,19.7181,15.0212,21.6405,23.0745,17.0783,18.3781,13.2116,20.3218,25.5341,17.6475,13.5596,19.362,17.7006,17.5628,17.635,19.0276,19.0101,19.8194,19.5196,15.8968,21.7382
5078.125,16.369,24.1559,10.8939,16.2616,23.2762,19.0641,20.276,20.779,11.6534,17.0057,20.6674,15.9918,18.3073,17.2948,13.7306,17.7969,22.4351,21.6068,20.003,16.8028,17.82
5093.75,14.8117,15.0485,14.6048,17.648,15.7671,15.2785,9.5905,13.9022,22.0156,14.2913,13.8151,18.4255,15.6234,19.0126,15.7901,14.7852,12.7669,12.0102,15.9735,10.3273,13.3538
5109.375,13.4639,14.042,17.4257,12.4889,10.5946,17.7664,14.3878,12.9772,12.108,18.4622,13.0259,11.9658,13.3271,16.5549,14.0938,10.5228,13.2235,14.7846,10.0138,20.7276,12.9037
5125,11.9584,14.6619,6.8728,15.1256,10.327,0.9372,17.3208,11.8943,10.4821,10.4463,16.6703,14.0234,12.9579,2.6433,7.7211,15.2451,11.6389,10.2877,11.6595,4.1529,11.2803
5140.625,15.7222,2.2546,15.7902,14.6114,7.7947,13.9941,12.8157,8.8713,11.1689,14.8208,7.0168,14.4219,13.9144,10.032,10.5133,11.5023,7.8751,13.5405,5.0751,11.7577,8.9027
5156.25,7.8094,2.7881,11.0075,10.3733,7.3556,3.2995,10.0106,13.6265,12.1577,5.8292,13.1391,9.8345,12.3712,10.5622,5.6722,14.4368,3.602,1.7761,4.399,1.1756,4.9626
5171.875,14.6916,3.869,8.7636,10.7871,9.1316,5.4993,9.1807,11.3331,15.3942,15.3978,10.1245,10.1402,16.6803,3.5633,8.6025,9.5059,3.8288,7.2718,2.8959,9.946,5.0711
5187.5,12.9171,2.7809,15.4157,16.0974,3.2213,3.6461,15.0015,15.3788,7.0098,13.4068,15.4229,11.5042,11.8239,7.1482,3.1875,15.1513,4.549,5.856,8.6681,5.1131,4.2528
5203.125,12.132,7.9564,13.137,9.5993,10.9209,8.7863,12.9018,12.6982,16.9204,12.6609,15.1516,18.9973,12.5463,1.5496,5.7454,12.0726,6.0924,4.7879,5.1138,2.05,9.1102
5218.75,16.1639,8.572,11.2125,19.9702,10.6967,6.0372,17.6156,12.4216,14.0442,14.8647,12.1694,9.9339,15.9289,7.6188,3.7407,13.6981,7.1836,5.8223,5.5139,1.8121,6.323
5234.375,12.3216,10.0415,14.9189,14.2434,7.6592,9.9857,14.9161,18.6748,14.2124,13.1548,14.2118,16.0219,9.4883,11.2172,0.8949,13.9209,10.449,11.1958,11.7451,3.2797,11.3513
5250,16.5347,13.0575,18.8078,11.6377,8.5167,12.4484,16.1756,12.3124,16.6615,17.4534,16.5954,16.7109,21.1846,13.546,2.7041,18.7432,11.0753,8.3591,15.6082,5.5373,7.5475
5265.625,14.0664,11.7446,13.7882,16.6318,17.969,7.3931,10.9015,17.6773,13.1981,17.841,16.1042,18.1566,13.6936,9.4745,4.0808,10.6047,12.7712,12.4214,9.3425,9.4039,9.733
5281.25,17.0565,15.4322,18.1834,20.4383,8.3539,15.5056,22.2176,18.7904,19.4461,14.0833,14.8902,17.5545,16.2314,12.758,2.7643,22.3635,13.9673,15.7369,15.6072,4.6982,11.7449
5296.875,17.5505,19.1089,22.9957,13.565,13.1324,14.9049,11.2298,14.086,16.3362,18.6032,18.3845,15.4989,17.0072,17.0871,4.1073,13.7818,14.7231,12.0094,16.5502,4.79,13.6213
5312.5,18.9741,10.5356,13.7728,19.5047,19.5587,13.3588,20.1042,20.2997,16.4733,15.6174,12.8505,15.3284,18.3673,13.6602,9.2882,18.7956,18.0704,15.1,14.92,3.8039,9.5544
5328.125,15.7128,18.4999,17.0436,14.7907,11.8693,14.2864,15.9404,15.7952,19.6958,16.7005,22.3955,22.1829,15.1927,18.1418,0.5803,16.4203,10.3476,13.5826,16.5012,8.7018,14.9898
5343.75,21.0874,18.0359,20.203,18.821,13.261,20.3867,19.7641,17.3988,15.5676,19.2368,14.4157,12.6625,18.8139,13.4722,8.2821,16.7186,16.7338,16.8584,13.0247,7.0353,11.827
5359.375,11.2711,16.2129,16.8952,16.7871,18.0202,7.9753,15.7896,19.6784,15.5471,17.641,19.8567,18.9138,14.4373,13.1251,8.1071,16.7378,13.9029,13.9748,17.1947,4.6818,10.8582
5375,18.5174,15.4615,17.5584,12.8832,13.9319,14.0965,13.3657,12.8582,14.5708,12.0358,12.0856,15.9729,16.0918,13.9293,3.338,16.5814,16.4843,17.0465,16.061,5.0742,11.1416
5390.625,15.5025,16.3938,12.4413,17.5188,15.4735,11.6489,16.3487,19.2081,16.4451,16.5115,18.2113,10.934,19.9096,14.8243,3.4617,13.7883,11.1986,11.1313,8.5142,4.1654,10.0121
5406.25,13.5088,6.9967,18.1177,13.1196,10.4075,10.6959,18.1409,11.6041,16.6442,15.4887,13.5948,21.1104,11.256,11.2337,3.702,14.3393,14.5882,11.2089,16.2496,2.5904,7.9093
5421.875,15.8448,15.327,10.2967,12.9638,8.1029,12.0432,10.9669,17.3198,14.631,9.5136,17.9176,11.531,18.7305,11.3448,3.6239,15.2455,8.8245,10.2646,8.6892,3.6449,9.3886
5437.5,10.0213,10.7142,12.5755,16.2728,6.2349,9.0623,13.8828,10.3043,15.4469,19.1066,12.91,14.5654,8.7734,8.5182,5.257,12.7052,8.7677,8.5191,9.2188,1.0795,3.3206
5453.125,16.6462,3.2236,16.1083,12.7206,13.577,1.2857,15.9833,16.5157,10.6409,11.7101,10.7518,10.9613,16.0192,4.251,3.5997,13.9098,5.0658,5.8584,6.5449,2.8544,4.7196
5468.75,9.0759,8.1898,13.2792,12.032,5.1912,10.1664,12.4005,12.4239,12.2712,13.5821,13.2211,12.5975,9.7015,3.5256,3.1239,12.7695,4.3178,1.9957,2.7785,7.546,2.8685
5484.375,14.0962,4.2519,5.8467,11.4854,3.9728,7.0085,6.3187,12.4323,13.1146,18.8475,13.6537,13.9188,14.8396,4.4844,2.6727,11.3412,2.4819,0.98,0.9492,7.7058,1.627
5500,9.6182,8.9478,12.1774,11.4175,4.978,3.3696,15.9871,11.4013,13.0173,5.7291,10.9634,14.0535,13.1435,7.8913,6.7044,11.931,2.8309,4.4274,7.1581,6.477,2.7314
5515.625,13.3247,2.9916,13.8105,12.091,9.0165,7.1193,10.9494,10.7427,13.1722,15.4275,13.2862,11.2569,12.826,5.353,8.8964,10.7053,6.7882,8.9108,5.1764,5.7627,7.2371
5531.25,12.0414,14.3441,13.1454,12.8042,8.296,7.3177,13.1799,15.8094,12.1594,13.5512,8.8286,13.1756,10.6764,11.2485,13.1953,12.2676,7.3026,8.7817,7.8535,12.5792,12.349
5546.875,16.3269,7.1257,10.9586,11.9686,10.966,14.6165,12.6437,10.1034,14.4245,11.3626,16.7995,13.0879,14.0034,14.9916,11.7924,15.1131,14.316,9.8886,14.4262,15.89,13.1452
5562.5,11.0525,13.7736,14.5525,15.4989,20.2658,13.2578,16.1611,14.2902,12.7358,14.3901,9.112,9.8526,12.476,16.1541,15.7256,13.2788,17.43,17.121,14.659,17.3263,16.287
5578.125,14.8973,25.4289,16.0867,11.3893,16.3806,20.9867,13.6269,15.9562,16.456,11.2587,16.6183,17.0508,17.2688,18.4528,17.5348,14.9948,15.4466,19.906,20.6828,17.6728,14.9009
5593.75,13.4572,15.5292,14.1242,16.0296,22.0517,16.7789,14.8712,13.255,15.7654,19.6964,12.0865,18.9253,14.1874,24.5822,20.0145,16.965,23.6705,18.585,23.8441,19.7704,24.452
5609.375,16.3315,27.9343,13.5979,19.6633,23.5005,29.9815,16.2041,16.937,13.6514,16.847,21.4269,7.9327,18.6534,20.9647,24.2133,13.171,24.011,25.6009,22.6073,21.3318,25.0273
5625,18.366,30.562,23.6973,15.7581,25.4118,23.4937,18.201,19.161,19.5386,17.3922,19.2248,25.1475,16.1171,25.9339,21.9937,19.2178,26.4747,27.3566,28.8186,27.5123,21.9268
5640.625,19.6867,26.778,12.8436,15.5592,34.2881,32.1705,21.1364,15.46,15.3596,13.5101,13.9784,13.2034,18.999,34.3145,25.3658,17.1012,29.7146,30.7671,29.5237,22.4333,30.8315
5656.25,17.4807,34.1225,19.3413,20.2358,30.22,28.6314,13.9222,18.8296,23.804,19.755,18.8248,22.9222,18.1551,30.6763,27.7466,20.8902,32.7721,32.9326,35.2238,31.2358,30.4541
5671.875,21.0093,36.9184,23.6281,21.1095,34.3361,37.3399,23.9523,19.0997,14.4847,22.3663,23.145,17.7508,17.036,34.6328,27.5313,17.5653,33.9199,33.5559,37.432,28.3669,31.792
5687.5,19.6196,37.3177,20.2603,21.0014,34.1495,36.4448,17.6715,23.2178,22.8177,19.0032,20.2841,20.8319,20.9403,37.846,31.7932,22.7541,38.0681,39.5244,36.4167,31.0465,37.4278
5703.125,21.5718,39.1042,19.4964,20.5318,38.699,36.7471,21.1389,19.9171,18.0272,22.2263,18.3964,23.0471,22.9329,37.1923,29.8576,21.3409,39.2463,34.5069,40.0929,31.3764,39.0845
5718.75,22.5282,41.1655,23.0892,18.942,39.125,39.727,19.8489,20.2083,23.8368,16.3406,24.6117,18.351,20.5918,38.5933,31.3503,20.4953,35.7774,42.0218,38.2745,29.7136,36.0356
5734.375,20.9833,38.1557,24.6421,25.2474,40.2201,42.3265,21.5509,21.5761,19.5413,25.4615,15.894,18.8958,17.0278,40.856,34.2089,26.1903,44.4216,38.598,40.181,36.2885,36.7326
5750,24.3753,45.4281,21.3284,17.6363,44.8895,37.4141,20.3804,22.1915,23.6082,21.0309,23.1351,25.8221,25.6507,42.8996,33.0631,23.3139,38.7638,43.8946,43.2782,36.4514,37.7583
5765.625,23.5246,40.9169,19.7287,22.7847,37.5825,44.7531,23.772,21.5169,18.9256,20.866,23.7312,20.8485,20.0395,42.791,35.1999,16.4998,42.9653,40.0237,39.7095,28.9686,42.7154
5781.25,22.5831,46.17,22.5568,20.4452,41.375,37.2626,17.771,17.4728,23.6047,23.9238,16.1858,23.2245,19.7789,35.0819,30.6695,24.7395,42.6679,41.796,41.5985,33.0304,36.1495
5796.875,21.4559,41.7191,24.5594,21.0914,43.7308,42.111,23.476,22.0535,16.4601,19.5615,19.6106,17.6906,22.6191,46.0197,32.341,17.086,40.8626,39.5278,41.492,34.6802,37.5271
5812.5,20.8242,36.9435,19.3223,20.0043,36.681,37.9177,14.4059,19.2865,20.1087,14.2034,24.4278,21.8962,17.6761,38.0621,32.6352,22.4005,38.7939,39.5374,38.7222,30.1694,35.0828
5828.125,17.7696,40.0836,20.0294,19.7778,42.1424,36.1137,19.137,21.2569,20.6374,21.3505,16.7375,19.9552,17.6825,38.8267,27.9728,20.0138,37.5392,39.8748,37.8029,32.2017,35.7917
5843.75,20.8778,35.7054,16.5039,15.4426,29.5384,38.3394,18.6421,16.9485,15.0467,18.5048,17.1406,15.1954,20.1774,33.5887,28.246,16.1459,37.8975,35.4792,34.8604,27.5782,33.6871
5859.375,15.9911,35.9293,16.4189,14.2773,33.9592,32.9014,15.0174,16.392,15.6845,18.3606,21.0793,17.2033,12.7719,37.6251,27.3266,17.6658,32.4956,34.6257,32.1719,25.0651,32.6188
5875,19.3681,34.422,14.5203,20.1581,35.4412,32.0509,21.5645,13.1861,20.0358,12.0181,10.3488,13.8835,19.8596,28.6675,26.5998,14.2867,31.1688,30.3136,33.6136,27.8614,28.4821
5890.625,11.992,27.3945,19.0396,14.148,26.0829,29.7692,9.9577,15.624,11.5028,15.9214,16.7245,15.3277,11.9921,28.2533,21.2834,12.2383,28.5143,27.6854,24.9243,18.7183,26.7917
5906.25,13.1927,29.6105,12.0063,11.6859,25.5721,23.1429,10.7185,8.5699,10.9615,13.123,10.3247,15.1283,7.7158,28.0896,21.8552,14.5307,25.1058,23.2005,23.643,24.369,22.1886
5921.875,11.1236,20.8396,8.9406,9.5142,22.7504,27.2267,13.2693,12.5878,14.5348,9.0764,11.893,8.0396,14.8357,18.8831,17.4061,10.7864,22.6546,23.5741,24.8688,14.9189,21.3005
5937.5,5.8528,14.8892,11.3633,11.3876,19.5313,13.9588,5.0059,11.3095,5.7192,7.491,7.3477,8.2541,7.8411,20.6186,17.677,9.0906,16.4815,19.1578,16.1348,14.7292,15.403
5953.125,12.5836,18.7012,6.425,8.0255,13.7374,17.0203,13.6597,7.1981,10.9711,14.0919,8.2979,5.3447,7.8992,11.7906,10.1564,8.6816,16.4576,13.2851,16.5999,13.8316,14.0302
5968.75,3.8845,10.686,9.2467,6.7867,11.6546,11.7961,6.154,4.279,3.6836,2.9706,5.8849,8.7985,6.1865,11.9563,9.0788,6.182,10.7058,12.2471,14.3918,9.197,9.7751
5984.375,8.356,9.9917,3.4088,5.9534,7.7043,7.3233,3.308,5.1595,5.8292,2.4769,8.7229,3.9598,7.1876,7.4188,6.7888,6.3241,6.8043,8.2386,4.5859,5.0733,10.3671
6000,6.9782,4.1938,3.6803,3.8767,6.0536,8.0019,8.0057,4.5446,4.5331,5.7781,1.4432,2.2387,6.4253,4.2621,4.6619,1.9136,7.0226,5.9471,8.1,9.1014,3.2198
6015.625,2.504,8.1765,3.9252,3.1515,4.1866,4.0653,2.7596,2.2452,3.7683,2.6624,6.5845,7.0076,5.2638,7.6371,4.9925,6.6964,6.1424,6.4911,8.9343,6.7367,7.953
6031.25,8.8551,9.69,10.9497,6.9316,13.662,13.9302,8.419,10.252,7.6649,11.4528,2.7416,3.3307,10.4265,9.3759,6.5082,5.1614,8.8881,10.7259,5.992,8.0969,9.9823
6046.875,5.4131,11.0029,6.5328,7.3398,14.1355,14.907,7.5764,6.472,9.3396,8.8515,10.7938,8.1482,7.4804,13.1583,11.8814,8.0326,14.8111,15.2644,16.2873,13.0281,15.1902
6062.5,11.0429,18.6861,10.736,15.159,22.7091,15.6689,9.8513,6.1242,4.3922,9.5573,9.7317,9.0774,5.7051,18.5849,12.648,10.2617,18.1412,16.8068,20.6266,13.8529,14.3779
6078.125,10.0928,22.0253,9.9188,8.9491,16.497,25.4425,11.971,16.2684,15.0964,11.9285,10.1839,13.7137,14.0508,21.7516,19.26,11.2817,19.0017,21.3699,18.9537,13.2283,21.2389
6093.75,11.7091,25.1174,15.261,13.0601,20.2339,21.0342,7.0658,10.2545,10.6428,14.627,9.1381,10.9143,12.2405,24.7675,14.8611,14.3662,26.1313,26.841,25.0257,23.8988,21.784
6109.375,16.3023,27.6915,11.4322,15.1161,31.043,27.2813,17.8721,8.8926,14.0559,12.5516,17.7613,12.9443,15.9504,27.8546,21.1253,10.3113,27.0665,23.8892,26.5494,17.2264,28.7613
6125,13.0099,29.3216,19.4411,16.098,29.1307,30.7325,16.5104,20.977,14.0183,13.9453,12.682,17.4346,14.2018,28.8054,25.7909,19.0331,30.4298,31.3271,32.3329,22.6695,25.1785
6140.625,18.5366,34.9566,18.0546,15.9179,34.1233,32.3844,14.0154,14.4254,18.9986,16.6798,19.9347,12.8403,17.8212,38.6156,24.5468,14.7223,33.9385,33.1454,32.3064,30.3665,32.1002
6156.25,18.6889,34.0756,19.0154,15.9419,28.7341,34.7271,16.9932,16.7196,15.2979,17.2712,16.1532,18.4741,18.5029,30.1566,27.3622,18.8281,35.2468,33.6221,36.9254,25.6074,30.4349
6171.875,18.8948,40.566,16.1886,19.0629,43.6375,36.796,20.9614,17.9891,17.0815,15.5988,17.7831,19.0224,16.8589,38.7839,27.9215,16.2432,36.8828,40.3028,39.3242,26.9314,36.2579
6187.5,19.5832,38.696,20.5911,17.2703,35.1886,40.2386,14.6014,16.1917,18.1241,17.1822,16.5246,18.306,18.2642,39.9053,29.4249,20.566,37.8601,36.8472,34.2324,32.8592,33.1893
6203.125,19.0277,41.3036,18.9335,18.6965,39.724,37.4017,18.5957,22.2896,18.0604,21.4998,18.4651,16.4848,17.9661,37.6626,32.0495,14.1603,41.9,39.7175,43.2728,27.3729,38.6481
6218.75,21.1814,40.2878,19.2142,18.9677,42.4777,40.2026,20.0221,17.156,18.6824,20.3666,19.2118,22.8294,21.3919,40.4491,29.6373,24.5033,37.2276,40.7694,35.5323,34.1271,34.5806
6234.375,20.2355,38.8362,20.5793,17.1053,41.7833,37.9967,16.4634,19.2247,19.6031,18.6537,20.5471,17.0974,16.8005,43.3669,31.3918,16.3098,42.9599,38.5874,40.1456,31.1717,37.1593
6250,18.6811,43.4641,18.5851,20.6336,37.8687,41.9259,20.6323,17.8151,20.0238,20.6158,17.1953,18.8173,20.4454,34.6608,32.455,18.5032,39.0624,41.2871,42.1524,27.6775,36.4081
6265.625,21.9776,44.0016,17.6448,15.6879,34.5457,40.9667,16.4208,17.1012,15.8204,19.9909,20.7044,16.1199,18.1258,39.919,31.0439,21.1048,38.2589,38.327,35.2265,33.0192,38.4331
6281.25,15.8613,35.1145,23.9042,20.3739,45.8361,33.2921,20.6786,18.5389,17.5208,17.8534,14.1384,19.2108,17.9193,39.1948,30.1685,16.6413,38.5898,37.808,39.1146,27.5911,32.2794
6296.875,17.731,39.3958,14.0026,16.974,33.4753,37.7676,11.8811,19.4185,19.825,16.3802,18.455,14.8327,14.9585,38.3541,26.2816,17.201,36.7291,35.2081,34.0032,31.0937,34.6319
6312.5,17.3041,33.8964,22.5552,14.8833,35.5431,29.5794,18.547,13.1633,14.4457,12.8822,16.8635,19.467,14.835,29.4675,29.7791,16.9979,31.8211,37.1545,35.802,26.6542,32.035
6328.125,17.0025,35.8068,12.8752,15.721,25.9782,40.8603,17.7135,17.8189,13.4257,19.1218,18.0153,14.7299,19.7771,34.9826,26.9413,17.2196,34.8329,29.9843,30.0348,25.4764,30.0977
6343.75,15.3234,31.6902,14.8502,14.9992,32.3271,22.3158,14.2759,14.3991,15.5999,17.6847,12.7083,14.2626,12.0277,31.3121,24.3677,11.5448,29.915,31.9669,31.6775,25.0789,26.1207
6359.375,16.6448,26.6159,16.2508,14.6846,31.1864,28.6115,15.9081,14.3397,13.7957,9.8333,10.6606,15.2264,15.3721,24.9044,20.6792,18.9304,27.3334,24.6146,23.246,22.2684,28.4978
6375,12.6874,22.8713,13.8227,13.3589,19.685,26.7616,11.7718,13.3463,14.7293,17.141,17.4207,14.6025,13.365,26.3281,22.4134,12.4414,22.5571,23.982,27.6903,20.7343,23.0673
6390.625,14.1563,24.6505,16.8512,16.0506,23.1106,20.6605,12.3526,14.9603,12.8841,11.483,15.1503,11.5366,15.3731,19.26,19.312,12.973,21.9066,23.9696,21.1729,20.7878,18.9402
6406.25,12.1449,18.6726,11.9888,12.0209,16.3577,19.3498,15.4484,16.1375,9.6233,18.6033,14.7997,13.878,13.5146,19.6587,19.2985,15.4907,18.4796,18.0698,16.2876,16.7688,18.9882
6421.875,15.7388,19.4045,16.4951,14.1734,20.6533,19.4981,10.4975,10.1401,20.0697,7.7281,12.1386,16.985,15.1926,17.3606,16.3763,13.1132,18.0091,17.128,20.0085,19.3603,19.0349
6437.5,13.4192,17.3163,16.1257,15.0346,18.5582,14.6035,18.4138,15.6795,14.6599,19.8178,16.3604,12.1874,14.6197,18.0782,15.718,15.0003,19.0115,17.9881,20.891,14.7945,16.652
6453.125,16.1492,13.9561,11.7406,16.7513,17.164,16.7869,14.4771,14.8641,15.4537,14.8656,13.8006,17.0068,14.446,19.8212,16.8433,15.6364,11.8801,17.5574,14.2343,16.7736,16.7885
6468.75,16.9584,22.5677,19.7309,14.8045,17.1174,20.5299,17.4017,19.5046,14.4865,14.8402,17.1876,17.5734,20.0098,17.1434,14.6408,16.7206,21.3609,17.6717,18.5315,14.2294,16.7288
6484.375,17.2707,16.1552,14.9652,19.4411,19.7324,20.1061,18.2643,17.824,20.1777,19.3811,19.5964,16.9232,15.5541,16.5687,18.0132,18.3499,19.3854,16.9354,19.6953,21.5687,21.0377
6500,19.5356,25.893,19.2019,17.6995,24.2194,24.1195,17.9044,17.2207,18.1905,19.0899,18.5498,21.5846,18.7321,23.2988,16.9679,19.0982,19.7992,24.3763,19.7158,17.2785,19.8699
6515.625,21.1473,20.9524,21.777,22.7016,18.0588,19.8014,22.3145,22.3288,20.9991,21.151,17.2773,20.5997,19.8721,24.1648,22.0608,21.268,25.8793,23.031,26.3589,18.8004,21.261
6531.25,22.7938,30.4375,22.4974,22.0481,35.5447,26.6863,21.1038,17.8363,18.8234,22.8085,24.8506,19.9245,24.2742,29.1575,20.7018,21.6545,26.8289,26.7608,28.7888,23.7962,27.8497
6546.875,22.5296,30.57,22.59,20.1127,23.5283,34.6933,25.6032,28.3954,25.2,16.9297,21.8013,25.717,20.11,29.3651,22.3047,21.2983,31.7782,32.1286,29.0433,22.9141,26.2038
6562.5,23.746,31.5415,25.0481,23.8127,37.4862,26.3148,21.501,22.9797,24.2874,28.5562,22.7157,20.3375,25.5008,31.23,24.8163,26.2452,31.2492,32.5808,33.5163,24.2983,31.5425
6578.125,26.8855,38.7196,26.4283,25.9452,36.538,38.3095,23.0842,23.599,23.1453,23.66,27.6363,28.0032,25.0083,36.9698,27.9734,24.5845,33.446,33.6143,34.7854,26.6316,28.5866
6593.75,25.0988,36.3339,26.8182,25.7987,35.9459,34.9627,27.6048,24.684,28.5816,27.059,22.9269,29.6579,27.591,34.434,28.6877,24.6688,39.602,37.2277,32.3877,28.6914,34.5293
6609.375,29.254,39.1627,26.4943,28.4498,34.04,38.0728,28.2657,28.6931,23.5081,24.483,29.6598,20.935,25.5222,40.2579,28.0009,29.9295,37.225,37.8188,39.0125,28.6959,36.357
6625,29.389,43.6182,30.8775,25.1126,46.6565,43.4806,26.6463,25.7656,29.6325,32.3613,25.2228,28.8779,24.6161,41.8646,30.8471,26.7053,40.7341,40.2272,41.3652,28.5334,37.126
6640.625,28.721,45.0694,24.0587,27.634,36.1087,41.9989,25.5022,29.0963,22.8259,22.4624,29.7765,27.0549,30.5429,38.4384,30.1046,25.3663,42.3623,41.7797,40.0915,28.0246,36.462
6656.25,27.8717,39.7785,30.0606,27.4463,44.1321,36.6185,25.4022,27.9602,30.8195,31.0412,25.7918,26.7849,27.5979,40.7493,31.5145,30.9813,40.0595,41.4407,40.2794,33.0493,38.6974
6671.875,30.4696,42.915,26.2897,26.9825,37.5039,40.2582,29.3022,29.3823,27.2767,25.4024,28.0864,29.7951,26.6981,43.2486,31.4939,24.6166,41.5066,42.1352,42.0643,30.0076,35.8705
6687.5,27.1221,45.9184,31.1659,29.1613,45.5636,47.8709,26.8129,22.0549,29.5311,30.2507,23.9857,24.6252,28.8213,43.2021,32.1826,30.3901,43.3546,40.9363,39.7501,31.2507,37.1961
6703.125,29.0251,40.0408,28.8475,25.0291,40.1299,42.5449,28.5954,29.861,23.0558,24.5823,30.9957,29.2108,24.4005,38.452,31.3914,26.2615,36.5783,40.3088,38.9391,29.6466,38.6459
6718.75,28.0474,42.8285,23.6707,27.8488,42.1618,38.4204,23.6324,26.0278,26.8429,25.2307,25.9171,25.669,26.1048,39.6567,28.9596,24.85,45.5374,36.9612,41.8158,28.4515,33.9981
6734.375,26.0343,39.0362,29.4386,26.7849,33.8804,36.4091,26.7811,23.8699,24.912,26.5758,23.2759,22.933,22.9361,40.6368,28.2456,25.8924,37.0134,42.4461,34.9649,28.6544,35.9994
6750,25.9527,36.5597,25.5255,24.6608,40.2742,41.3345,22.8911,26.5914,24.9751,27.5824,27.7182,26.2443,29.9155,33.1628,29.6373,26.7882,37.1437,35.3632,35.9663,28.9981,34.2484
6765.625,23.5648,37.7828,22.4983,22.8933,29.7887,29.9037,22.8048,24.0921,22.9177,18.4087,22.0127,23.0219,18.9479,36.5651,26.2929,21.921,33.2603,35.7312,34.6782,25.0383,29.8356
6781.25,24.0261,34.1674,24.5586,25.0412,41.8777,30.0919,22.2722,21.1272,22.6323,22.4298,20.4645,23.9013,25.789,33.5368,25.2561,23.172,32.3046,28.169,30.0293,23.5713,29.2362
6796.875,22.2984,28.6401,19.2168,17.2359,20.4159,37.6617,21.9938,20.0251,23.2813,23.9026,21.6611,16.8825,20.5151,28.2673,22.4743,21.2638,30.1711,34.3043,30.0057,22.8113,28.559
6812.5,20.4859,28.4903,20.6554,21.937,27.2246,12.6819,21.8857,23.1347,17.3909,23.8169,22.9943,26.0039,21.3328,27.2189,23.1916,18.8984,28.3656,23.7694,26.017,23.2683,23.7604
6828.125,18.1945,24.5072,19.0286,14.5325,25.5555,35.7564,13.7928,14.8927,17.1709,13.3876,15.0954,12.1917,13.7455,21.4738,18.3819,19.6474,21.9051,26.1551,24.3227,15.0066,21.7307
6843.75,17.3133,20.5632,18.3855,22.2833,16.422,22.9112,15.6371,16.3202,15.1448,13.8381,19.9149,19.8579,20.2095,19.8035,18.8424,13.2141,22.9817,18.2559,17.8506,18.6358,20.2976
6859.375,15.3759,19.4229,17.238,12.515,24.0029,11.8129,21.3352,16.9503,18.5825,18.4499,16.2744,15.5061,13.8108,16.5295,15.9166,16.6888,14.2022,18.3198,16.8586,15.4585,13.8073
6875,14.2638,11.395,11.2637,12.8473,10.313,18.4968,15.3755,13.0502,11.7679,14.1469,13.3961,14.3713,13.7456,14.4261,12.3162,13.9403,15.8428,13.4346,13.695,14.1428,16.0588
6890.625,11.4925,10.2447,10.9761,10.9687,14.908,5.7694,10.7137,14.8792,15.5194,9.7496,10.0406,9.9975,11.4744,12.2748,10.095,12.6798,9.4247,11.8384,11.6459,8.4709,8.6826
6906.25,11.9296,8.5967,10.0426,13.6858,9.6373,13.5521,10.0297,12.2312,8.7481,9.0193,13.8166,10.4535,12.3691,6.1925,7.1971,10.6959,7.9545,5.4215,7.1377,10.4651,8.8058
6921.875,4.5485,4.478,10.5827,7.7625,12.8944,7.9298,9.0026,8.0433,10.3694,15.3544,4.9718,8.1325,9.6972,4.9117,9.2898,8.4964,5.7141,6.461,7.358,6.8131,6.1753
6937.5,11.6461,7.838,5.3498,7.4201,6.7199,3.3488,10.0908,13.7534,7.2141,2.6662,9.9795,11.3169,9.1695,6.9842,7.7335,7.0557,5.6565,6.8592,5.2994,7.8159,9.3848
6953.125,2.9798,5.5287,9.2672,6.0063,11.9252,7.167,3.8028,7.5359,5.8081,12.8345,4.7376,2.0771,6.9866,5.8476,6.3011,6.3827,7.7426,5.4167,8.95,7.351,7.5167
6968.75,6.5356,10.3092,3.631,4.4437,10.1928,11.7085,4.3515,8.5533,6.5739,4.92,5.4632,10.6766,6.3421,12.0426,9.0059,4.3998,7.9126,12.2948,10.0174,7.8683,7.862
6984.375,1.8601,14.6414,5.4096,3.4697,15.3882,10.8593,4.4218,5.0053,4.4832,7.0333,5.3873,5.5443,6.2557,11.5591,6.9609,5.1627,14.4942,14.1758,11.514,7.6482,11.1878
7000,2.8946,15.3101,7.2376,4.6338,19.8561,16.3526,4.8785,6.1692,3.0306,7.5017,3.8869,3.4598,3.9552,17.7945,9.9076,1.9741,14.6283,12.1703,16.828,11.4453,10.7104
7015.625,2.3567,19.6869,3.0619,4.3453,12.6757,15.6868,4.6829,5.6605,2.7986,3.1053,0.9052,3.7319,6.7229,12.5241,10.8688,2.426,17.97,19.9895,15.8262,10.4259,18.6524
7031.25,1.5594,20.6272,1.3849,1.0554,18.3771,17.85,1.9315,3.6825,2.5925,6.8811,2.666,2.7037,2.3726,22.7644,13.5306,3.0672,18.3496,18.3826,19.8898,12.5371,14.7319
7046.875,3.8652,20.3877,2.9278,0.6573,18.7067,21.2488,0.8352,2.9864,2.0563,2.469,3.3933,4.6336,0.929,21.3001,14.4216,1.8072,22.3784,21.7134,18.2172,12.0224,19.1135
7062.5,3.8471,26.5216,5.3149,3.5557,28.4862,27.3563,6.2368,4.2223,2.3747,5.3095,0.765,3.2797,4.6072,20.4977,12.9319,3.2527,22.5743,19.6746,24.9766,16.9566,20.7696
7078.125,2.8369,22.575,3.0974,3.6876,15.0488,21.2855,3.7661,1.9115,2.5573,11.5149,2.2798,3.0314,6.3046,26.4672,15.838,2.5198,23.0244,26.1044,24.3533,13.7214,17.9896
7093.75,5.1823,25.3535,4.9375,3.5327,37.9713,26.0945,5.471,6.6181,2.3312,28.1647,3.8919,11.0527,2.9998,21.8676,14.1153,1.1699,26.5534,21.7908,21.6636,15.9174,22.9127
7109.375,3.0231,29.7868,2.272,1.84,16.8411,24.6527,3.3927,4.7717,3.5139,6.3263,3.1373,1.8866,8.9994,25.5741,16.9454,4.8279,23.7584,27.3286,25.955,18.2274,21.7873
7125,5.0118,22.2218,7.6597,3.9915,25.9317,21.3353,8.2056,9.0684,4.8236,29.2538,4.6616,3.8994,4.0343,23.3941,16.1573,5.6158,26.8564,24.7081,25.8496,15.2518,22.6923
7140.625,4.8544,29.5471,2.0024,5.757,22.3163,27.5338,1.7507,3.2234,2.6558,27.2267,8.8915,7.3189,3.282,26.5624,16.6736,3.3396,24.9621,24.7791,24.736,16.3755,22.6899
7156.25,5.3936,27.1999,6.304,4.5539,27.6972,24.3503,6.0456,3.994,7.1138,24.595,0.7528,7.5024,9.1334,25.7704,18.6723,5.6394,22.2102,27.6744,25.1718,17.8673,21.5467
7171.875,6.239,24.4715,7.0162,3.4419,23.9494,24.0067,3.6468,5.3997,6.1185,30.0027,8.9143,4.298,1.1614,27.0936,16.1163,6.9137,28.182,21.4622,23.9405,16.8545,19.1647
7187.5,7.5453,21.7172,4.0555,7.8892,20.6802,23.4993,6.9615,10.323,3.992,25.3259,2.8762,12.7609,9.084,20.5438,15.3877,6.2768,21.5002,21.7111,21.4946,14.8085,22.4935
7203.125,5.2709,24.984,6.9558,6.6758,23.4708,20.0822,4.6839,1.8466,7.2036,34.0094,5.0845,3.8689,6.3953,21.2453,17.8367,6.299,21.3799,25.4693,20.7602,15.4131,19.6304
7218.75,7.1197,20.5413,9.6231,5.3029,21.4889,26.65,10.1785,11.2652,6.9892,27.0971,9.303,5.3545,5.786,23.8418,11.5775,6.4193,22.0972,18.1885,23.9453,15.1976,18.4999
7234.375,6.6268,21.7783,8.2176,11.7193,18.9255,19.1445,4.0281,4.2909,5.4673,14.8913,8.7744,11.8669,6.779,14.0164,15.1248,11.9885,17.3308,19.9737,15.315,12.3945,17.7631
7250,7.3851,14.6517,7.9621,8.2136,17.1122,16.5249,12.0742,7.8295,14.3553,18.6882,8.3092,10.8952,10.5989,21.9259,12.9429,5.1133,18.0532,14.2608,18.6227,15.8844,14.7999
7265.625,9.1812,18.9288,5.1136,6.0755,16.192,14.6296,8.0741,14.0437,6.4137,27.9675,8.5709,4.2851,12.3235,14.1761,11.0297,12.1773,16.0294,18.1137,15.6364,12.9171,14.2954
7281.25,9.6942,14.9436,13.5,9.7983,14.4462,16.2315,10.0959,6.9931,10.7742,6.5189,11.5547,10.6735,9.1653,17.0751,13.1607,10.8653,16.0868,13.1291,14.6203,12.9007,14.3695
7296.875,10.399,11.0114,10.9705,11.956,16.4462,10.838,10.2974,10.8992,11.9288,10.7503,7.5296,17.2211,13.092,11.6694,13.0885,7.2146,13.9613,13.8202,15.2721,12.6717,12.993
7312.5,13.0136,13.8691,10.8651,9.9286,7.8981,16.6133,11.6257,8.0068,8.7972,10.4924,11.843,11.0017,9.3627,14.9494,12.2294,13.4414,11.0109,12.4135,11.4589,13.6806,14.3052
7328.125,10.404,12.9628,11.3861,11.6374,18.4802,9.6925,11.1456,13.6276,13.6128,13.6255,11.413,12.5368,12.4295,17.3913,13.403,9.0373,15.2513,12.4101,12.8514,10.8237,12.2311
7343.75,13.5703,18.272,11.2984,12.8492,14.2732,17.1895,13.3651,14.3915,11.2168,6.744,13.6587,20.5395,9.998,12.8109,12.9511,14.9424,12.5582,18.4357,12.7954,13.6467,12.7575
7359.375,12.4352,12.1694,13.3388,12.7393,15.839,15.7344,14.0865,8.4729,13.59,13.5506,13.394,7.8007,18.2763,15.7845,13.9179,11.754,14.472,11.2692,12.122,13.2843,13.0088
7375,14.7648,18.7579,12.656,13.4948,14.7753,18.9494,13.0808,14.5514,14.1243,15.2394,9.2269,13.5914,7.757,16.7188,15.1459,12.9189,18.8366,18.9909,20.5279,11.9071,16.3618
7390.625,13.0836,18.8136,15.5227,10.9963,22.7581,18.9149,12.2336,13.0893,11.7982,21.1841,17.2325,16.5726,17.0029,19.0503,13.9417,14.434,17.5487,18.0886,16.7282,15.6864,17.0794
7406.25,14.9177,23.6266,13.0677,15.0432,20.8077,20.5216,15.6742,17.6646,15.9231,11.9769,13.7518,12.544,8.9539,21.4867,15.7344,12.0571,19.6121,20.8269,19.9825,13.6812,19.4058
7421.875,13.5725,22.188,15.7765,14.7119,21.6575,21.1589,11.9109,9.9722,13.1304,17.9673,12.1131,12.9578,15.9194,19.7671,17.9168,14.9115,24.8859,23.6669,21.0923,15.9712,19.043
7437.5,15.2128,26.1439,13.2828,13.0814,23.8502,24.9846,13.234,15.9032,12.6841,9.9657,13.3332,14.2591,15.1679,26.9545,16.8902,13.399,23.2132,21.5855,25.0064,18.9251,22.1237
7453.125,15.9578,25.7797,16.6112,14.7023,26.4386,26.4664,15.9482,13.6361,15.9138,12.5143,15.3056,15.8152,15.8751,23.9147,19.2155,13.8018,24.9424,27.0731,25.6431,17.2519,23.7229
7468.75,15.0192,32.8184,13.7063,12.5513,26.067,28.4968,13.156,14.2591,12.3246,18.129,10.1079,15.0757,14.1994,31.4778,20.8785,15.0017,31.2498,30.2344,27.7368,18.9035,24.2089
7484.375,14.7936,27.2287,15.0743,14.9233,32.0785,30.2165,15.2165,16.1,15.237,14.4812,20.5024,13.5517,12.1699,28.5541,20.0384,13.7384,28.7185,25.7378,28.0634,21.2411,28.4659
7500,16.5038,36.9057,15.2634,12.4575,33.099,27.8736,13.7269,13.7839,13.1014,11.8188,11.2726,12.7431,13.8845,30.4765,21.6923,14.2023,31.1963,32.8539,31.46,19.7392,25.1887
7515.625,14.38,28.1052,16.4079,16.4989,27.963,35.922,13.7356,10.1421,13.805,15.4865,14.7394,13.7286,15.4158,29.6347,23.0142,15.8866,32.0378,30.4078,28.3497,22.7533,29.7114
7531.25,15.8956,38.7662,12.6039,12.4562,35.8133,32.0029,13.1231,17.4272,16.5363,17.3911,14.4449,17.0071,14.3793,37.5139,21.2279,10.1761,32.9697,34.5698,34.9486,21.7734,29.0084
7546.875,15.1052,36.0064,17.1457,16.3743,32.9055,30.3994,17.6011,14.6639,12.4778,17.1844,17.0066,12.5537,11.1893,32.7172,25.7498,19.243,33.9021,34.5714,32.2478,22.2372,29.9947
7562.5,14.1596,34.9692,13.0011,11.5433,34.6169,37.3874,10.5874,11.5288,11.5762,10.2703,14.2809,16.0705,15.2907,36.6487,22.8678,10.8501,37.1716,33.1073,35.1134,27.7496,31.3625
7578.125,17.5921,35.6352,19.316,18.6962,35.8587,34.0709,12.0008,13.2202,14.3339,13.1411,11.3398,11.7198,16.9631,30.3284,23.5871,14.2714,32.0069,36.9484,34.385,22.4855,32.4205
7593.75,13.4268,38.305,15.032,8.3039,32.3085,34.4508,15.5816,15.787,15.8972,23.5201,19.3649,17.1634,11.398,39.0054,27.475,15.3699,36.4231,33.406,37.3272,23.3816,28.4337
7609.375,17.3184,34.6334,12.7044,17.5101,41.2629,35.8953,14.7139,13.7845,13.7087,11.9183,15.0554,11.7121,16.7958,33.1074,24.2084,15.9295,34.298,37.3851,31.6409,23.7723,31.0758
7625,15.2872,35.7911,18.2873,17.0263,27.1717,34.4305,13.0623,17.0292,16.7026,12.9459,14.1527,17.8238,16.2947,31.0719,25.5131,16.4207,34.7035,33.3547,36.0373,27.0083,33.1974
7640.625,17.5872,37.7672,19.6915,14.1493,38.5676,30.2549,17.0247,17.2573,13.5293,15.1621,16.1279,15.9774,14.7133,38.5605,26.5702,13.4428,34.9054,33.1929,33.2429,27.1403,30.3533
7656.25,17.1839,34.6534,15.3311,19.0352,31.1764,33.4733,17.863,13.1676,16.9598,18.5255,21.2767,14.3585,16.3611,29.6246,23.8034,19.153,33.5412,35.4837,31.5699,22.196,31.0797
7671.875,17.8636,32.5602,21.0973,14.15,35.4798,36.267,13.5775,18.041,19.5294,19.2657,17.6992,18.5154,19.444,35.4509,27.2318,16.2232,33.3257,31.1323,34.188,26.7446,29.1689
7687.5,17.787,34.0339,17.73,21.553,27.2516,28.7466,21.0133,21.3517,16.2921,14.0643,16.997,16.5968,16.9372,30.1563,24.3855,18.7566,30.4607,31.7062,32.2602,26.1584,31.0486
7703.125,20.1729,30.7732,18.3185,17.444,31.7586,32.7631,17.8862,18.0328,20.2578,22.1112,22.1536,19.4838,19.9381,31.0342,25.1285,18.8087,31.5846,29.8392,27.586,24.333,27.7249
7718.75,21.1938,29.966,19.8738,20.6761,28.1853,26.4656,19.7208,20.9279,19.9386,23.0336,17.9992,20.9379,19.664,31.791,25.8864,20.7118,28.7862,30.6045,30.9796,25.4001,27.9327
7734.375,21.9113,26.4814,24.0255,21.153,29.4482,29.219,21.5104,19.4866,22.9238,20.6342,22.337,21.2238,21.3924,27.3514,23.7167,21.1401,28.3667,26.6549,27.0494,24.51,26.6412
7750,21.9722,29.5834,21.2191,21.7037,24.6514,26.7136,23.0124,23.0136,20.3414,20.6356,20.9641,21.7667,21.0706,23.8008,24.8683,21.7356,26.9691,26.5652,27.3897,24.4112,26.2221
7765.625,22.9085,25.3573,23.5083,23.0114,26.0372,23.6304,20.5724,22.4501,23.5973,21.7581,23.5755,23.2489,24.0755,24.6688,23.7795,22.192,24.4535,25.8285,24.2887,23.6494,23.9309
7781.25,24.3153,22.1809,23.0671,24.0573,24.3871,24.895,25.7066,23.1969,23.1552,27.9815,24.4134,22.5027,22.9463,26.6233,23.9214,24.71,24.3592,23.172,22.4828,23.798,24.8226
7796.875,23.5078,22.6455,24.4866,24.0808,21.6854,22.1979,23.6097,25.7184,25.168,20.3902,25.3187,24.6547,26.0701,21.5252,22.9549,24.2895,22.1144,22.4138,22.2121,22.8936,21.6888
7812.5,25.7908,19.7729,26.0363,25.7476,19.8668,19.0154,26.3195,26.1778,25.8356,24.4953,23.3383,26.0903,25.858,19.5513,22.0016,25.544,19.9835,20.4856,21.1261,22.8424,21.1146
7828.125,25.3,18.9481,24.9902,26.8338,20.4653,21.7262,26.2957,25.0511,25.192,30.5271,27.6752,25.6413,25.746,20.1135,23.1522,25.4821,19.723,18.0375,17.8223,22.174,20.0039
7843.75,26.7314,17.8524,27.2178,26.5307,16.9662,15.9585,26.4651,28.0024,28.345,27.5734,27.0349,28.3056,25.9514,16.5018,20.9277,26.7036,16.4718,19.1001,18.1452,20.1335,17.163
7859.375,28.2441,13.9537,27.1585,27.79,16.4379,17.1183,29.1152,26.8424,27.0116,26.9794,27.7755,28.0211,27.8174,17.1692,21.5099,28.0975,16.0804,14.8161,15.7749,21.5033,18.4706
7875,26.505,14.5309,28.9141,27.9584,15.0313,15.1102,28.4401,28.4244,29.6004,26.3123,28.0765,27.59,27.967,14.2316,20.5092,27.8174,14.1716,14.3578,14.5029,21.4111,16.4289
7890.625,27.5943,13.7042,26.1278,28.4143,13.7676,12.7208,27.0405,29.5217,27.9991,29.7577,28.317,28.6191,28.6546,11.5397,19.5641,28.1617,12.959,14.6502,13.5539,19.3171,15.1511
7906.25,28.1288,9.8487,28.228,28.867,13.3693,13.3442,30.2593,27.5736,27.854,31.5943,28.4962,27.9798,30.7989,14.7747,20.5349,28.7511,12.7762,10.3998,11.2741,19.7535,15.2691
7921.875,27.6823,8.7972,27.6782,29.7236,8.5636,10.5847,30.8924,29.7764,30.0882,25.1958,31.1285,29.701,27.7399,9.7357,18.2281,29.2665,9.7711,11.8466,10.6483,19.6798,13.6972
7937.5,30.2689,10.2107,30.8918,29.4159,12.0194,9.1413,27.9195,30.6082,30.6482,30.1923,27.4205,30.75,32.293,9.5154,19.4036,30.0329,10.487,9.9039,10.4472,19.4683,12.185
7953.125,28.0388,6.5608,27.6233,30.7836,9.7424,11.0825,31.9158,29.0996,30.0248,32.3732,31.1809,29.86,28.0474,9.8769,18.4074,29.2468,8.397,8.0486,8.7914,18.9315,12.8233
7968.75,28.728,7.0828,29.6183,29.3468,8.8897,7.9287,30.2731,29.1579,29.4101,29.1735,30.3863,29.9102,30.6329,6.6244,17.9656,29.6729,7.9688,9.5044,8.5133,17.5703,11.0928
7984.375,29.5899,8.83,28.2649,30.5386,5.8316,7.3289,30.6029,31.905,29.0142,31.7735,29.0578,30.9476,30.774,8.4005,19.0742,30.1509,8.3544,7.8868,9.2342,18.0758,11.3211
