60.7367172,-0.8308821,-1.0178742,-2.0544247,-1.3042821,-0.0689063,-1.1032578,-1.2791075,-0.5509143,-0.643512,0.0000059,0.6435026,0.5508938,1.2791109
62.4127044,-2.0160861,-1.6748442,-1.4720239,-0.5255427,-0.4968805,-0.9392057,-1.173345,-0.943172,-0.4753276,0.0000055,0.4753195,0.9431493,1.1733481
71.6474227,-5.2701816,-2.9821853,-1.1777534,-0.3475523,-0.1164727,-0.9181271,-0.4411364,-0.2462864,-0.4288392,0.0000054,0.4288289,0.2462604,0.4411406
65.8991699,-1.7646374,-2.8417806,-2.8672385,-0.0691223,-1.4640254,-1.7319779,-1.2936077,-0.5688362,-0.9647906,0.0000065,0.9647828,0.5688119,1.2936112
64.1338577,-2.3958048,-2.3806552,-2.206402,-0.623498,-0.0049539,-1.1065988,-0.960057,-0.5440907,-0.8964769,0.0000058,0.8964678,0.5440679,0.9600611
67.4748916,-3.132904,-2.324871,-1.8601684,-1.2076287,-0.5809708,-1.60469,-1.4065291,-0.5823522,-0.4977232,0.0000059,0.4977126,0.5823276,1.406533
61.9465484,-1.4576544,-1.3650979,-1.9005241,-0.4501109,-0.2684193,-1.7461054,-1.3740522,-0.4100214,-0.8977948,0.000006,0.8977867,0.4099988,1.374057
70.2975616,-3.6435132,-2.5044703,-1.3265566,-0.7710276,-0.8675952,-1.356956,-1.1495885,-0.40714,-0.0942915,0.0000057,0.0942818,0.4071138,1.1495928
71.8594665,-3.1226415,-1.8764381,-0.9787293,-0.5357451,-0.1943917,-0.853911,-0.4655192,-0.6349111,-0.2753308,0.0000052,0.2753215,0.6348858,0.4655216
66.6835632,-3.8522138,-1.8716201,-0.9982129,-2.1746721,-0.5657043,-1.2680792,-0.248296,-0.0535135,-0.1044553,0.0000044,0.1044456,0.0534904,0.2483001
69.8666763,-4.7452063,-2.5737142,-1.1108961,-0.4472127,-0.2364287,-0.8400059,0.1717749,0.6474075,0.2184211,0.0000048,-0.2184318,-0.6474333,-0.1717703
63.0491027,-2.5736551,-2.5023555,-2.3290295,-0.7398071,-0.9860974,-2.124154,-1.1527087,-0.1716509,-0.5772814,0.0000054,0.5772723,0.1716285,1.1527118
64.4866714,-1.7709131,-2.3613557,-2.4110171,-0.547749,-0.2622719,-1.0671789,-0.6728258,0.0278201,-0.3361591,0.0000056,0.3361492,-0.027844,0.6728299
63.3636856,-1.802494,-1.9413161,-2.0370497,-0.2008362,0.0159349,-0.1977127,-0.2844613,0.0510631,0.230363,0.0000053,-0.2303705,-0.0510857,0.2844639
76.2966232,-4.5533795,-2.6616272,-0.415947,-0.4007411,-1.3196554,-1.0260996,-0.0249243,-0.2627473,-0.3403099,0.0000052,0.3403006,0.2627194,0.0249288
73.9562988,-2.974214,-1.6531977,-0.6928067,-0.3700008,-0.2298188,-1.452949,-1.1811754,-0.5310688,-0.0982605,0.0000057,0.0982504,0.5310428,1.1811792
66.3078689,-2.2261905,-2.70793,-2.3759193,-0.0376854,-0.3151603,-0.9871469,-1.3593575,-0.660779,-0.4100131,0.0000063,0.4100048,0.6607549,1.3593604
64.4391326,-3.053617,-2.5533895,-2.1443834,-1.2178745,-0.2022142,-1.8529212,-1.5097274,-0.4852757,-0.3747652,0.0000054,0.3747558,0.4852529,1.5097322
57.800457,0.0846415,-1.2162342,-2.8401491,-0.4653463,-0.9273894,-1.4306087,-1.4071869,-0.618185,-0.6979924,0.0000061,0.697985,0.6181644,1.4071898
56.2924118,0.3256865,-1.0028023,-2.5809502,-0.3695149,-0.6309366,-1.2576415,-1.3174469,-0.3175909,-0.3042356,0.0000059,0.3042285,0.3175706,1.3174505
56.626007,-1.0302548,-1.0991106,-1.6777036,-0.4676561,-0.2961173,-1.0102739,-0.986784,-0.3627337,-0.3463897,0.0000053,0.3463813,0.3627144,0.9867878
64.114685,-2.7354555,-2.2903881,-1.6927061,0.4948535,0.1345406,-1.3212795,-0.8305624,0.4323518,-0.1246587,0.0000056,0.1246483,-0.4323752,0.8305669
56.6854553,-1.0591754,-0.8736358,-1.4435038,0.1179872,-0.4754567,-1.1565992,-1.0213124,-0.2268863,-0.477856,0.0000055,0.4778491,0.2268664,1.0213162
66.767662,-4.013061,-2.5495595,-0.7523899,-0.0350332,-1.2600917,-0.8310314,-0.1408372,-0.0270157,-0.0605533,0.0000049,0.0605444,0.0269909,0.1408412
55.6555175,-2.1518492,-0.4821758,-0.3513684,-1.4124608,-0.9036227,-0.9078739,-0.287595,-0.4092312,-0.5220747,0.0000042,0.522067,0.4092119,0.2875984
54.3353805,-0.5294714,-0.0638695,-1.3886513,-1.1463994,-1.3849487,-1.2398188,-1.2079098,-0.2773589,-0.3726931,0.0000057,0.3726859,0.2773401,1.2079143
53.5887908,-0.822054,0.4162416,-0.4552407,-0.6647377,-1.1723692,-1.0513362,-0.7507274,-0.0978439,-0.2020333,0.000005,0.2020262,0.0978256,0.7507315
51.6613388,-1.3095564,-0.1390705,-0.3074417,-0.52353,-0.7056906,-0.0404158,-0.4175889,-0.2944579,-0.1608707,0.0000048,0.1608638,0.2944402,0.4175916
60.8162422,-2.8315525,-1.5652894,-0.7615356,-0.0778971,-0.3623171,-0.7556679,-0.4424608,-0.4238059,-0.2902428,0.0000047,0.290234,0.4237839,0.4424643
62.0374526,-4.5846586,-2.7097268,-0.9105087,0.1099529,0.0482302,-0.3685424,-0.0323501,-0.190522,-0.6298675,0.0000048,0.6298578,0.1904993,0.0323541
72.3092346,-3.8850817,-2.812045,-0.9467354,1.0260262,-0.1795769,-0.0531549,0.0997429,0.0971644,-0.0543244,0.0000056,0.0543152,-0.0971913,-0.0997393
66.0597839,-2.0477614,-2.6995072,-2.7239866,-0.6745248,-0.7493777,-1.0808463,-1.1523089,-0.1397469,-0.1001377,0.0000062,0.1001288,0.1397226,1.1523125
61.0787811,-1.370944,-2.9473071,-3.7278046,-0.469348,-0.6375003,-0.6863589,-0.3803661,0.6493807,0.0619491,0.0000059,-0.0619572,-0.649404,0.3803697
61.5286636,-0.2371263,-2.1072387,-3.6922314,-0.7924561,-0.5793209,-0.6179197,-0.7318296,0.2139505,-0.1428727,0.0000064,0.1428646,-0.2139734,0.7318332
72.7817916,-4.3397812,-2.4708814,-0.9580398,-0.627665,0.0415497,-0.5431237,-0.2530482,-0.15189,-0.3092341,0.0000055,0.3092236,0.1518645,0.2530527
61.8028793,-1.5675482,-2.1380343,-2.3330383,-0.4240341,-0.8802901,-1.1740672,-0.9014149,-0.1495597,-0.3737403,0.0000058,0.373732,0.1495378,0.9014189
57.8523941,-0.5826292,-1.4130301,-2.3239712,0.150939,-0.2737761,-0.8190051,-0.7503414,0.5795118,0.3954023,0.0000056,-0.3954097,-0.5795326,0.7503457
64.0622482,-2.8668403,-1.5807366,-0.7579861,-0.7957473,0.1459088,-0.0216143,-0.645515,-0.7612994,-0.4422976,0.0000054,0.4422894,0.761277,0.6455173
67.4146499,-2.78728,-1.8615517,-1.0954985,-0.5473676,-0.8815837,-0.8740879,0.2531052,0.2787476,-0.702805,0.0000053,0.7027945,-0.2787716,-0.2531002
65.1427383,-2.6307759,-2.8210468,-3.2156271,-1.5368685,-0.2696195,-1.0026016,-1.1266865,-0.2406054,-0.0799953,0.0000059,0.0799868,0.240582,1.1266901
69.758728,-3.2656803,-3.2835187,-3.1086339,-0.4598036,0.1726232,-0.698288,-0.9481504,-0.6682751,-0.3660865,0.0000061,0.3660769,0.6682494,0.9481542
58.9031639,-0.7954049,-1.6735959,-2.8184781,-0.0179329,0.2623544,-0.1615715,0.0648885,0.2039862,-0.2666699,0.0000053,0.2666622,-0.204007,-0.0648856
57.4209976,0.3108811,-1.1416654,-3.3110389,-0.7851891,-0.3681679,-0.7397125,-1.1841626,-0.3062502,-0.2029649,0.0000062,0.202958,0.30623,1.184165
61.5037612,-2.1016736,-2.2157859,-1.8201222,-0.1153622,-0.2195482,-0.5581493,0.0905161,0.6762778,0.0119958,0.000005,-0.0120041,-0.6763004,-0.0905123
63.4063796,-2.2591538,-1.9513154,-1.8655099,-0.7599411,-0.4203281,-1.2740781,-0.8459203,0.0431681,0.0516367,0.0000052,-0.0516458,-0.043191,0.8459239
84.2936248,-3.0419831,-2.3426313,-0.9447651,0.4188046,-0.7971163,0.0312457,0.192718,-0.113991,-0.2455859,0.0000067,0.2455747,0.1139605,-0.1927133
70.5317687,-2.6822748,-2.6171083,-2.5568757,-1.6458802,-0.9570675,-1.809401,-1.234554,-0.5561469,-0.7761278,0.0000061,0.7761182,0.5561216,1.2345588
63.7244338,-0.3545766,-2.431909,-3.9564003,-0.196434,-0.8961874,-1.1786417,-1.2161042,-0.3182566,-0.4588089,0.0000067,0.4588007,0.3182325,1.2161078
61.973381,0.9071584,-1.3024148,-3.2323076,-1.0058574,-1.2523412,-1.1168508,-1.2246165,-0.548913,-0.542344,0.0000065,0.5423356,0.5488906,1.2246193
64.1151046,-1.3387928,-1.6961331,-1.6572065,-0.6369553,-0.8311444,-1.2810044,-0.8414748,0.1444781,-0.1195154,0.0000056,0.1195059,-0.1445,0.8414793
59.2850341,-0.7249031,-1.8035049,-2.8247532,-1.3544359,-1.3598165,-1.2829234,-0.9879709,-0.3800332,-0.1292769,0.0000054,0.1292691,0.3800127,0.9879733
57.4038505,-0.0505247,-1.2373938,-2.8983728,-1.0204777,-0.7502875,-1.0681161,-1.1302297,-0.2580186,-0.1415481,0.0000058,0.1415399,0.2579984,1.1302335
58.935173,-1.5963773,-1.3267564,-1.8057384,-0.7969151,-0.1458645,-1.2812852,-0.8642488,0.1635909,0.073709,0.000005,-0.0737183,-0.1636115,0.8642526
63.3775024,-2.6837315,-1.9896245,-1.0591235,0.3273559,-1.3108935,-1.4477119,-0.9001892,-0.19438,0.0795468,0.0000051,-0.0795554,0.1943576,0.9001935
56.9640045,-1.3919181,-1.5689725,-1.6793663,-0.9392748,-1.4118342,-1.2288935,-0.4160104,-0.0299824,-0.2723569,0.0000047,0.2723489,0.0299616,0.4160144
59.6773223,-2.1055603,-1.851674,-1.6506736,-0.4822073,-0.4773717,-1.4436666,-0.9852272,-0.0569369,-0.1960062,0.0000051,0.1959975,0.0569159,0.985231
67.9041671,-3.3029141,-1.8650031,-0.9652172,-0.4491544,0.1282496,-1.491043,-1.0156919,0.057693,0.2096827,0.0000052,-0.2096928,-0.0577171,1.0156965
54.301094,-1.301289,-0.6149907,-1.7007448,-1.0991206,-0.9212887,-1.1541371,-0.8604904,-0.3786525,-0.2732808,0.0000049,0.2732735,0.3786337,0.8604934
52.1098556,-1.2701392,-0.611752,-1.67401,-1.2363018,-1.003875,-0.5890803,-0.3791759,-0.1116456,-0.5025472,0.0000051,0.50254,0.1116281,0.3791785
51.2646903,-1.7071013,-0.0513992,-0.7322187,-0.9036184,-1.3429877,-0.8692191,-0.7963243,-0.1638634,0.0841472,0.0000048,-0.0841545,0.1638459,0.7963264
52.4537277,-1.3432927,-0.3018966,-1.7449698,-1.8267631,-1.2110757,-0.6296952,-0.0384707,-0.0237831,-0.5207983,0.0000048,0.5207912,0.023766,0.0384738
63.8262977,-4.2272644,-2.2343544,-0.8530412,-0.7061472,0.2276139,-0.4114261,0.2297616,0.4764147,0.2352878,0.0000043,-0.2352979,-0.4764371,-0.2297568
64.6849288,-4.7703995,-2.7959423,-0.9643341,-0.0600634,-0.4416399,-0.392375,0.1768196,-0.051584,-0.294798,0.0000046,0.2947895,0.0515602,-0.1768155
66.6601638,-3.3984427,-2.5290436,-1.700756,-0.5434332,-1.0623655,-1.6671767,-1.4975399,-0.4194176,0.0545529,0.0000057,-0.0545629,0.4193935,1.4975442
58.2774047,-1.7635917,-1.8183808,-2.0778715,-0.7094364,-0.7039232,-1.0155167,-1.1445815,-0.2583019,0.2240667,0.0000052,-0.2240741,0.2582808,1.1445844
62.1190567,-3.0879864,-2.2701873,-1.4644165,-0.7037978,-0.2652087,-0.6916912,-0.7296233,0.0229268,0.0674291,0.0000052,-0.0674374,-0.0229492,0.7296264
58.3107833,-2.4433712,-1.981276,-1.8845136,-0.2874637,-0.4015951,-1.4716203,-1.1528632,0.016332,0.1599573,0.000005,-0.1599651,-0.0163524,1.1528666
55.7439117,-0.966827,-1.7821545,-2.7614498,-0.3294096,-0.3207092,-0.6709473,-0.7382996,0.4065976,0.2807077,0.0000055,-0.2807159,-0.406618,0.7383029
66.6250991,-4.4833688,-2.6432561,-1.1600461,-0.9465447,0.0215168,-0.9540248,-0.346967,-0.1098559,-0.1527486,0.0000046,0.1527388,0.1098311,0.346971
69.5452194,-3.0642638,-2.4435663,-1.5604448,-0.5941462,-0.9927226,-1.625946,-1.6885774,-0.7451677,-0.0714179,0.000006,0.0714088,0.745142,1.6885812
73.6610031,-3.1542391,-2.0219306,-1.1739797,-0.4209876,-0.237381,-0.7915502,-0.224587,0.0852151,-0.1867497,0.0000057,0.1867399,-0.085243,0.2245908
65.3389968,-1.8406147,-2.7357974,-3.2198028,-1.1282958,-0.4309282,-1.1607649,-1.3530683,-0.4743607,-0.4375488,0.0000063,0.4375403,0.4743366,1.3530719
66.9436035,-3.2363152,-2.3457307,-2.1874957,-1.5154805,-0.5010595,-1.0242509,-0.7014141,-0.4953787,-0.2769546,0.0000053,0.2769442,0.4953542,0.701416
59.1290168,-0.8684912,-1.7969403,-3.2313423,-0.6550488,0.0950465,-0.0887828,-0.408756,0.09369,-0.1837223,0.0000059,0.1837148,-0.0937117,0.4087596
66.8277053,-3.3595976,-2.0057697,-1.3953881,-0.1816277,-0.1677356,-0.8094106,-0.5101259,0.1094,-0.456749,0.0000059,0.4567392,-0.1094246,0.5101311
67.2056045,-2.2621545,-2.2951416,-1.841247,-0.113996,-0.0450811,-1.0363984,-1.273344,-0.5612473,-0.2348629,0.0000059,0.2348539,0.5612228,1.2733459
61.5990715,-1.1243672,-2.7461376,-3.5274057,-0.2471852,-0.3818989,-1.1672222,-1.6985833,-0.2563441,-0.2084627,0.0000067,0.2084548,0.2563212,1.6985862
60.4787025,-0.8364888,-1.5482339,-2.2641382,-0.596981,-0.1237087,-1.1485822,-1.8428876,-0.3679983,-0.0857437,0.0000064,0.085735,0.3679774,1.8428915
62.7034187,-2.6942987,-1.7423825,-1.6525621,-0.6074915,0.0906949,-1.0725462,-0.6296859,0.1416814,-0.0391432,0.0000051,0.0391339,-0.1417036,0.6296902
71.4654312,-4.5242738,-2.3958501,-0.711401,-0.6613259,-0.529696,-1.1107835,-0.4327717,-0.1212378,-0.2323533,0.0000052,0.2323427,0.1212125,0.4327774
76.4127502,-4.5363831,-3.3797416,-1.62082,0.4226999,-0.2580609,-0.7511182,-0.1815178,0.3668785,-0.0854614,0.000006,0.0854512,-0.3669071,0.1815224
70.6908111,-3.8646197,-2.982748,-2.1378474,0.0094328,0.4676924,-0.5724459,-0.6462369,0.1866529,0.1764225,0.0000059,-0.1764322,-0.1866791,0.6462409
80.8908309,-3.1961393,-2.3343353,-1.2987556,-0.430747,0.1044583,-0.2365041,-0.0841959,0.1618507,0.024441,0.0000063,-0.0244529,-0.1618803,0.0842002
77.5846176,-4.2714366,-2.2799363,-1.0383152,-1.4031639,-0.610137,-0.7055058,-0.3890119,-0.3387449,-0.290542,0.0000059,0.2905326,0.338717,0.389015
70.8018417,-2.4259276,-1.9303531,-2.0728068,-0.8571644,-0.4456248,-1.1141228,-1.0281281,-0.1875186,-0.2260683,0.0000063,0.2260578,0.1874931,1.0281324
62.8041229,-0.2342839,-2.4433922,-3.5355501,-0.6090913,-0.7214808,-0.9311454,-0.8947523,0.1822433,0.0222131,0.0000062,-0.0222212,-0.1822667,0.8947554
62.9643707,-1.1463055,-1.9466824,-2.9423699,-0.9273015,-0.0368299,-1.2210743,-1.3412311,-0.0153744,-0.0306855,0.0000061,0.030677,0.0153513,1.3412346
63.9468307,-3.7852978,-2.5106143,-1.536138,-0.9645472,-0.155303,-0.351155,-0.3501842,0.069551,0.3876076,0.0000049,-0.3876165,-0.0695746,0.3501861
74.0867462,-4.6761369,-2.3326406,-0.4918103,-0.4363265,-0.4019036,-1.0663619,-0.7822015,-0.6621938,-0.6499875,0.0000058,0.6499771,0.6621675,0.7822065
67.8382873,-4.0254755,-3.0837836,-2.0039019,-0.1466122,0.2804961,-1.1443614,-1.5950675,-0.8193756,-0.4575635,0.0000061,0.4575543,0.8193503,1.5950713
62.4683494,-1.8073787,-2.4337306,-2.9426977,-0.7288775,-0.3263473,-1.5499451,-1.7854976,-0.6740649,-0.6847968,0.0000064,0.684788,0.674042,1.7855005
69.2123413,-4.0386562,-2.4181914,-1.1548004,-0.9436765,-0.2999268,-1.2168712,-1.1252274,-0.7902672,-0.4160303,0.0000054,0.4160199,0.7902424,1.1252303
71.5972824,-4.8429527,-2.9651956,-1.3651814,-0.5645604,-0.0909829,-0.9457636,-0.9108927,-0.5656829,-0.1380696,0.0000055,0.1380595,0.5656564,0.9108965
66.3877944,-3.7360596,-2.618298,-1.8253512,-0.6049743,0.2147942,-0.6756182,-1.2055599,-0.7923152,-0.1121948,0.0000056,0.1121862,0.7922912,1.2055635
62.1513442,-1.9285502,-2.2075099,-2.388606,-0.8506661,-0.8545919,-1.1164069,-1.0890452,-0.3020718,-0.4730808,0.000006,0.4730722,0.3020492,1.0890486
75.9895172,-2.6340041,-2.2370615,-1.2730221,0.574563,0.6002855,0.2692881,-0.443707,-0.5024667,-0.186821,0.0000064,0.1868119,0.5024388,0.4437101
68.1362075,-2.8608999,-2.6526279,-1.5868921,0.4460087,-0.0529408,-0.572813,-0.5240848,0.1030753,0.0851653,0.0000056,-0.0851737,-0.1031005,0.5240879
61.5242462,-1.7212533,-2.4424152,-3.0334963,-0.3041191,0.6981525,0.1390514,-0.4668634,-0.0686755,-0.2153023,0.000006,0.215294,0.0686524,0.466866
66.7417831,-4.5734529,-2.4834733,-0.5605526,0.6027918,0.4921436,-0.3037205,-0.1079946,0.0903292,-0.4251044,0.0000053,0.4250952,-0.0903542,0.1079986
61.0094757,-3.3013143,-2.1530456,-1.8911356,-1.1037979,-0.1689763,-0.4660985,-0.266583,-0.3942361,-0.5864198,0.000005,0.5864112,0.3942142,0.2665868
73.2200241,-5.2755646,-1.9619965,0.1421995,-0.7106881,0.0393977,-0.6088524,0.0474071,0.0728867,0.1198647,0.0000047,-0.1198753,-0.0729125,-0.0474012
59.8539657,-1.8830838,-1.9991636,-2.9225764,-0.8503352,0.2484355,-0.2439754,-0.231065,0.193058,-0.3409132,0.0000056,0.3409053,-0.1930799,0.2310698
66.3510894,-2.8690147,-1.1493811,-0.8564849,-1.0118722,1.5354032,-0.8189536,-0.5848663,-0.0064771,-0.0035826,0.0000048,0.0035717,0.0064549,0.5848708
65.577301,-3.2772264,-2.063353,-1.3411273,-0.401845,0.1759324,-0.8594699,-0.124934,0.0077584,-0.4905329,0.000005,0.4905236,-0.007782,0.124939
60.5964126,-3.1641516,-2.5512876,-1.9263002,-0.3944869,-0.0831518,-0.7940068,-0.3976145,0.3054427,0.0731035,0.0000049,-0.0731131,-0.3054651,0.3976183
56.9933166,-0.7559495,-2.0917601,-2.8790473,-0.6469521,-0.6418719,-0.9695356,-0.8890863,-0.0042379,0.0575043,0.0000054,-0.0575122,0.0042175,0.8890892
68.0543212,-4.3785314,-2.2117195,-0.7656417,-0.6069245,0.5259666,-0.1418138,-0.5038583,-0.3335938,0.3078206,0.000005,-0.3078298,0.333569,0.5038617
67.6938247,-2.6623425,-2.2583422,-2.1725344,-1.318634,-0.8991003,-1.7348036,-1.4889292,-0.5167205,-0.1458503,0.0000058,0.1458405,0.5166957,1.4889316
62.7465782,0.2021155,-1.2541351,-2.7605583,-0.7856932,-0.6704636,-1.2699615,-1.4062798,-0.0069196,0.0336326,0.0000064,-0.0336418,0.0068977,1.4062831
59.5453338,0.6347909,-1.4123373,-3.298388,-0.1073971,-0.7308125,-1.0659728,-1.269586,-0.4094669,-0.6163405,0.0000066,0.6163328,0.4094453,1.2695884
57.3018989,0.1933823,-1.1606059,-2.9892897,-0.763124,-1.0756406,-1.4265112,-1.2527287,-0.0706102,0.2696432,0.0000056,-0.2696504,0.0705892,1.2527325
58.7400703,-0.3499422,-0.9353128,-2.1025252,-1.2388315,-0.4150352,-0.5333569,-0.7757151,-0.1625538,0.0676423,0.0000055,-0.0676501,0.1625329,0.7757192
54.5231475,-0.9291625,-0.7586112,-1.8159747,-1.4109182,-0.6251099,-0.7074985,-0.6585693,-0.1919888,-0.3306614,0.0000051,0.3306546,0.1919701,0.6585722
53.6558227,-1.6408414,-0.8679405,-2.2112348,-1.5896148,-0.3600194,-0.5921605,-0.0669432,-0.2100873,-0.6163368,0.0000046,0.6163305,0.2100683,0.066946
53.1964149,-0.6116853,0.2333178,-0.412673,-0.8815113,-0.8182752,-0.9171545,-0.766875,-0.5382813,-0.1602046,0.0000045,0.1601973,0.5382633,0.7668776
54.0139465,-0.3268876,0.1643939,-1.4348988,-0.9452816,-0.9568258,-0.5047281,-0.5170407,-0.6201679,-0.6108545,0.0000052,0.6108472,0.6201493,0.5170445
57.3036994,-2.8445005,-1.8172998,-1.3761768,-0.3439603,0.025825,-0.8730195,-0.3629692,0.3005463,0.2119016,0.0000044,-0.2119104,-0.3005669,0.3629732
65.1980438,-3.0606293,-2.0049343,-1.0710825,-0.6046414,-0.4975114,-1.058907,-0.5535901,-0.5002527,-0.9672304,0.0000054,0.9672213,0.5002296,0.5535946
59.1962509,-2.1484961,-1.062323,-0.5078282,-0.318697,-0.8157697,-1.0703508,-0.7971141,-0.4972274,-0.3847156,0.0000049,0.3847067,0.4972067,0.7971184
68.3648223,-5.0725932,-2.5183982,-0.7839684,-0.8370705,-0.287107,-0.9804974,0.0543933,0.2906964,0.3347155,0.0000042,-0.3347258,-0.2907197,-0.0543888
70.0272674,-4.1758613,-2.2030038,-0.9401207,-1.251965,-0.3609657,-1.4100861,-0.8277004,-0.1973677,0.0236585,0.000005,-0.0236701,0.1973438,0.8277047
62.1587677,-2.4720258,-2.7559971,-2.9224328,-0.8238445,-0.773129,-1.3129994,-1.2415616,0.1329186,0.0382634,0.000006,-0.0382729,-0.1329415,1.2415666
66.8948822,-4.3483929,-3.023889,-1.8359961,-0.9034772,-0.1802549,-2.0300731,-1.4384047,-0.4059234,-0.4549467,0.0000054,0.4549355,0.4058988,1.4384107
77.6019744,-4.5617341,-3.2156829,-1.2413392,0.1256571,-0.5575724,-0.3531303,-0.3076093,-0.1644936,-0.1399748,0.0000062,0.1399641,0.1644661,0.3076134
72.037239,-3.4195713,-2.5727744,-1.9466218,-0.52808,-0.2129626,-1.3567881,-1.3253064,-0.4958801,-0.5506181,0.0000064,0.5506088,0.4958537,1.3253104
73.8948745,-3.6857118,-2.5181102,-1.4559273,-0.5220776,-0.1195126,-0.8463526,-0.4409733,-0.0493972,0.2773344,0.0000053,-0.2773452,0.0493705,0.440978
74.0987091,-3.9502906,-2.689516,-1.7469959,-1.046122,-0.1639051,-1.5436639,-1.2764399,-0.130193,0.176023,0.0000059,-0.1760339,0.1301668,1.2764441
70.1586151,-1.9353246,-1.6575641,-2.0334877,0.1273894,-0.7501721,-0.9117403,-0.8641255,0.0859835,0.2255633,0.0000064,-0.2255721,-0.0860095,0.8641286
72.6832199,-5.4948053,-3.7497668,-2.311326,-1.232809,0.3610115,-0.9608455,-0.420912,0.1546516,-0.0637288,0.0000054,0.063718,-0.1546779,0.4209166
68.0535354,-4.1133584,-3.294784,-2.5194363,-0.1421003,0.1746964,-0.9432741,-0.9352806,0.1099682,-0.1643637,0.0000061,0.1643536,-0.1099935,0.9352849
69.9300613,-3.1646857,-2.5099625,-2.189754,-0.3056526,0.7047214,-1.5598959,-1.0528678,-0.073422,-0.9325274,0.0000063,0.9325166,0.073396,1.0528736
76.475708,-4.4774355,-2.5277614,-0.8148323,0.1345863,0.0206914,-1.3833694,-0.8379498,0.0371923,-0.1651257,0.0000059,0.1651148,-0.0372198,0.837956
75.9302825,-3.7266564,-2.9096465,-2.020276,-0.1258407,0.0258765,-0.7495017,-0.7066014,-0.2804999,-0.6054106,0.0000066,0.6054,0.280472,0.7066054
73.1448059,-4.2226629,-2.8891534,-1.9332408,-0.8336311,-0.5226207,-1.2538681,-0.9995501,-0.1976831,-0.0008063,0.0000059,0.0007962,0.1976557,0.9995547
78.4833602,-3.0013961,-2.4469175,-1.8807649,-0.677938,-0.2180557,-0.8120089,-0.3786516,-0.1527173,-0.5074457,0.0000064,0.5074359,0.1526883,0.3786552
73.2488479,-3.9725732,-3.0558781,-1.9953265,-0.5140152,-0.7834163,-1.2879815,-0.4149778,0.3329952,-0.1051085,0.0000058,0.1050974,-0.3330216,0.4149816
82.3039627,-3.8609676,-2.3440446,-0.6887574,0.3269095,0.4147458,-0.0660925,-0.6708608,-0.6969843,-0.1173347,0.0000065,0.1173239,0.696954,0.6708631
72.986885,-2.8442916,-2.7111697,-2.4646835,-0.6538463,0.7810655,-0.8781863,-1.5815596,-0.8376446,-0.4800118,0.0000067,0.4800021,0.837617,1.5815632
73.2783966,-2.6731324,-2.6737809,-2.1132926,0.2226906,-0.0952578,-1.3620853,-1.5565459,-0.8208013,-0.806741,0.0000069,0.8067304,0.8207741,1.5565502
73.7199783,-2.7935571,-2.316101,-1.6401681,-0.2238851,-0.2159848,-1.2082281,-1.8885547,-0.9761911,-0.8190979,0.0000073,0.8190873,0.9761653,1.8885585
74.75708,-3.5114846,-2.08118,-1.6360349,-0.7165513,-0.312037,-1.8364362,-1.1773827,-0.4967968,-0.6892802,0.0000062,0.689269,0.4967694,1.1773881
74.0074691,-1.5450305,-1.4963855,-1.1768064,0.4765859,-0.9409113,-0.9503842,-0.5186939,-0.0083513,-0.2388171,0.0000064,0.2388072,0.0083249,0.5186985
76.455841,-3.890872,-2.6743216,-1.2408165,0.044754,0.0455103,-0.7237334,-0.5722928,-0.2413971,-0.36183,0.0000062,0.3618185,0.2413688,0.5722964
82.553009,-4.3419909,-2.3101663,-0.6859512,-0.4904189,-0.8755007,-0.7613888,-0.1157584,-0.0243046,-0.3143573,0.0000063,0.314345,0.0242763,0.1157637
77.0034484,-3.7360887,-2.3059768,-1.4950971,-1.2268838,-0.7170782,-1.5720381,-1.1924161,-0.3911486,0.1986157,0.0000059,-0.1986278,0.3911211,1.1924211
72.782135,-3.5091147,-2.3764543,-1.5292968,-0.6196842,0.0290794,-1.9267654,-1.2509055,-0.1888592,-0.5756332,0.000006,0.5756223,0.188833,1.2509109
72.8584594,-2.9958357,-1.7318129,-1.6153268,-1.7284779,0.019125,-1.6086974,-1.590131,-0.070184,-0.531187,0.0000068,0.5311743,0.0701582,1.590137
75.3248138,-3.3154773,-1.6543722,-0.7645078,-0.9730316,-0.064045,-0.4978147,-0.5316837,-0.5283003,-0.2035581,0.0000058,0.2035472,0.5282736,0.5316877
76.9794311,-3.833065,-2.4364604,-1.5277929,-1.1856575,-0.6434407,-1.7129206,-1.0645673,-0.509167,-0.3455142,0.0000059,0.3455023,0.5091386,1.0645713
72.2840652,-1.8826484,-1.8873624,-1.3249797,-0.1022611,-0.4874983,-1.1839075,-1.0546617,-0.1476808,-0.0805876,0.0000062,0.0805774,0.1476543,1.0546669
84.017044,-2.5973024,-1.6377887,-0.914661,-0.6246181,-0.1875973,-0.2413502,0.147124,-0.0569715,-0.3459236,0.0000064,0.3459124,0.0569415,-0.1471193
81.0316238,-3.7319235,-2.4047222,-1.1496248,-0.2054586,-0.1362691,-0.6419511,-0.4936159,-0.298491,-0.3821483,0.0000065,0.382138,0.2984619,0.4936206
74.1971817,-1.3027372,-1.8039679,-1.7061882,-0.2958655,-1.0282139,-1.5365457,-1.2481589,-0.4592144,-0.3915775,0.0000066,0.3915676,0.4591868,1.2481622
69.3839111,-2.9115023,-2.2678351,-2.0543799,-1.2938165,-0.5696292,-1.785428,-1.1770348,-0.5193582,-0.8721881,0.000006,0.8721794,0.5193329,1.1770396
71.1547622,-2.5312752,-1.4494571,-1.4345622,-0.916082,0.1204963,-1.3586978,-1.3629565,-0.5241475,-0.392822,0.0000062,0.3928113,0.5241222,1.3629612
71.0659255,-2.0426673,-2.1840968,-2.5413198,-1.2113614,-0.683651,-1.6167597,-1.1315445,-0.1567726,-0.2844147,0.0000062,0.2844036,0.1567471,1.1315498
70.1401977,-2.4500885,-1.8149442,-1.1589741,-0.8206244,-0.4169044,-1.6265797,-1.4186642,-0.7421508,-0.2804756,0.0000056,0.280465,0.7421255,1.4186699
74.2868652,-3.5743079,-2.3585772,-0.8187747,0.4881697,0.1574898,-0.4215474,-0.5204833,0.1687098,0.0758837,0.0000061,-0.0758952,-0.1687362,0.5204873
77.0436477,-3.9796853,-2.9208183,-1.5911741,0.0216198,0.2909412,-0.6199169,-0.7176008,-0.5349586,-0.5233662,0.0000063,0.5233561,0.5349302,0.7176054
73.302124,-3.1335091,-2.749052,-2.1858234,-0.5763803,-0.1514935,-1.4891195,-1.4291667,-0.324837,-0.1102771,0.0000063,0.1102664,0.3248103,1.429172
70.7374725,-1.4804692,-2.9699726,-3.4902024,-0.5714288,-0.0831618,-1.1381497,-1.0974495,0.243731,-0.4951977,0.0000071,0.4951874,-0.2437577,1.0974543
68.986557,-3.5332865,-2.4943904,-1.9595131,-0.9688549,-0.0574679,-1.6506581,-1.264352,-0.2788451,-0.1209531,0.0000056,0.1209432,0.2788203,1.2643563
65.0482788,-1.4407,-2.0411052,-1.7264466,0.1298842,-0.7298207,-0.2939339,-0.2204497,-0.0502443,0.0236934,0.0000055,-0.0237021,0.0502205,0.2204528
68.9383392,-3.7239913,-2.3707275,-0.9556456,-0.380754,0.0348716,-0.4231501,-0.0790002,0.0296462,-0.1721176,0.0000051,0.1721079,-0.0296714,0.0790043
63.9409713,-0.9777599,-1.9426865,-2.1573169,0.2520652,-0.2342262,-0.8390806,-0.7523138,0.1194971,-0.3493549,0.0000061,0.3493466,-0.1195211,0.7523184
60.0361137,-1.20543,-2.253076,-2.7026882,-0.3220263,0.0750937,-0.2363472,-0.674545,0.3443989,0.1979691,0.0000059,-0.1979768,-0.3444208,0.6745481
69.726654,-3.1459498,-2.4903259,-1.5489573,0.0533199,-0.663146,-0.7593565,-0.0522439,0.4113815,-0.1751497,0.0000056,0.1751406,-0.4114079,0.0522487
63.4842414,-3.1961522,-2.595798,-1.8717279,0.143784,-0.1702223,-1.3150722,-0.8938799,-0.3038764,-0.66986,0.0000055,0.6698506,0.3038528,0.8938844
67.2925262,-3.9151072,-2.4892201,-1.1976914,-0.7416539,-0.3288565,-0.4857903,-0.2018168,-0.315011,-0.4684434,0.0000052,0.468434,0.3149872,0.2018211
68.7028579,-3.0896196,-2.3218007,-1.4710106,-1.0325379,-1.0483355,-0.7803965,-0.6736088,-0.5934763,-0.2712908,0.0000055,0.2712821,0.5934515,0.6736121
74.2355804,-4.5408802,-2.1722984,-0.7895236,-1.3364911,-0.3412576,-1.6282167,-0.9059077,-0.2497754,-0.2868997,0.0000055,0.2868884,0.2497489,0.9059136
77.9160995,-4.2003412,-1.7114353,-0.1449122,-0.2702866,0.3232131,-0.3962984,-0.2581055,-0.1155896,-0.007618,0.0000057,0.0076058,0.1155622,0.2581096
77.3427352,-3.5972719,-2.0195393,-0.6325884,-0.2122612,0.0668783,-0.4498992,-0.1218245,0.0282953,0.0065476,0.0000057,-0.0065579,-0.0283222,0.1218297
63.9695968,-1.286797,-2.5725712,-3.249181,-0.4143419,-0.3978591,-0.618417,-0.8571498,0.0650897,-0.1751155,0.0000064,0.1751077,-0.0651135,0.8571525
72.7983703,-3.9846801,-2.6860184,-1.5341844,-0.7388816,-0.0927873,-0.6590242,-0.5655556,-0.3062699,-0.2154556,0.0000057,0.2154446,0.3062446,0.5655591
68.9981994,-3.5951924,-3.0818777,-2.3461666,-0.6748362,0.0738935,-0.5577612,-0.4915428,0.1929669,0.088593,0.0000057,-0.0886022,-0.1929927,0.4915471
76.5567474,-5.1681075,-2.6563777,-1.1243853,-1.4218921,-0.5991559,-1.288372,-0.2171745,0.1710579,0.0454214,0.0000052,-0.0454328,-0.1710854,0.2171791
77.6410598,-4.7134242,-2.6061758,-1.1006417,-0.5900583,-0.0701575,-0.4747696,0.3818262,0.1018634,-0.1422251,0.0000052,0.1422129,-0.101892,-0.3818216
66.1377716,-1.0113344,-2.2284832,-2.9097557,-0.5231624,-0.9830265,-1.1826391,-1.4415864,-0.3799918,-0.4580537,0.0000069,0.4580448,0.3799672,1.4415895
77.8304595,-3.9845523,-2.565031,-1.3012919,-0.5055318,-0.266191,-0.0188627,-0.0067267,0.017179,-0.0066918,0.0000061,0.0066805,-0.0172076,0.0067301
67.7470321,-2.3542528,-2.8283262,-2.8464722,-1.0916376,-0.6760483,-1.1842064,-1.3274579,-0.554337,-0.2456371,0.0000062,0.2456275,0.5543122,1.3274612
70.7316436,-3.353682,-2.127336,-1.0435175,-0.082427,0.8836761,-0.4086795,-0.6206405,-0.1825645,-0.0930249,0.0000056,0.0930142,0.1825383,0.6206443
79.0267486,-5.0540046,-3.0016975,-1.1767139,-0.4788861,-0.231328,-0.856287,-0.6950607,-0.3669653,-0.3103373,0.0000062,0.3103255,0.3669367,0.6950655
76.7495574,-3.9677405,-2.2519378,-0.846068,-0.2762947,0.0305614,-0.4541874,-0.1444364,0.1897559,0.1183197,0.0000057,-0.1183308,-0.1897843,0.1444404
76.0661239,-2.9455695,-2.1890778,-1.3323197,-0.3818612,0.066431,-0.7172122,-0.5981958,-0.2459824,-0.2951771,0.0000062,0.2951669,0.2459545,0.5982013
78.6855087,-3.3416347,-1.2522792,-0.0910316,-0.659646,-0.074348,-0.8335739,-0.2453952,0.2286036,0.2892334,0.0000055,-0.2892455,-0.228631,0.2454011
69.2821044,-2.5384578,-2.5575528,-2.2116088,-1.0084347,-0.5726075,-1.4275174,-1.0453698,-0.0599461,-0.3426198,0.0000061,0.3426095,0.059921,1.0453748
73.3462905,-4.3155817,-2.8642377,-1.6144437,-0.6453166,-0.8692108,-1.4507288,-0.9963999,-0.4062316,-0.524928,0.0000061,0.5249176,0.4062047,0.9964044
76.5013046,-3.0573015,-2.1877145,-1.2764582,-0.697648,-0.6184311,-1.1748175,-0.9790445,-0.6428602,-0.3469755,0.0000061,0.3469647,0.6428328,0.979049
77.31707,-3.9647483,-2.9335699,-1.7959065,-0.2002869,-0.4682131,-0.9517231,-0.3326938,0.2652411,-0.0448422,0.0000061,0.0448316,-0.2652693,0.3326993
73.2463226,-3.5054326,-2.8615736,-1.7559156,0.1723814,-1.2635927,-1.5935611,-1.0043678,-0.1847246,-0.1939136,0.0000061,0.1939036,0.1846971,1.0043723
68.0254211,-2.8644843,-2.6499924,-2.3154678,-1.4905614,-0.2336965,-0.6288972,-0.6903481,0.1391642,-0.2653777,0.0000062,0.2653679,-0.1391895,0.690352
75.5060577,-3.3812317,-2.0556941,-1.0341472,-0.4931183,-0.0729404,-1.6371102,-1.0106158,0.1080489,-0.1115521,0.000006,0.1115398,-0.1080761,1.0106198
74.8267211,-2.2550263,-2.0310511,-2.1978316,-0.321167,0.3430891,-1.5800275,-1.3618354,-0.3650207,-0.9603049,0.000007,0.9602943,0.3649931,1.3618404
80.1810531,-5.1035456,-2.8277902,-0.7579284,-0.0319428,-0.1087241,-0.3727827,-0.0664182,-0.5296233,-0.7538218,0.000006,0.7538094,0.5295942,0.0664229
76.4981613,-2.6275258,-2.0579366,-1.3855485,0.0242195,-0.3514137,-1.2162828,-1.0374734,-0.5783763,-0.8294037,0.0000067,0.8293931,0.5783484,1.0374779
77.1018066,-2.2288141,-1.9827337,-1.4292731,0.1957698,0.484766,-0.5348811,-0.8337188,-0.130136,-0.3618256,0.0000069,0.3618149,0.1301076,0.8337233
79.9093322,-3.5189447,-2.6295075,-1.864696,-0.8553768,-0.0144138,-0.3824377,-0.2555292,0.1094909,0.3167183,0.0000061,-0.316729,-0.109519,0.255533
71.3596343,-1.8843917,-1.9116907,-2.2019515,-1.0771799,-0.2632189,-1.0660219,-1.3864679,-0.72065,-0.6023982,0.0000067,0.6023889,0.7206256,1.3864707
64.9316864,-0.3067765,-2.5674891,-4.1269903,-0.6345348,-0.9253517,-0.9380064,-1.7353107,-0.4346886,-0.1045004,0.0000073,0.1044916,0.4346645,1.7353129
66.6639251,-1.4057445,-2.2208929,-3.6715857,-0.3236594,0.8048034,-1.2141218,-1.5388283,-0.1194847,-0.4988812,0.000007,0.4988727,0.1194601,1.5388314
63.8778724,-1.4675135,-1.7657713,-1.9675836,-0.8393364,-0.2735715,-0.6237106,-0.8167391,-0.5150545,-0.3721209,0.0000057,0.3721118,0.5150321,0.8167417
73.1771316,-3.9693598,-2.4836382,-1.0471057,-0.283371,-0.6220417,-1.0756053,-1.0038301,-0.6118815,0.0018427,0.0000057,-0.0018524,0.6118553,1.003834
62.7351226,-1.3996849,-2.3443269,-2.9031181,0.1093273,-0.3080444,-0.8557034,-0.6791642,0.0552354,-0.5375029,0.0000062,0.5374947,-0.0552587,0.6791677
77.4495849,-3.6553626,-2.9149394,-1.2807192,0.5750351,-0.5222549,0.2313476,-0.1372533,-0.1729419,0.2850142,0.0000062,-0.2850243,0.1729133,0.1372554
68.9433441,-3.5297546,-3.2788443,-2.5990962,-0.2525678,-0.4580278,-1.1921505,-0.6929111,0.2318277,-0.3600726,0.0000061,0.3600628,-0.2318528,0.6929159
70.3982543,-3.6808452,-2.6959443,-1.5608553,-0.3711166,-0.2593102,-0.6884913,-0.9887073,-0.304631,0.3314297,0.0000057,-0.3314397,0.3046052,0.9887111
66.5147857,-3.129374,-2.8417625,-2.0179314,-0.9918709,-0.7224874,-0.527123,-0.6674216,-0.4590514,-0.1706173,0.0000056,0.1706083,0.4590268,0.6674242
73.881813,-2.9632639,-2.2333188,-1.4355735,-0.7604861,-0.0750885,-0.6489081,-1.0944893,-0.8702595,-0.2125415,0.0000061,0.2125314,0.8702333,1.0944924
71.3447418,-2.4470844,-1.9384398,-1.5011677,-0.4475517,-0.2519221,-1.4173374,-0.8986495,-0.1227813,-0.318032,0.0000059,0.3180222,0.1227558,0.8986542
77.9495162,-5.097579,-3.3887853,-0.7859464,0.2086081,-0.3516378,-0.5455337,-0.365823,-0.4510131,0.0768138,0.0000054,-0.0768251,0.450984,0.3658271
74.3844375,-3.0436635,-2.6267051,-2.3726921,-1.4765229,-1.0431933,-1.3845682,-0.9580565,-0.5802801,-0.6053421,0.0000063,0.6053324,0.5802529,0.9580595
70.7438659,-2.7980022,-2.3571934,-1.7443089,-0.6819062,-0.4356022,-0.2389016,-0.2509537,-0.0624902,-0.2302631,0.000006,0.2302541,0.062465,0.2509565
68.665245,-2.5520524,-2.2447147,-2.014049,-1.6788883,-1.1956658,-1.7708997,-1.3322119,-0.615766,-0.2044798,0.0000056,0.2044691,0.615742,1.3322165
61.4676666,-0.3133578,-1.9955525,-3.3567631,-0.3080535,-0.7194667,-0.7653372,-0.7384469,0.0513761,-0.4119136,0.0000064,0.4119055,-0.0513985,0.7384493
78.4605636,-3.4441361,-1.8397674,-0.6944532,-0.5913358,-0.3716402,-1.1076855,-0.6679947,-0.4283528,-0.6237227,0.0000062,0.6237118,0.4283245,0.6679995
79.0629348,-3.4397377,-2.5132708,-1.5941829,-0.7983422,-0.8702817,-1.2422237,-1.0322968,-0.4448543,-0.0791354,0.0000064,0.0791231,0.4448259,1.0323016
71.5871963,-1.6808104,-2.6208114,-2.899899,-0.6129103,-0.7548342,-1.2781867,-1.5473544,-0.2488365,-0.0281194,0.0000069,0.0281094,0.2488101,1.5473582
73.9736862,-2.438673,-1.9537749,-1.7956023,-1.3156223,-1.2549638,-1.0720715,-0.8831325,-0.5073056,-0.1833556,0.0000062,0.1833454,0.5072794,0.883136
82.9646224,-4.4522004,-2.6980171,-1.0212717,-0.3945341,-0.2981911,-0.8214403,-0.4008675,-0.2444265,-0.0726608,0.0000061,0.0726512,0.2443967,0.4008722
72.9971923,-2.1829066,-2.7244052,-2.8122701,0.1867466,-0.4609475,-1.7037005,-1.7384533,-0.4970734,-0.7140166,0.0000073,0.7140069,0.4970469,1.7384572
76.026802,-3.6247196,-2.551454,-0.9951015,-0.0011382,-0.6691217,-1.0202865,-0.6806045,0.1988955,0.1400907,0.0000061,-0.1401024,-0.1989229,0.680609
68.2055053,-2.161189,-2.8962798,-3.3071401,-0.8600526,-0.9712167,-2.204956,-2.0396356,-0.2685165,-0.1560723,0.0000067,0.1560624,0.2684913,2.0396399
63.7683906,-1.1726841,-2.6124558,-3.312397,0.7628427,-0.7109632,-1.13139,-1.5395131,-0.0032604,0.0878736,0.0000069,-0.0878825,0.0032363,1.5395171
69.8438796,-3.8901705,-3.2005085,-1.7179322,-0.5065103,-0.5505738,-1.1577534,-1.3087785,-0.5930088,-0.0531535,0.0000058,0.0531433,0.592983,1.3087832
67.343605,-4.6190619,-2.0327329,-1.0966038,-2.0008025,0.8504281,-1.5505986,-0.412266,-0.0280046,-0.4923565,0.0000044,0.4923455,0.0279815,0.4122727
63.4764556,-2.5062661,-1.7946248,-2.5155487,-1.0117845,0.4637461,-1.1732537,-0.7052176,-0.4003172,-1.2175529,0.0000058,1.2175443,0.4002943,0.7052217
66.4023132,-3.5641312,-1.993267,-1.1686134,-1.43472,-0.698441,-1.1743717,-0.5546913,-0.3925998,-0.3885636,0.000005,0.3885534,0.3925765,0.5546944
62.0439682,-1.4626822,-2.0722041,-2.0796155,-0.7216072,-1.0417399,-1.3039836,-0.4863634,-0.3079857,-0.5761173,0.0000051,0.5761087,0.3079638,0.4863663
58.541851,-1.5538744,-1.9192743,-2.80974,-1.1274576,-0.1597161,-0.4518669,-0.5026832,-0.0641346,-0.1454357,0.0000054,0.1454279,0.0641135,0.5026863
63.8938865,-3.7405748,-2.5916213,-1.6788616,-0.7792611,-0.4853344,-1.0770657,-0.5003695,-0.0145595,0.0839366,0.0000047,-0.0839458,0.0145364,0.5003736
64.9882507,-3.138772,-2.3200254,-0.8140269,-0.5740266,-0.893262,-1.2686266,-0.8522193,-0.1411996,0.0567337,0.000005,-0.0567424,0.1411762,0.852223
69.672554,-4.6167035,-2.2594928,-1.0309667,-1.247508,0.491447,-1.5123567,-0.6079152,0.4860094,0.2814951,0.0000048,-0.2815079,-0.4860337,0.6079211
68.3693618,-3.1004786,-1.7913155,-0.6993885,-0.6122031,-0.7653027,-0.8920341,-0.5787604,-0.236207,-0.3282103,0.0000055,0.3282001,0.2361829,0.5787642
64.1206893,-3.4210205,-1.9713807,-1.0750327,-0.6214046,0.2105365,-0.725343,-0.7215373,-0.2633553,0.1990639,0.0000048,-0.1990728,0.2633326,0.7215404
63.0500183,-3.7087402,-2.1300549,-1.1920881,-0.28162,-0.3580618,-1.3085446,-0.5463541,0.1414027,-0.3882675,0.0000051,0.3882581,-0.1414249,0.5463586
72.2032623,-3.4827699,-2.4113965,-1.798336,-1.4323678,0.0977621,-0.4213009,0.0048084,0.1938024,0.0476241,0.0000053,-0.0476336,-0.1938276,-0.0048051
62.1391487,-1.8090391,-2.7632822,-3.1339221,-0.210063,-0.0474534,-0.8501263,-1.0328257,0.3485403,0.4057941,0.0000059,-0.4058022,-0.3485627,1.0328288
58.1572227,-1.0051703,-1.9682149,-2.9473209,-0.2806144,-0.5358629,-1.3494291,-1.0506122,0.4390986,0.2752787,0.0000056,-0.2752864,-0.4391202,1.050615
67.0252304,-2.2314643,-0.783834,-1.1998229,-0.2937846,0.4351039,-1.4056797,0.1276963,0.6932964,-0.1416568,0.0000048,0.1416465,-0.69332,-0.1276903
58.248413,-2.1123919,-1.9869117,-2.2194437,-0.4099479,0.2264066,-1.3844799,-0.4942446,0.6858846,-0.0596776,0.0000049,0.0596691,-0.685905,0.4942498
65.0160675,-3.0781145,-2.0568332,-1.0574841,0.1430945,0.0000339,-0.5321674,-0.5458605,-0.0568614,0.1033359,0.0000052,-0.1033447,0.056838,0.5458641
70.6811141,-4.5604119,-2.948616,-1.6850666,-0.8909288,-0.2797313,-1.1455187,-0.3734257,0.2017143,-0.065625,0.0000052,0.0656147,-0.2017391,0.3734305
76.2558593,-4.1021523,-2.5058245,-1.1366682,-0.2574677,0.1969514,-0.8467823,-1.1159074,-0.953057,-0.0356393,0.0000058,0.0356283,0.9530292,1.1159095
70.8983001,-2.1022343,-2.1235876,-1.9954104,0.2658753,-0.0241365,-1.6243906,-2.0694,-1.2816421,-0.8892738,0.0000069,0.8892657,1.2816164,2.0694038
67.6616821,-0.5562077,-1.9336457,-2.1505002,1.0038819,-0.598362,-1.3921298,-1.9222626,-0.6103072,-0.8728879,0.0000075,0.8728794,0.6102831,1.9222655
61.8112525,0.0532894,-2.196227,-3.7179911,1.177721,-0.490119,-1.3209757,-1.7631692,-0.5049188,-0.8523437,0.0000074,0.8523362,0.5048945,1.7631733
69.4783325,-3.7936601,-1.5000271,-0.1345453,-0.594017,0.1369729,-0.9196291,-1.0618007,-1.2325124,-0.7424809,0.0000053,0.742471,1.2324872,1.061805
63.7387542,-2.4528441,-1.7168335,-1.4035019,-0.2214398,-0.5472131,-1.6027741,-1.3175606,-0.6011627,-0.7134341,0.0000058,0.7134242,0.6011398,1.3175647
63.9348983,-2.153059,-1.7979607,-1.7082247,-0.7572174,-0.2928777,-1.1228294,-1.0876924,-0.4176128,-0.3982007,0.0000057,0.3981907,0.4175899,1.087696
76.7281265,-4.8340682,-2.4879169,-0.9369727,-0.5485229,0.5182161,-0.6256762,-0.4333017,-0.1034994,-0.0130532,0.0000056,0.0130419,0.1034725,0.4333067
70.0004043,-3.653686,-2.2032418,-1.2766141,-0.3750019,0.2181802,-1.6293749,-1.2521381,-0.3456869,-0.2997394,0.0000056,0.299729,0.3456607,1.2521421
72.7936325,-4.0742621,-2.5386929,-0.4898682,0.1011868,-0.9618922,-1.1085996,-0.9844372,-0.7826946,-0.2779281,0.0000056,0.277918,0.7826683,0.9844413
73.0924835,-2.6980705,-2.60184,-1.8290991,-0.5036111,-0.5518661,-1.4574828,-1.612101,-0.5899887,-0.2937167,0.0000065,0.2937058,0.589962,1.6121048
67.8477172,-1.455131,-2.4786005,-2.5685644,-0.4584341,-0.7613173,-1.1583209,-1.3751347,-0.583643,-0.2357801,0.0000063,0.2357726,0.5836184,1.3751378
67.5609283,-2.4687714,-1.885066,-1.8576383,-1.5794348,0.0789681,-1.3497357,-1.536771,-0.5472987,-0.0602646,0.0000058,0.0602548,0.5472751,1.5367746
68.6101074,-2.0924072,-1.7026333,-1.8484754,-0.7699623,-0.2101564,-0.8939562,-0.7213829,-0.1104479,-0.3035976,0.000006,0.3035877,0.1104238,0.7213869
62.8543853,-1.3877234,-1.7548832,-2.0522055,-1.0584616,-0.5076838,-0.6456852,-0.4597905,0.0316427,-0.3240893,0.0000056,0.3240805,-0.0316654,0.4597945
69.4695663,-3.3930139,-1.993061,-0.8858877,-0.5003381,0.0922799,-1.3055138,-0.8586109,-0.3179991,-0.3943665,0.0000054,0.394355,0.317975,0.8586147
65.8519668,-3.185235,-1.7402324,-1.214147,-0.7899008,-0.2063756,-0.5213904,-0.4956212,-0.2667265,-0.0634196,0.0000053,0.0634103,0.2667029,0.4956238
72.659111,-5.2657017,-3.0758337,-1.1969008,-0.0839925,0.5865107,-0.6347089,-0.6268415,-0.194556,-0.1595689,0.0000056,0.159559,0.1945295,0.6268461
66.7558746,-3.2274599,-2.7111825,-2.0256214,-0.2004061,0.3338695,-0.5583501,-0.754333,-0.0814171,0.0124438,0.0000057,-0.0124531,0.0813928,0.7543373
75.9330673,-4.8643865,-2.9146776,-1.0434279,-0.3478198,0.6237297,-0.4052763,-0.3942437,0.453403,-0.3742173,0.0000065,0.3742053,-0.4534304,0.3942487
77.9894943,-2.841154,-2.2718062,-1.7013044,-0.8073125,-0.2632012,0.1337719,-0.1199019,-0.4219656,-0.2282665,0.0000063,0.2282548,0.4219375,0.119904
74.326622,-3.4936642,-2.9801812,-2.4508833,-1.2516813,-0.2401047,-1.2866625,-1.384833,-0.4872496,-0.0708885,0.0000063,0.0708777,0.4872229,1.3848359
75.6968231,-3.5135231,-2.9610872,-2.0103926,-0.2309256,-0.453382,-1.1008591,-1.0883095,-0.5631025,-0.462794,0.0000065,0.4627844,0.5630739,1.0883131
69.2228012,-2.7928223,-2.4262714,-2.2057437,-0.8394886,-0.0995336,-0.9889265,-0.9874559,-0.2109642,0.0207031,0.0000059,-0.0207123,0.2109387,0.9874585
69.1670227,-2.7106509,-2.4392442,-2.0374689,-0.985488,-0.1717238,-1.3051438,-1.7012114,-0.7560668,-0.1745961,0.0000062,0.1745867,0.7560418,1.7012152
77.0361022,-3.1593995,-2.2320942,-1.1043796,-0.0067096,-0.2923284,-0.522428,-0.8874819,-0.6334679,0.0254235,0.0000063,-0.0254327,0.6334405,0.8874855
72.8336791,-3.8631448,-2.6140732,-1.2736124,-0.3246345,-0.7168179,-1.4115109,-1.2336976,-0.669081,-0.4405386,0.000006,0.4405288,0.6690543,1.2337028
74.4293746,-2.2163066,-1.7121839,-1.0187759,-0.7284884,-1.2596197,-1.0203132,-0.9743979,-0.6642265,-0.2563855,0.0000062,0.2563748,0.6641996,0.9744012
71.904396,-2.8438119,-2.3874468,-1.5340557,-0.0391455,-0.2864218,-0.8032632,-1.0675365,-0.4493651,-0.0636643,0.0000062,0.0636547,0.4493389,1.0675394
72.020111,-2.8676543,-2.7567248,-2.3644909,-0.5564656,0.20193,-0.8453532,-1.441492,-0.3697655,-0.1544514,0.0000068,0.1544414,0.3697393,1.4414954
67.7676467,-3.5888667,-2.7258191,-2.0581479,-0.7877617,-0.3652039,-1.3766751,-1.0705478,-0.2312095,-0.3436531,0.0000058,0.3436437,0.231184,1.0705525
65.8956985,-1.3896265,-2.3386173,-3.1537141,-0.6981616,-0.0863381,-1.1889328,-1.3711066,-0.3453052,-0.4644023,0.0000065,0.464393,0.3452809,1.3711102
75.5060882,-4.8325877,-2.2036967,-0.885232,-1.4282665,0.9083267,-1.0210041,-0.3259058,0.024781,-0.0232872,0.000005,0.0232747,-0.0248079,0.325911
77.9297103,-4.5980858,-2.526587,-0.7861114,0.2159495,0.2667127,-0.9214836,-0.4873288,-0.0039804,-0.3265128,0.000006,0.3265006,0.003952,0.4873338
72.3674392,-1.9456996,-2.4571881,-2.9835147,-1.1361846,-0.4742341,-1.5715298,-1.3960912,-0.6232004,-0.6942005,0.0000067,0.6941905,0.6231751,1.396095
77.0933151,-2.804656,-2.3385109,-1.2135634,0.0308867,-0.7449927,-0.3260822,-0.7882135,-0.8191521,0.0008878,0.0000063,-0.0008986,0.8191247,0.7882178
76.2065353,-3.2108283,-1.9169287,-1.3245391,-1.0076689,-0.5497055,-1.0336441,-1.2246162,-0.8157812,-0.2226437,0.0000063,0.222633,0.8157546,1.2246203
73.8261489,-3.6097831,-3.3960003,-2.9256291,-0.9713536,-0.5137868,-1.286416,-1.0611712,-0.0323691,-0.3306124,0.0000066,0.3306014,0.0323422,1.0611751
68.1862106,-2.1206741,-2.9300045,-3.2278642,-0.7300982,-0.5871773,-0.655417,-0.9109455,-0.1622913,-0.3139198,0.0000067,0.3139112,0.1622658,0.910948
71.9787063,-3.5699586,-2.1537847,-1.4572739,-1.2558512,-0.2704082,-1.081439,-0.8349338,-0.4959073,-0.2660505,0.0000056,0.2660402,0.4958811,0.8349371
79.3758544,-5.3148536,-3.6206111,-1.8478403,-0.6344838,0.1458302,-0.7432852,-0.4019895,0.2524161,0.3491676,0.0000058,-0.34918,-0.2524447,0.4019937
70.6892547,-1.8612518,-2.6417779,-3.0829725,-0.2781539,-0.7024755,-1.4060783,-1.398544,-0.3370783,-0.3306831,0.0000068,0.3306731,0.3370523,1.3985483
68.3842544,-2.8472957,-2.7386145,-2.4595494,-1.1022167,-0.613905,-1.3372793,-0.7681599,-0.1173804,-0.3085942,0.0000057,0.3085847,0.1173561,0.7681634
77.9414062,-3.530889,-3.0271911,-2.439455,-0.5643768,0.0443864,-0.4387159,-0.8140895,-0.4792135,-0.2313279,0.0000067,0.231318,0.4791851,0.8140936
73.1107788,-2.8555717,-3.4990696,-3.2865848,0.2588024,0.0671215,-1.0374379,-1.4633469,-0.3554482,-0.8908661,0.0000076,0.8908569,0.3554213,1.4633505
75.3190231,-3.6749162,-3.0737948,-2.5440526,-0.8273983,0.197155,-1.191061,-1.0326132,-0.3881624,-0.616961,0.0000065,0.6169507,0.388135,1.0326168
74.36734,-3.6956052,-2.5030179,-1.8440122,-1.0824151,0.2802038,-0.3737526,-0.4416959,-0.1329372,-0.1049618,0.000006,0.1049509,0.1329107,0.4417
72.6927795,-3.4808335,-2.2402486,-0.9741135,-0.0968165,0.1297955,-0.3902478,-0.0131264,0.5167291,0.0747738,0.0000056,-0.0747839,-0.5167556,0.0131302
76.8784561,-3.5359373,-2.5414185,-1.6807332,-0.8281789,0.0219798,-1.1584177,-1.0361354,-0.1844857,0.0542387,0.0000062,-0.0542504,0.1844583,1.0361409
78.6639175,-2.9623966,-1.647984,-0.6372275,0.239264,0.6522446,-0.7747011,-1.2668485,-0.4262176,-0.0293075,0.0000067,0.0292964,0.4261892,1.2668521
74.1744079,-2.4330906,-1.9419593,-1.3734974,-0.2455091,-0.6069689,-1.6573543,-1.3934957,-0.531749,-0.0484785,0.0000061,0.0484682,0.5317221,1.3935003
74.9439773,-2.3874149,-1.3964982,-1.1263856,-1.1182098,-0.5682998,-1.706078,-1.0573277,-0.5582294,-0.6993357,0.0000061,0.6993239,0.5582035,1.0573327
70.7928466,-2.2102494,-2.0197882,-1.4253783,-0.3831115,-0.5579863,-1.4054555,-1.3836326,-0.8211577,-0.9840233,0.0000065,0.9840132,0.8211319,1.3836374
78.7218704,-4.1719088,-2.0986332,-0.9564906,-1.4394779,-0.5567765,-0.8701706,-0.4853516,-0.9774597,-1.0703209,0.0000061,1.0703101,0.9774315,0.4853566
71.6710586,-2.5298042,-1.9643545,-1.7956285,-1.7002053,-0.6760402,-1.3809585,-1.5733785,-0.8898268,-0.1853822,0.0000061,0.1853724,0.8898017,1.5733823
76.6473159,-3.6018218,-1.9433717,-0.38307,0.0425391,-1.2997918,-1.1179261,-0.4396436,-0.0714507,-0.4438037,0.0000062,0.4437926,0.0714228,0.4396489
75.0102386,-2.6230611,-1.6789717,-0.8613162,-0.537241,-0.263618,-0.9973197,-0.7500453,-0.2954559,-0.2699578,0.000006,0.2699465,0.2954302,0.7500503
75.5658416,-3.0542845,-3.0380764,-2.2897238,-0.373642,-0.5664639,-0.791862,-1.2370429,-0.6111596,-0.0496353,0.0000067,0.0496246,0.6111317,1.237046
69.8914489,-3.0818467,-2.5695405,-2.2209138,-0.704617,-0.1076522,-1.3981118,-1.0318157,-0.1651297,-0.2510036,0.0000059,0.2509936,0.1651037,1.03182
74.6957168,-3.9652266,-3.1285786,-2.5030088,-1.2051005,0.026402,-1.0511531,-0.7683415,-0.2758534,-0.5666773,0.0000063,0.5666666,0.2758272,0.7683456
70.6702957,-3.5284361,-1.8346557,-0.9982486,-1.1431155,0.2142482,-0.8742538,-0.6707699,-0.4390907,-0.5256423,0.0000056,0.5256316,0.4390655,0.6707728
71.3145904,-1.7961187,-1.5205259,-0.9064236,0.3172898,0.1731048,-0.4460282,-0.5804584,-0.1516311,-0.4213376,0.0000063,0.4213284,0.1516056,0.5804622
77.176712,-4.339148,-3.0365438,-1.6851534,-0.9958849,-0.6719847,-1.1851639,-1.294887,-0.6230617,0.2338661,0.000006,-0.233876,0.6230338,1.2948896
70.5332412,-3.6056532,-2.6041722,-1.6013979,-0.9705434,-0.6160192,-1.3174672,-1.0134358,-0.542917,-0.5445794,0.0000058,0.5445689,0.5428913,1.0134406
74.9300842,-4.0621681,-2.352684,-0.9517894,-0.5082931,-0.9016238,-0.6858439,-0.3452258,-0.1990347,0.0740271,0.0000056,-0.0740376,0.1990077,0.3452303
75.2123947,-3.642178,-2.4734439,-1.5149197,-1.4294543,-0.0010729,-1.09451,-0.4038236,-0.1030817,-0.1523448,0.0000053,0.1523344,0.1030552,0.4038284
72.8545455,-3.0228881,-1.992989,-1.0243358,0.1142306,0.3037353,-0.8536282,-1.1103999,-0.0002127,0.0331652,0.0000064,-0.0331753,0.0001864,1.1104042
75.2190551,-3.9398856,-1.8566303,-1.2924971,-1.3195891,0.0917187,-1.0938258,-0.9295166,-0.316659,0.2319071,0.0000056,-0.2319181,0.3166332,0.9295202
71.6082305,-2.2615804,-2.4009451,-2.0281305,0.2707281,-0.633851,-1.3100061,-1.0842773,-0.2924247,-0.4511716,0.0000065,0.4511622,0.2923977,1.0842812
72.6277618,-2.698153,-2.8769469,-2.1934328,-0.5899882,-1.1064176,-0.7974896,-0.7205758,-0.2686408,-0.2503841,0.0000063,0.2503742,0.2686141,0.7205791
68.871643,-2.965434,-2.345292,-2.0621147,-1.370944,-0.5571642,-1.5806193,-1.3870713,-0.7312217,-0.3072659,0.0000057,0.3072552,0.7311971,1.3870759
77.5834121,-3.3236374,-2.4537358,-0.901649,0.2474203,-0.4406962,-0.8384552,-0.9161141,-0.2833106,0.2738782,0.0000061,-0.2738893,0.2832823,0.9161179
83.7426147,-3.6891179,-1.7391662,-0.1722264,0.1330686,0.3715115,-0.2937446,-0.3015487,-0.4388437,-0.3592438,0.0000064,0.3592322,0.4388137,0.301553
76.6321716,-2.6604204,-2.5445122,-2.5759315,-0.7170534,-0.6978712,-1.8642215,-1.7201633,-0.7332444,-0.5953285,0.000007,0.5953173,0.7332163,1.7201678
75.6336364,-2.151658,-2.121715,-1.5275011,-0.7327132,-0.9093295,-1.4784402,-1.0944631,-0.5589066,-0.2434422,0.0000061,0.2434306,0.5588794,1.0944669
72.343048,-2.2889742,-2.690659,-3.1240193,-0.7913961,-0.278091,-1.352848,-1.2816338,-0.0057902,-0.0175205,0.0000067,0.0175118,0.0057631,1.2816381
69.8199691,-2.1746401,-2.2812523,-3.0872135,-1.2311749,0.1663008,-1.451828,-1.1328618,0.079622,-0.1839241,0.0000063,0.1839139,-0.0796464,1.1328666
67.8664779,-1.8065676,-1.5840253,-1.6303701,-1.2474298,-0.6005974,-0.5460501,-0.4294262,-0.5704327,-0.4852172,0.0000056,0.485208,0.5704095,0.4294305
64.1278228,-1.5269432,-2.4311146,-3.0959179,-1.0693635,-0.6391253,-1.2989287,-1.3743152,-0.2621622,-0.0963965,0.0000061,0.0963882,0.2621393,1.3743188
61.9149322,-1.4055624,-1.9590001,-2.9131288,-1.1658024,-0.9073592,-1.1394956,-0.6854827,-0.5119664,-0.0507609,0.000005,0.050753,0.5119447,0.6854856
72.7706298,-4.2630486,-2.9342317,-1.4406409,0.1437483,0.1560426,-0.8185263,-0.4647248,0.1818807,-0.0611558,0.0000057,0.0611454,-0.1819079,0.4647307
72.073265,-3.8444595,-3.2111186,-2.1306743,-0.2371802,-0.3222537,-1.0647559,-1.2731034,-0.3289433,0.1857546,0.0000061,-0.1857648,0.3289163,1.2731065
66.2385101,-3.0489768,-2.3369984,-1.7117791,-0.114574,0.0687676,-1.4659481,-1.3039903,-0.7678845,-0.5977332,0.0000056,0.5977239,0.7678609,1.3039953
75.4750747,-4.5361785,-2.0476713,-0.703702,-1.0630402,-0.6098652,-1.3079056,-0.8681896,-0.554683,0.0018777,0.0000054,-0.0018886,0.5546565,0.8681946
68.9794998,-3.1295909,-2.1587052,-1.1528882,-0.3305697,-0.4573088,-1.5842313,-1.6192076,-1.1508586,-0.2698013,0.0000055,0.2697921,1.1508328,1.6192114
83.4474334,-4.3221759,-2.1716127,-0.5620842,-0.3555417,-0.1634674,-0.8294774,-0.3651445,-0.3308356,-0.4391283,0.0000062,0.4391153,0.3308067,0.3651493
73.4685592,-2.3174824,-2.3089957,-2.1616854,-0.8930102,-0.8160992,-1.5440144,-1.307631,-0.3293617,-0.4111766,0.0000066,0.4111659,0.3293352,1.307636
72.3765029,-2.8281054,-2.4683418,-1.4215741,-0.3134546,-0.9936319,-1.4524941,-1.1112828,-0.3450022,-0.3998009,0.0000062,0.3997908,0.3449764,1.1112866
70.6457214,-3.0621743,-2.468573,-2.0475773,-0.3195467,-0.3819876,-1.751594,-1.6322259,-0.7126205,-0.3969325,0.0000062,0.3969223,0.7125947,1.6322302
70.461502,-3.5281586,-2.592,-1.7975525,-0.803845,-0.1471353,-0.9871703,-0.8958747,-0.0017822,0.1849506,0.0000057,-0.1849616,0.0017564,0.8958771
80.4755096,-3.0757608,-1.8287467,-0.8263317,-0.0542164,-0.1911912,-0.6405287,-0.8920889,-0.3995872,-0.0097104,0.0000066,0.0097004,0.3995593,0.8920932
73.0411529,-3.263607,-2.2639961,-1.3042054,-0.6703768,-0.5838246,-0.8363057,-0.3789532,-0.0887382,0.1773143,0.0000054,-0.1773244,0.0887117,0.3789561
76.2914581,-3.5095806,-2.2183165,-1.3579106,-0.5724521,0.0462422,-1.2202553,-0.7803979,-0.0750887,-0.0632134,0.0000059,0.0632021,0.0750618,0.7804024
70.6832504,-1.9207715,-2.7496299,-2.8351469,-0.7569947,-0.9514509,-1.256617,-1.3426661,-0.3292499,-0.3182019,0.0000068,0.3181937,0.3292236,1.3426702
75.8802947,-5.2347722,-2.8761014,-0.7122116,0.1881137,0.1046214,-1.1590371,-1.0420618,-0.1287081,0.3777049,0.0000056,-0.3777157,0.1286802,1.0420658
83.4933471,-3.528747,-2.5578985,-1.1808457,0.2009554,-0.4979539,-0.272532,0.1288757,0.2697525,-0.3016474,0.0000068,0.3016347,-0.2697821,-0.128871
81.8836669,-2.3986306,-1.9618215,-1.3557691,0.1609235,0.4207983,0.0496669,-0.4218378,-0.2440846,0.0594313,0.0000068,-0.0594416,0.2440555,0.4218411
80.729103,-4.0931921,-2.6857528,-1.3021717,-0.7352643,-0.6227999,-0.8364153,-0.5290654,-0.4097943,-0.3757173,0.0000063,0.3757056,0.4097652,0.5290692
75.9765396,-4.1226072,-2.9687147,-2.1330556,-1.3740453,0.0715127,-0.7544708,-0.5961392,-0.2120242,-0.2056872,0.000006,0.2056771,0.2119973,0.5961428
80.0298385,-2.9718384,-1.3443269,-0.2770138,-0.5810852,0.2532291,-0.0666485,-0.1472149,-0.3974471,0.0035335,0.0000058,-0.0035443,0.3974192,0.1472189
81.9425125,-4.0475034,-2.2217235,-0.7928462,-0.9260951,-0.2567673,-0.6212964,-0.2116959,-0.3186066,0.1070621,0.0000056,-0.1070728,0.318578,0.2117002
71.5165023,-1.5132594,-2.140294,-2.640912,-1.3536796,-1.0123186,-1.2680554,-1.1429502,-0.9399329,-0.3112887,0.000006,0.31128,0.9399071,1.1429545
76.434761,-3.3890824,-2.7007017,-1.8138484,-0.1291461,0.177969,-0.7597728,-0.2663882,0.0403409,-0.5308032,0.0000062,0.5307915,-0.0403693,0.2663932
68.7339172,-1.7723579,-2.1415047,-2.8163323,-1.3528723,-0.1323414,-0.876226,-1.05568,-0.4172592,-0.4615358,0.0000064,0.4615261,0.4172344,1.0556838
74.8779296,-4.4312901,-2.9923629,-1.612483,-0.3345394,0.2470436,-1.2585573,-1.3378331,-0.4690506,-0.4091957,0.0000064,0.4091844,0.4690242,1.3378367
75.3648223,-2.7687239,-2.3132658,-1.5473299,-0.1157489,-0.5054598,-1.0808076,-1.1088142,-0.7322762,-0.6099931,0.0000066,0.6099833,0.7322478,1.1088178
76.1644592,-3.2895903,-1.4441275,-0.4615622,-0.6886682,0.2288303,-1.2646846,-1.3022847,-0.9457126,-0.4568675,0.000006,0.4568564,0.9456859,1.3022897
73.7084579,-2.4682831,-2.1202988,-1.964519,-0.8027583,-0.4963365,-1.4457426,-1.3026664,-0.6091077,-0.4089836,0.0000064,0.4089735,0.6090815,1.3026704
78.7685852,-3.1470766,-2.1962685,-1.3996634,-0.5928683,-0.561965,-1.1220049,-0.8209388,-0.6399124,-0.5750685,0.0000064,0.5750586,0.6398849,0.8209436
75.6193466,-3.4671039,-3.0036988,-1.8080959,0.0233693,-1.1012296,-1.3787174,-1.4151883,-0.485647,-0.3246934,0.0000068,0.3246825,0.4856191,1.4151923
76.0521926,-3.3624501,-2.5340251,-1.6877651,-0.6585598,-0.4709883,-1.3669333,-1.3299925,-0.7001212,-0.6222965,0.0000066,0.6222862,0.7000937,1.3299961
74.4371719,-4.6386137,-2.8442358,-1.5498604,-1.2664003,-0.6334033,-1.1682457,-1.1542873,-0.6101367,-0.1868533,0.000006,0.1868421,0.6101098,1.1542909
73.4859237,-2.3347158,-1.8589901,-1.4935164,-0.3777895,0.1162925,-1.2069463,-1.0195837,-0.2632344,-0.4104998,0.0000063,0.410489,0.2632081,1.0195884
73.9616699,-4.0295386,-2.5290513,-1.6443443,-1.1570143,-0.0523066,-1.3109607,-1.614911,-0.5506599,-0.0530076,0.0000063,0.0529958,0.5506337,1.6149144
69.3332138,-2.5113739,-2.1593132,-2.2651972,-0.8369866,-0.5921564,-2.194036,-1.407598,-0.1438072,-0.2008773,0.0000058,0.2008677,0.1437829,1.4076032
63.8967742,-1.5328383,-2.9395227,-3.4884634,-0.7280893,-0.6608438,-0.8621731,-0.5484631,0.4818749,-0.387011,0.0000064,0.3870022,-0.4818983,0.5484681
62.9873275,-0.8206096,-1.7696566,-3.160994,-1.2198963,-0.9557939,-1.5854935,-1.2564463,-0.0421977,-0.1209804,0.0000061,0.1209708,0.0421753,1.2564496
73.7813339,-3.3371567,-2.5363039,-1.1284708,0.1996837,-0.0206218,-0.2360406,-0.3891191,-0.3852105,-0.5057916,0.0000061,0.5057814,0.3851836,0.3891234
74.9654998,-3.3227787,-2.3963828,-1.5488753,-0.6393132,-0.130949,-0.7987814,-0.5841689,-0.0135975,-0.1329147,0.0000061,0.1329033,0.013571,0.5841732
69.7485885,-3.3327727,-2.292406,-2.0165486,-1.0927305,-0.2184601,-1.4795532,-1.5656573,-0.5939276,0.1426733,0.0000058,-0.1426835,0.5939023,1.5656611
73.9981536,-4.1793489,-2.2648935,-1.3433976,-1.6103143,-0.0366969,-1.2869482,-0.4273136,-0.3575635,-0.7491189,0.0000054,0.7491073,0.357537,0.4273198
67.1145095,-2.8765974,-2.4046301,-2.2307195,-1.1626362,-1.3147363,-2.0937709,-1.2385463,-0.4471717,-0.7555799,0.0000059,0.7555699,0.4471474,1.2385509
70.541481,-3.7116055,-2.2788262,-0.8725772,-0.4353867,-0.2772021,-0.8929306,-0.6965239,-0.364809,-0.2535899,0.0000055,0.2535794,0.3647828,0.6965282
73.8512191,-3.4449348,-2.8814101,-2.126872,-0.2317619,0.4546785,-0.8664556,-1.457848,-0.7641253,-0.5527185,0.0000068,0.5527081,0.7640979,1.4578516
77.8840789,-3.5393352,-2.4724893,-1.4236211,-0.8157964,-0.3868918,-0.8969951,-1.0981218,-0.8660636,-0.0388718,0.0000061,0.0388603,0.8660352,1.0981259
79.6650924,-2.8769431,-2.4098525,-1.5202903,-0.4412279,-0.4635143,-0.7924085,-0.6606364,-0.7763319,-0.4413716,0.0000063,0.4413612,0.776304,0.6606417
78.1654815,-2.9474997,-2.4664874,-2.0283956,-1.0647931,-1.1922421,-1.960534,-1.4343278,-0.5102229,-0.299428,0.0000066,0.2994164,0.510195,1.4343333
71.3763122,-1.7094063,-2.1628956,-2.7934589,-1.1049695,-1.2832455,-1.8190064,-1.4500095,-0.5646017,-0.3766851,0.0000065,0.3766756,0.5645759,1.4500143
73.3625335,-1.9906516,-2.1006097,-2.25917,-1.2201938,-0.9545269,-1.3002762,-1.289849,-0.6320055,-0.3676781,0.0000066,0.3676684,0.6319785,1.2898526
69.3181381,-3.0676488,-2.4197354,-2.4190292,-1.662395,-0.6332655,-0.6094432,0.006217,0.2447875,-0.1605962,0.0000055,0.1605868,-0.2448115,-0.006212
80.9422836,-4.8829517,-2.4793634,-0.7559414,-0.9410582,-0.42309,-0.5646315,0.121016,-0.0054791,-0.260888,0.0000057,0.2608766,0.0054505,-0.1210103
67.9141464,-2.7870121,-2.7967896,-3.11645,-1.1522173,-0.2170181,-1.5281763,-0.8555904,0.355952,0.0140874,0.0000058,-0.0140984,-0.3559768,0.8555956
69.3755722,-2.9930605,-1.817348,-1.5596122,-0.9887877,-0.6392336,-0.9178567,-0.4879241,-0.1482949,0.0017654,0.0000054,-0.0017741,0.1482694,0.4879274
71.9169769,-4.6238927,-2.6289558,-1.6359834,-2.1703057,-0.9916268,-1.5825352,-0.4738874,0.0941501,0.1419122,0.0000049,-0.1419226,-0.0941753,0.4738929
67.9514617,-3.6642727,-2.3173317,-2.2541732,-1.4386491,1.4172525,-0.881877,-0.6609316,0.3366787,-0.0349421,0.0000055,0.0349302,-0.3367023,0.6609361
64.6279296,-2.1327872,-2.4290103,-2.1891379,-1.2182898,-1.143064,-1.0188477,-1.0864741,-0.0523028,0.2745123,0.0000057,-0.2745215,0.0522792,1.0864787
62.4155387,-3.3974118,-2.5804543,-1.8958778,-0.994926,-0.8378597,-0.7735226,0.0308003,0.0717237,-0.4210171,0.0000048,0.4210083,-0.0717464,-0.0307963
59.4566879,-1.6474995,-2.0221858,-2.5118293,-0.7245111,-0.6787701,-0.8088281,-0.267014,0.1756918,-0.2167753,0.0000052,0.216768,-0.1757137,0.2670174
60.2208709,-2.1433353,-1.3816075,-1.287024,-1.085824,-0.1641064,-1.0183756,0.00229,0.4202684,-0.3707197,0.0000046,0.3707103,-0.4202893,-0.0022855
59.3796424,-2.2928051,-1.3536462,-1.7683365,-1.1396598,-0.0323377,-0.8835335,0.1730342,0.8170718,0.022364,0.0000046,-0.022374,-0.8170927,-0.1730299
68.8135147,-4.3501272,-1.3332314,-0.852871,-0.1670122,-0.0211782,0.0635123,-0.0672452,-0.2400227,0.1723129,0.0000053,-0.1723226,0.2399991,0.0672488
67.2116699,-2.5384659,-2.1843237,-1.9512748,-1.1728272,-0.69941,-1.3474678,-1.2320151,-0.4079249,-0.0666893,0.0000057,0.0666802,0.4079008,1.2320175
68.0139007,-3.2792539,-2.2130608,-0.8025804,-0.3228722,-0.5417204,-1.2029371,-0.8050447,-0.5711832,-0.3636743,0.0000051,0.3636645,0.5711586,0.805049
64.6542358,-2.6479063,-1.873106,-1.4772558,-0.8081384,-0.8286605,-1.387093,-0.7687044,-0.1366513,-0.1142418,0.0000051,0.1142312,0.1366279,0.7687094
69.3014373,-3.431147,-1.2900533,-0.4399204,-0.8866892,0.0205879,-1.8278317,-1.7931134,-0.7745242,-0.0425237,0.0000055,0.0425138,0.7745008,1.7931182
64.7077407,-2.6524882,-2.4554305,-2.5408813,-1.1044697,-0.0293856,-1.4780547,-1.5097553,-0.7111015,-0.612067,0.0000059,0.6120578,0.7110777,1.5097599
71.4985427,-3.8899025,-1.907957,-1.0784597,-0.8199997,0.0033026,-0.7822714,-0.8381153,-0.3404641,0.1854595,0.0000055,-0.1854694,0.3404388,0.8381197
78.2909469,-4.4152989,-2.696362,-0.9582916,-0.2170992,0.313415,-0.0919161,-0.5153787,-0.6647377,-0.1982214,0.0000061,0.1982101,0.6647098,0.5153809
71.160202,-3.796256,-3.0528836,-2.3447871,-1.3226466,0.1195993,-0.8299718,-0.9552448,-0.3177898,-0.1467782,0.0000059,0.1467675,0.3177645,0.9552486
66.0824661,-1.8445506,-2.1629548,-2.6261186,-1.3415622,-0.9381867,-1.2737259,-1.1129424,-0.3112969,-0.2843164,0.0000061,0.2843079,0.3112736,1.112946
70.2836303,-4.2887558,-2.0356144,-0.7845087,-1.0692968,-0.5028152,-1.2719926,-0.6303942,-0.1167479,-0.0089271,0.0000051,0.0089171,0.1167228,0.6303985
65.5620498,-2.7091856,-2.5461068,-2.2196023,-0.8433071,-0.5539489,-1.5643277,-1.1531546,-0.1122694,-0.217924,0.0000057,0.217914,0.112246,1.15316
69.3684234,-2.8828616,-3.8341875,-3.2855587,-0.8199072,-0.8845048,-1.3389053,-0.9496704,-0.2386482,0.1619803,0.0000056,-0.1619894,0.2386229,0.9496737
60.5523071,-1.5528731,-1.7579274,-2.7286911,-1.2519903,0.1431117,-1.4166903,-0.8668075,0.5385282,0.148714,0.0000054,-0.1487225,-0.5385499,0.8668118
68.523056,-2.9846882,-2.520883,-2.5167956,-0.7946863,-0.0784578,-1.6047172,-0.6441469,0.5118551,-0.028944,0.0000056,0.0289329,-0.5118804,0.6441517
56.3965873,-0.6925817,-1.0141334,-2.4615867,-1.0205345,-1.1665787,-1.5107469,-1.0618798,0.0913937,0.0025457,0.0000055,-0.0025541,-0.0914139,1.0618834
67.7908248,-2.8446035,-0.93609,0.0265746,-0.4781804,0.3363976,-0.0421934,0.1057184,-0.288898,-0.2804267,0.0000049,0.280417,0.2888749,-0.1057153
70.5680007,-3.4317526,-2.5916256,-1.7325882,-0.5043125,-0.0755324,-0.6670251,-0.5554991,-0.205091,-0.5747969,0.0000061,0.5747871,0.205065,0.5555034
63.4472961,-0.0436764,-1.6344127,-2.6315209,-0.0992146,-0.5887623,-0.8378053,-1.1589834,-0.3398514,-0.4656571,0.0000066,0.4656491,0.339828,1.1589844
59.7659187,0.0354319,-1.8546428,-3.3104157,-0.4503856,-1.0924072,-1.1874449,-1.6496963,-0.4169353,-0.3104739,0.0000067,0.3104667,0.4169133,1.6497001
66.4818649,-2.2910838,-1.7886309,-2.288897,-2.141509,0.3663864,-0.7343094,-1.7327659,-1.4874835,-0.3813269,0.0000059,0.3813175,1.4874608,1.7327685
56.589466,0.0384817,-1.1462607,-2.8563013,-0.962946,-0.7977295,-0.5688128,-0.8718281,-0.346461,-0.2541511,0.0000058,0.2541441,0.346441,0.8718305
59.3768463,-1.4100823,-1.3648705,-2.4257011,-1.3606486,-0.374258,-1.3494436,-1.118215,-0.3181697,-0.5351363,0.0000056,0.5351283,0.3181484,1.1182184
55.6574478,-0.2495785,-0.0888186,-1.3389153,-0.887765,-0.8178804,-1.1834952,-1.2374396,-0.5399876,-0.2097275,0.0000053,0.2097202,0.5399685,1.2374417
55.2887535,0.2404723,0.0686102,-1.3565213,-1.2557015,-0.7118874,-0.5142331,-0.996218,-0.3202953,0.1546499,0.0000054,-0.1546569,0.320277,0.9962202
53.6378326,-0.789403,-0.2376199,-0.995095,-1.1611948,-0.7548614,-0.6432097,-0.6360471,-0.3028692,-0.3672987,0.000005,0.3672913,0.3028511,0.6360497
62.3240432,-2.7372913,-2.036365,-1.4415941,-0.5226355,-0.3217978,-1.0139565,-1.1170537,-0.5143065,-0.2749444,0.0000054,0.2749361,0.5142846,1.1170575
56.8957901,-1.2609052,-0.3982391,-0.9788528,-1.3211579,-0.7765341,-1.2162144,-0.5729554,-0.34454,-0.6379096,0.0000048,0.6379014,0.3445195,0.5729597
52.3708229,-1.1318535,0.0979519,-0.4646544,-1.4620804,-1.579385,-1.2143883,-0.7167747,-0.3229208,-0.2597001,0.0000045,0.2596929,0.3229028,0.7167778
52.9444427,-1.8866853,-0.6639776,-0.7153125,-0.8886638,-0.6470783,-1.2347662,-0.7914648,-0.163489,-0.069182,0.0000043,0.0691742,0.1634703,0.7914679
53.2317771,-1.0487523,0.5244036,-0.3597903,-1.2235736,-1.7416768,-1.4102334,-1.0619034,-0.6049111,-0.5026366,0.000005,0.502629,0.6048938,1.0619065
52.0323829,-1.2505483,0.2940454,0.292757,-0.4316812,-1.1252725,-0.8062029,-0.9406991,-0.3283291,-0.3162659,0.000005,0.3162581,0.3283111,0.9407027
52.6472778,-0.950387,0.3436031,-0.1502619,-0.9303966,-0.986137,-0.6762502,-0.5797665,-0.5507919,-0.447972,0.0000046,0.4479648,0.5507746,0.5797684
52.6853675,-0.8265133,0.5791087,0.2105403,-0.6689134,-1.0014579,-0.7185061,-0.8432222,-0.5395299,-0.3574239,0.0000049,0.3574169,0.5395119,0.8432248
53.3816146,-1.4965796,0.4461317,-0.4106774,-1.0015664,-1.4051024,-1.221296,-0.7933087,-0.4717316,-0.4718167,0.0000048,0.4718092,0.4717127,0.7933125
51.5150375,-1.3827495,0.2231026,-0.288939,-1.274302,-1.3244664,-0.8683262,-0.6492641,-0.2945155,-0.5442559,0.0000049,0.5442482,0.2944983,0.6492677
52.6015243,-1.2109646,0.2909179,-0.366075,-1.0903143,-0.7565873,-0.9647853,-0.4874301,0.0169736,-0.2645632,0.0000046,0.2645558,-0.0169914,0.4874337
52.5788497,-1.7665753,-0.1100087,-0.3097053,-1.0220479,-1.1602022,-0.9683347,-1.0236134,-0.7090726,-0.5380492,0.0000049,0.5380416,0.7090544,1.0236172
55.9276885,-0.8875084,-0.1012583,-1.0099692,-1.0900588,-0.2415709,-0.7109237,-0.8479696,-0.4587203,-0.5993803,0.0000053,0.5993728,0.458701,0.8479729
52.2487144,-0.8060346,0.1739516,-0.1771998,-0.4316049,-0.9094906,-0.9515064,-1.3460547,-0.7801781,-0.4892572,0.0000052,0.4892498,0.7801594,1.3460574
51.4153366,-1.3750247,0.4034686,-0.4744515,-1.09451,-1.0874335,-0.5264795,-1.0191738,-0.1550038,-0.3342337,0.0000057,0.3342258,0.1549865,1.0191764
51.3793678,-1.7505784,-0.0759988,-0.1311636,-0.7125511,-1.0297164,-1.1356363,-0.612658,-0.2566856,-0.246533,0.0000042,0.2465256,0.2566681,0.6126621
52.4914436,-1.001574,0.6156554,-0.1185417,-0.7066522,-1.1948108,-1.0368392,-0.5876479,-0.5557637,-0.4789476,0.0000045,0.4789413,0.5557466,0.5876515
51.5347328,-1.5670113,-0.1409407,-0.0724134,-0.9446645,-1.2686326,-0.5240982,-0.4256902,-0.3846401,-0.4013163,0.0000045,0.4013091,0.384623,0.4256933
57.0465545,-2.9427585,-0.902248,-0.5977516,-0.5711956,-0.7109776,-0.810905,-0.0424643,-0.2147567,-0.7896148,0.0000046,0.7896059,0.2147371,0.0424683
66.2769241,-2.923798,-1.4356603,-0.6178403,-0.8350811,-0.8182269,-1.2746167,-0.4150672,-0.0484848,-0.0852174,0.0000048,0.0852075,0.0484619,0.4150712
59.2649345,-1.8515205,-1.1452035,-1.4060416,-0.7714963,-0.6154776,-0.9185224,-0.5219107,-0.0849445,-0.0604805,0.0000049,0.0604727,0.0849236,0.5219135
54.6886138,-2.1383867,-1.3129115,-1.4470512,-0.2700953,-0.720943,-1.0750439,-0.5456607,0.6207292,0.108646,0.000005,-0.1086544,-0.6207485,0.5456643
54.295639,-0.8286791,-0.8722759,-1.5266344,-0.1337242,-0.2383368,-0.8679788,-1.0931403,-0.1362457,-0.1297146,0.0000054,0.1297078,0.136227,1.0931437
57.5090332,-3.6764545,-1.5147242,-0.5232778,-0.6378455,-0.334765,-0.5693996,-0.2953124,-0.2556279,0.0592459,0.0000041,-0.0592544,0.255607,0.2953162
69.0268478,-5.1676435,-2.6558299,-1.2506551,-0.8269339,-0.0865288,-1.3682556,-1.0474715,-0.3406899,0.2644792,0.000005,-0.2644889,0.3406651,1.0474758
70.7324066,-4.7682528,-2.4949049,-0.8228231,-0.3413115,0.5153794,-0.8885031,-0.1945364,0.0756376,-0.1977079,0.0000049,0.1976972,-0.0756629,0.1945417
67.2313766,-3.391129,-2.147509,-0.883637,-0.1154013,-0.7664056,-1.0073056,-0.8525887,-0.9169495,-0.6542224,0.0000054,0.6542124,0.9169252,0.852593
65.0691223,-3.7019524,-3.0267806,-1.97546,-0.4107051,-0.4677525,-1.6651744,-1.1256585,-0.1292784,-0.4198887,0.0000055,0.4198794,0.1292548,1.1256639
58.3966903,-0.9890919,-1.952423,-2.932424,0.3050165,0.0235152,-1.3646721,-1.427381,-0.5086167,-0.5088681,0.0000059,0.5088603,0.5085949,1.4273843
73.8654479,-4.5781927,-2.4501132,-0.8630662,-0.5987544,-0.2749639,-0.8855305,-0.3001001,-0.1121085,-0.1615548,0.0000053,0.1615444,0.112083,0.3001044
76.5980453,-3.9667396,-2.8956198,-1.4997277,-0.537488,-0.8134304,-0.8753105,-0.433676,-0.2643914,-0.4868611,0.0000061,0.4868504,0.2643628,0.4336801
71.2568969,-3.6926918,-2.9472875,-2.1663823,-0.3930731,0.1035109,-1.2386579,-0.9277249,0.227675,0.1079464,0.0000059,-0.1079566,-0.2277002,0.9277292
77.1442413,-4.8750591,-2.5861201,-0.9760848,-1.1672649,-0.60607,-0.8084989,-0.0903809,-0.1092851,-0.2105685,0.0000054,0.2105566,0.1092572,0.0903854
73.5181045,-3.5973963,-2.9098763,-2.5496668,-1.0547471,-0.0350027,-1.6029591,-0.9389673,0.3159935,0.0089053,0.000006,-0.008918,-0.31602,0.9389718
70.2914581,-2.5772647,-2.1585669,-1.8982949,-1.3772549,-0.544651,-1.0488934,-0.9064734,-0.4214418,-0.1023111,0.0000057,0.1023015,0.421417,0.9064763
68.1897888,-3.1711277,-2.9040336,-2.5703744,-0.3253088,-0.0716853,-0.8156963,-0.9153047,0.0766127,-0.1403449,0.0000063,0.1403352,-0.076638,0.915309
71.0562515,-4.1010994,-3.2007212,-2.297235,-0.487576,-0.6305752,-1.0237379,-0.9294477,-0.1362562,-0.1583966,0.0000062,0.1583861,0.1362298,0.9294525
69.3310928,-3.4601883,-2.32201,-1.7564554,-0.8349143,0.3962369,-0.9653984,-0.805276,-0.186826,0.0801334,0.0000054,-0.0801433,0.1868017,0.8052798
70.858673,-2.9983024,-2.1761193,-1.3390121,-0.7817717,-0.2705049,-1.1578726,-1.0081453,-0.528969,-0.4118906,0.0000058,0.4118807,0.5289445,1.0081481
71.8495788,-4.9216036,-3.2315249,-1.3354039,0.0002418,-0.4547677,-0.6113582,0.0423992,0.0477488,-0.447176,0.0000054,0.4471659,-0.047776,-0.0423951
73.0237503,-3.2401585,-2.4929676,-1.1490688,0.206665,-0.324255,-0.3214984,-0.6287572,-0.3858163,-0.4645376,0.0000064,0.4645273,0.3857896,0.6287603
73.2030868,-3.5655207,-2.5694422,-0.9940491,0.8810745,-0.5224023,-0.5018206,0.1201909,0.533767,-0.110002,0.0000059,0.1099915,-0.5337949,-0.1201854
80.5349121,-3.6500201,-2.4696025,-0.9836331,-0.024663,-0.7258735,-0.8025399,-0.7865171,-0.5022633,-0.2594848,0.0000066,0.2594733,0.5022328,0.786521
77.0819168,-3.0540304,-2.6984438,-1.7758302,0.1574912,-0.3141375,-0.5959067,-0.763592,-0.3647552,-0.3440948,0.0000067,0.3440846,0.3647268,0.7635961
74.7508773,-3.4857292,-2.482409,-1.8460383,-0.4773917,0.5640902,-1.1152796,-1.0472958,-0.5414352,-0.5830617,0.0000062,0.5830511,0.5414083,1.0473003
67.7210464,-0.8157797,-1.99861,-2.9597525,-0.945653,-0.5050826,-1.1788778,-1.4816031,-0.475843,-0.4614422,0.0000068,0.4614329,0.4758186,1.4816067
75.2773132,-2.7990126,-1.8423271,-1.0794286,-0.299253,-0.2775164,-0.9133187,-0.7548845,-0.6182196,-0.5946975,0.0000062,0.5946869,0.6181927,0.754889
66.3022537,-1.7632207,-2.110928,-2.9560832,-1.2543754,-0.2940226,-1.6434707,-1.8171985,-0.7126276,-0.4137238,0.0000064,0.413715,0.712605,1.8172025
72.2984542,-3.4991278,-2.2738265,-1.1398787,-0.1737814,-0.0146079,-0.6831326,-0.7922053,-0.4204009,-0.1058586,0.0000058,0.1058487,0.4203739,0.7922082
69.3849411,-2.6331815,-2.0418381,-1.4065456,-0.1760025,-0.2292786,-1.9789404,-1.9761824,-0.5823693,-0.2985758,0.0000062,0.2985651,0.5823436,1.9761867
68.1424407,-3.0983386,-2.5335059,-2.0830774,-0.9240985,-0.0141563,-1.0050334,-0.9673968,-0.2950008,-0.3036584,0.0000058,0.3036501,0.2949755,0.9673989
69.9064636,-3.1904106,-1.2418241,-0.1805634,-0.5291853,-0.137516,-1.2544069,-0.6266975,-0.0952923,-0.2435932,0.0000052,0.2435828,0.0952678,0.6267023
69.2078933,-3.48668,-2.1236352,-1.0796828,-0.6022758,-0.6784334,-1.1557569,-1.0279405,-0.4904973,0.1963534,0.0000053,-0.196363,0.4904733,1.0279443
72.5224838,-4.5841774,-1.8721561,-0.4139047,-0.8209563,0.1946425,-0.282526,0.5002861,0.3508027,-0.0144746,0.0000048,0.0144638,-0.3508286,-0.5002813
44.1898727,-1.0497958,-1.2868194,-0.2259371,0.2336402,-0.8560908,0.4780517,-0.2494681,0.0445794,-0.0793908,0.0000045,0.0793847,-0.044596,0.2494695
